probe_cc,test_type,measurement_date,probe_asn,url_category,measurement_outcome,dns_mismatch_score,http_body_length_diff,tcp_connect_ms,resolver_match,header_mismatch
MM,web_connectivity,2022-01-01 00:00:00.000000,AS48048,COMT,ok,0.0258,1.0837,93.42,1,0
IR,http_header_field_manipulation,2022-01-01 04:22:25.229045,AS1588,HUMR,ok,0.0772,0.628,18.05,0,0
CN,whatsapp,2022-01-01 08:44:50.458091,AS4099,HUMR,anomaly,0.3642,2.1533,185.5,0,1
TR,web_connectivity,2022-01-01 13:07:15.687137,AS38379,ANON,ok,0.1261,0.6266,143.33,1,0
ID,vanilla_tor,2022-01-01 17:29:40.916183,AS51222,LGBT,ok,0.1238,0.4086,33.76,1,0
US,http_header_field_manipulation,2022-01-01 21:52:06.145229,AS41628,ECON,ok,0.0522,0.0663,181.58,1,0
RU,web_connectivity,2022-01-02 02:14:31.374274,AS6970,HUMR,anomaly,0.3284,1.1446,27.89,0,1
IN,web_connectivity,2022-01-02 06:36:56.603320,AS25581,REL,ok,0.1249,0.096,150.31,1,0
RU,whatsapp,2022-01-02 10:59:21.832366,AS25884,REL,ok,0.0889,1.2161,5.0,1,0
CN,dns_consistency,2022-01-02 15:21:47.061412,AS23883,ECON,ok,0.0161,1.3709,305.41,1,1
DE,web_connectivity,2022-01-02 19:44:12.290458,AS42772,LGBT,ok,0.0622,1.1618,86.82,1,0
TR,facebook_messenger,2022-01-03 00:06:37.519503,AS33842,HUMR,ok,0.0037,0.0013,108.39,1,0
RU,tcp_connect,2022-01-03 04:29:02.748549,AS13761,POLR,confirmed,0.4633,0.4002,46.87,1,1
IR,tcp_connect,2022-01-03 08:51:27.977595,AS39530,COMT,confirmed,,0.5455,241.48,0,1
BR,whatsapp,2022-01-03 13:13:53.206641,AS19111,COMT,ok,0.2912,1.0033,390.93,1,0
VN,tcp_connect,2022-01-03 17:36:18.435687,AS41369,COMM,ok,0.123,0.8592,46.58,1,0
IN,web_connectivity,2022-01-03 21:58:43.664732,AS28910,LGBT,ok,0.1111,0.0747,37.45,1,0
EG,dns_consistency,2022-01-04 02:21:08.893778,AS47656,NEWS,ok,0.1809,0.4176,115.09,1,0
IR,whatsapp,2022-01-04 06:43:34.122824,AS41369,ECON,confirmed,0.5965,0.2049,383.65,0,1
IR,web_connectivity,2022-01-04 11:05:59.351870,AS15631,REL,anomaly,0.7464,1.0718,190.36,0,1
BY,web_connectivity,2022-01-04 15:28:24.580916,AS34008,COMM,ok,0.1641,0.0642,489.12,0,0
TR,web_connectivity,2022-01-04 19:50:49.809961,AS53867,NEWS,ok,0.2665,0.5313,229.6,1,0
DE,web_connectivity,2022-01-05 00:13:15.039007,AS25581,ANON,ok,0.1346,0.7944,102.94,1,0
TH,web_connectivity,2022-01-05 04:35:40.268053,AS10526,POLR,ok,0.0109,0.266,12.02,1,0
IN,whatsapp,2022-01-05 08:58:05.497099,AS58945,HUMR,ok,0.1012,1.466,217.17,1,0
RU,tcp_connect,2022-01-05 13:20:30.726145,AS15631,POLR,anomaly,0.3847,0.247,85.57,1,1
TH,web_connectivity,2022-01-05 17:42:55.955191,AS50368,SRCH,ok,0.0096,1.5338,16.0,1,1
RU,http_header_field_manipulation,2022-01-05 22:05:21.184236,AS58653,COMM,anomaly,0.8115,0.5336,67.26,0,1
VN,http_header_field_manipulation,2022-01-06 02:27:46.413282,AS47656,ECON,confirmed,0.724,0.0676,368.69,0,0
TR,web_connectivity,2022-01-06 06:50:11.642328,AS13266,REL,ok,0.0328,0.1616,5.0,1,0
DE,web_connectivity,2022-01-06 11:12:36.871374,AS59099,ECON,ok,0.2226,1.2988,167.15,1,0
US,web_connectivity,2022-01-06 15:35:02.100420,AS29606,COMM,ok,0.1189,0.2687,140.49,1,0
IN,tcp_connect,2022-01-06 19:57:27.329465,AS28647,NEWS,ok,0.0968,0.9575,40.13,1,0
PK,web_connectivity,2022-01-07 00:19:52.558511,AS59099,COMM,anomaly,0.6937,1.3222,433.81,1,0
TH,web_connectivity,2022-01-07 04:42:17.787557,AS34008,NEWS,ok,0.0254,0.7551,78.9,1,0
RU,web_connectivity,2022-01-07 09:04:43.016603,AS15061,COMT,ok,0.4305,1.2662,160.96,1,0
MM,telegram,2022-01-07 13:27:08.245649,AS32671,HUMR,ok,0.1194,0.146,70.81,1,0
IR,tcp_connect,2022-01-07 17:49:33.474694,AS49977,HUMR,confirmed,0.4957,0.2056,34.07,0,0
RU,dns_consistency,2022-01-07 22:11:58.703740,AS33842,NEWS,ok,0.3137,0.5423,72.49,1,0
ID,facebook_messenger,2022-01-08 02:34:23.932786,AS51222,REL,ok,0.0213,0.0976,254.9,1,0
DE,web_connectivity,2022-01-08 06:56:49.161832,AS58842,COMT,ok,0.0637,0.7785,111.95,1,0
IR,http_header_field_manipulation,2022-01-08 11:19:14.390878,AS38379,REL,ok,0.0022,1.2609,151.22,1,0
BR,web_connectivity,2022-01-08 15:41:39.619923,AS52615,COMT,ok,0.131,0.2293,71.4,1,0
CN,web_connectivity,2022-01-08 20:04:04.848969,AS9939,LGBT,confirmed,0.7001,0.1501,8.48,0,1
DE,whatsapp,2022-01-09 00:26:30.078015,AS24775,REL,ok,0.0295,1.3205,118.13,1,0
NG,tcp_connect,2022-01-09 04:48:55.307061,AS23227,COMT,ok,0.1194,0.6037,26.59,1,1
AZ,web_connectivity,2022-01-09 09:11:20.536107,AS36237,NEWS,failure,0.1287,1.0152,372.15,0,1
RU,web_connectivity,2022-01-09 13:33:45.765153,AS6970,ECON,ok,0.044,0.5581,5.0,1,0
CN,web_connectivity,2022-01-09 17:56:10.994198,AS46987,ANON,anomaly,0.7891,2.7811,189.38,0,1
RU,tcp_connect,2022-01-09 22:18:36.223244,AS53867,REL,ok,0.1912,1.166,88.63,1,0
RU,web_connectivity,2022-01-10 02:41:01.452290,AS25884,COMT,ok,0.12,0.6922,5.0,1,0
TH,http_header_field_manipulation,2022-01-10 07:03:26.681336,AS41085,NEWS,confirmed,0.8909,0.4347,75.83,0,0
TH,whatsapp,2022-01-10 11:25:51.910382,AS17131,SRCH,ok,0.0378,0.7608,92.27,1,1
PK,web_connectivity,2022-01-10 15:48:17.139427,AS39530,SRCH,ok,0.1449,1.1684,66.32,1,0
NG,whatsapp,2022-01-10 20:10:42.368473,AS33842,HUMR,ok,0.0167,0.7783,72.15,0,0
BY,web_connectivity,2022-01-11 00:33:07.597519,AS17131,HUMR,ok,0.3743,0.7467,250.74,1,0
RU,http_header_field_manipulation,2022-01-11 04:55:32.826565,AS22895,NEWS,ok,0.0357,0.3582,18.99,1,0
IR,tcp_connect,2022-01-11 09:17:58.055611,AS58945,SRCH,ok,0.2679,0.022,419.24,1,0
TR,web_connectivity,2022-01-11 13:40:23.284656,AS41369,REL,ok,0.4548,0.761,5.0,1,0
BY,web_connectivity,2022-01-11 18:02:48.513702,AS41085,COMT,anomaly,,0.4727,,0,1
DE,telegram,2022-01-11 22:25:13.742748,AS28647,ANON,ok,0.501,0.9198,94.91,1,0
US,web_connectivity,2022-01-12 02:47:38.971794,AS24775,COMT,ok,0.0128,0.8378,377.05,1,0
CN,dns_consistency,2022-01-12 07:10:04.200840,AS20553,HUMR,anomaly,0.7264,0.8851,281.13,0,1
NG,web_connectivity,2022-01-12 11:32:29.429885,AS15061,SRCH,ok,0.2575,0.8337,142.95,1,0
KZ,dns_consistency,2022-01-12 15:54:54.658931,AS32635,HUMR,anomaly,0.5042,0.5517,198.63,1,0
TR,dns_consistency,2022-01-12 20:17:19.887977,AS40389,COMT,anomaly,0.7558,1.1112,92.0,1,1
NG,dns_consistency,2022-01-13 00:39:45.117023,AS47656,HUMR,ok,0.0086,1.0582,281.11,1,0
TR,web_connectivity,2022-01-13 05:02:10.346069,AS40389,ANON,ok,0.1576,2.0825,37.68,1,0
MM,http_header_field_manipulation,2022-01-13 09:24:35.575115,AS55374,COMM,ok,0.1809,1.482,84.78,1,0
DE,web_connectivity,2022-01-13 13:47:00.804160,AS13761,COMM,ok,0.2167,1.1912,208.81,1,0
TR,web_connectivity,2022-01-13 18:09:26.033206,AS29606,LGBT,anomaly,0.5526,0.6561,89.4,1,1
IN,dns_consistency,2022-01-13 22:31:51.262252,AS35011,COMT,ok,0.292,2.5011,211.98,1,0
RU,dns_consistency,2022-01-14 02:54:16.491298,AS25581,COMM,ok,0.1166,0.7405,5.0,1,0
AZ,web_connectivity,2022-01-14 07:16:41.720344,AS20553,ECON,confirmed,0.786,0.1162,5.0,1,1
ID,dns_consistency,2022-01-14 11:39:06.949389,AS13266,ANON,ok,0.0401,0.9521,110.06,1,0
DE,dns_consistency,2022-01-14 16:01:32.178435,AS28647,LGBT,ok,0.0509,0.165,132.63,1,0
CN,web_connectivity,2022-01-14 20:23:57.407481,AS34008,HUMR,anomaly,0.4816,0.4833,95.09,0,1
VN,http_header_field_manipulation,2022-01-15 00:46:22.636527,AS51222,HUMR,ok,0.1304,0.7678,91.92,1,0
DE,facebook_messenger,2022-01-15 05:08:47.865573,AS25581,LGBT,ok,0.1126,1.1202,181.5,1,0
CN,dns_consistency,2022-01-15 09:31:13.094618,AS54883,COMT,confirmed,0.4777,1.1482,334.42,0,1
RU,tcp_connect,2022-01-15 13:53:38.323664,AS32671,SRCH,anomaly,0.7924,1.0477,105.5,0,1
KZ,web_connectivity,2022-01-15 18:16:03.552710,AS47656,REL,ok,0.0308,1.0192,21.14,1,0
MM,tcp_connect,2022-01-15 22:38:28.781756,AS41369,HUMR,ok,0.0378,2.1074,70.46,1,0
BY,http_header_field_manipulation,2022-01-16 03:00:54.010802,AS2072,COMM,anomaly,0.6397,0.7249,146.29,1,1
DE,http_header_field_manipulation,2022-01-16 07:23:19.239847,AS19111,NEWS,confirmed,0.8345,0.1976,10.26,1,1
PK,telegram,2022-01-16 11:45:44.468893,AS8947,HUMR,anomaly,,3.3603,79.92,0,1
BR,web_connectivity,2022-01-16 16:08:09.697939,AS50368,REL,ok,0.1636,2.0746,128.89,1,1
IN,web_connectivity,2022-01-16 20:30:34.926985,AS7926,COMT,anomaly,0.595,1.3115,5.0,1,0
BY,web_connectivity,2022-01-17 00:53:00.156031,AS32635,REL,ok,0.0804,1.6278,23.71,1,0
FR,tcp_connect,2022-01-17 05:15:25.385077,AS13761,COMM,ok,0.0941,0.8027,122.25,1,0
KZ,whatsapp,2022-01-17 09:37:50.614122,AS22453,ECON,ok,0.0093,0.4661,33.17,0,0
PK,web_connectivity,2022-01-17 14:00:15.843168,AS4899,REL,failure,0.832,0.5804,19.66,0,0
PK,web_connectivity,2022-01-17 18:22:41.072214,AS8947,LGBT,confirmed,0.2898,0.3172,128.15,0,1
VN,http_header_field_manipulation,2022-01-17 22:45:06.301260,AS34008,POLR,ok,0.0478,0.0044,36.46,1,0
AZ,web_connectivity,2022-01-18 03:07:31.530306,AS58653,LGBT,ok,0.1474,1.6185,20.87,1,0
US,web_connectivity,2022-01-18 07:29:56.759351,AS58653,ANON,ok,0.0292,1.3358,,1,0
IR,web_connectivity,2022-01-18 11:52:21.988397,AS45204,ECON,confirmed,0.8057,0.0049,287.99,0,1
PK,dns_consistency,2022-01-18 16:14:47.217443,AS50319,LGBT,ok,0.0382,0.4378,67.43,1,0
UZ,dns_consistency,2022-01-18 20:37:12.446489,AS23883,LGBT,confirmed,0.8325,0.0146,15.55,0,1
TR,web_connectivity,2022-01-19 00:59:37.675535,AS42135,COMM,ok,0.1679,0.3721,,1,0
MM,dns_consistency,2022-01-19 05:22:02.904580,AS25884,LGBT,anomaly,0.4531,0.7775,136.2,1,1
CN,telegram,2022-01-19 09:44:28.133626,AS55961,LGBT,anomaly,0.4189,0.1697,341.15,1,1
TH,web_connectivity,2022-01-19 14:06:53.362672,AS53867,REL,ok,,0.4313,,1,0
VN,http_header_field_manipulation,2022-01-19 18:29:18.591718,AS28647,REL,ok,,0.0613,84.22,1,0
BR,http_header_field_manipulation,2022-01-19 22:51:43.820764,AS53867,ANON,ok,0.108,0.6248,157.2,1,0
PK,telegram,2022-01-20 03:14:09.049809,AS58569,REL,ok,0.0167,1.0554,226.44,1,0
MM,http_header_field_manipulation,2022-01-20 07:36:34.278855,AS29606,HUMR,anomaly,0.3641,1.2857,134.49,0,0
KZ,http_header_field_manipulation,2022-01-20 11:58:59.507901,AS10526,ANON,ok,0.1834,0.1445,218.89,0,1
KZ,tcp_connect,2022-01-20 16:21:24.736947,AS36237,COMM,ok,0.0734,1.1914,61.41,1,0
RU,web_connectivity,2022-01-20 20:43:49.965993,AS50319,COMT,anomaly,0.7396,1.297,,0,1
IR,dns_consistency,2022-01-21 01:06:15.195039,AS36237,ANON,confirmed,0.4177,0.0473,28.34,1,0
BY,dns_consistency,2022-01-21 05:28:40.424084,AS19698,REL,ok,0.0929,0.8796,59.49,1,0
TH,web_connectivity,2022-01-21 09:51:05.653130,AS10526,POLR,ok,0.0009,1.2489,5.0,1,0
TR,web_connectivity,2022-01-21 14:13:30.882176,AS36237,COMT,anomaly,0.5086,1.3447,141.42,1,1
RU,web_connectivity,2022-01-21 18:35:56.111222,AS44761,REL,confirmed,0.6055,0.4707,63.24,0,1
TR,web_connectivity,2022-01-21 22:58:21.340268,AS44761,COMM,ok,0.0851,0.8797,269.84,1,0
IN,tcp_connect,2022-01-22 03:20:46.569313,AS4263,ANON,ok,0.1302,1.0704,5.0,1,0
PK,telegram,2022-01-22 07:43:11.798359,AS29338,REL,anomaly,0.4941,0.1713,,0,1
RU,web_connectivity,2022-01-22 12:05:37.027405,AS20634,COMT,ok,0.1478,0.431,33.7,1,0
CN,web_connectivity,2022-01-22 16:28:02.256451,AS19111,COMT,anomaly,0.3625,0.1935,435.62,0,1
KZ,vanilla_tor,2022-01-22 20:50:27.485497,AS4899,SRCH,ok,0.2318,1.5677,420.86,1,0
IR,http_header_field_manipulation,2022-01-23 01:12:52.714542,AS55374,HUMR,ok,0.2435,0.2616,140.28,1,0
PK,whatsapp,2022-01-23 05:35:17.943588,AS55374,LGBT,ok,0.1337,0.8188,24.27,1,0
IN,web_connectivity,2022-01-23 09:57:43.172634,AS58842,NEWS,ok,0.3947,1.0893,63.84,1,0
VN,tcp_connect,2022-01-23 14:20:08.401680,AS25294,ECON,ok,0.0264,1.0167,461.9,1,0
RU,tcp_connect,2022-01-23 18:42:33.630726,AS7926,ANON,ok,0.0808,0.911,197.8,1,0
TR,web_connectivity,2022-01-23 23:04:58.859771,AS55374,ECON,ok,0.2196,0.3035,144.69,1,0
IN,web_connectivity,2022-01-24 03:27:24.088817,AS36237,NEWS,ok,0.0236,0.8224,345.69,1,0
AZ,web_connectivity,2022-01-24 07:49:49.317863,AS29338,SRCH,anomaly,0.4745,1.6346,140.23,0,1
BR,web_connectivity,2022-01-24 12:12:14.546909,AS18345,ECON,ok,0.062,0.8033,18.57,0,0
RU,facebook_messenger,2022-01-24 16:34:39.775955,AS8947,COMT,anomaly,0.4576,0.6052,81.37,0,1
MM,web_connectivity,2022-01-24 20:57:05.005001,AS8947,ECON,ok,0.0137,0.1851,21.9,0,0
RU,tcp_connect,2022-01-25 01:19:30.234046,AS15539,NEWS,ok,0.2961,0.0435,88.8,0,0
TH,tcp_connect,2022-01-25 05:41:55.463092,AS39530,SRCH,confirmed,0.7513,0.6201,386.45,1,0
CN,web_connectivity,2022-01-25 10:04:20.692138,AS13266,LGBT,anomaly,0.7475,0.3093,,0,1
DE,http_header_field_manipulation,2022-01-25 14:26:45.921184,AS58945,REL,ok,0.048,1.801,65.48,1,0
RU,web_connectivity,2022-01-25 18:49:11.150230,AS42135,COMT,anomaly,0.9226,0.6162,33.83,0,1
BR,web_connectivity,2022-01-25 23:11:36.379275,AS29338,LGBT,ok,0.011,1.0759,37.71,1,0
US,facebook_messenger,2022-01-26 03:34:01.608321,AS48048,HUMR,ok,0.0385,0.6432,19.93,1,0
IN,web_connectivity,2022-01-26 07:56:26.837367,AS28647,SRCH,ok,0.1434,1.7531,128.45,1,0
RU,web_connectivity,2022-01-26 12:18:52.066413,AS35011,POLR,confirmed,0.3471,0.0608,116.15,1,0
AZ,tcp_connect,2022-01-26 16:41:17.295459,AS24775,NEWS,ok,,0.0599,,1,0
MM,http_header_field_manipulation,2022-01-26 21:03:42.524504,AS49724,COMM,ok,0.2342,0.003,387.85,1,0
NG,http_header_field_manipulation,2022-01-27 01:26:07.753550,AS32635,LGBT,anomaly,0.8666,1.0595,91.33,1,1
BR,whatsapp,2022-01-27 05:48:32.982596,AS52965,REL,ok,0.0274,1.3175,58.38,1,0
VN,web_connectivity,2022-01-27 10:10:58.211642,AS47656,ECON,ok,0.0459,0.0058,5.0,1,0
IR,tcp_connect,2022-01-27 14:33:23.440688,AS9939,ECON,anomaly,0.5307,1.2931,87.81,1,1
TH,whatsapp,2022-01-27 18:55:48.669733,AS58945,POLR,ok,0.0005,1.0299,71.34,1,0
TR,web_connectivity,2022-01-27 23:18:13.898779,AS8640,ECON,anomaly,0.3479,0.9735,56.04,0,1
VN,dns_consistency,2022-01-28 03:40:39.127825,AS22453,ECON,ok,0.0794,0.293,183.33,0,1
NG,web_connectivity,2022-01-28 08:03:04.356871,AS48048,ECON,ok,0.2377,1.0636,20.17,1,0
NG,web_connectivity,2022-01-28 12:25:29.585917,AS15539,NEWS,ok,0.0162,0.0903,8.24,1,0
AZ,web_connectivity,2022-01-28 16:47:54.814962,AS50319,HUMR,ok,0.0741,1.4379,53.48,1,0
TR,http_header_field_manipulation,2022-01-28 21:10:20.044008,AS48048,LGBT,confirmed,0.8654,0.1917,331.51,0,1
PK,telegram,2022-01-29 01:32:45.273054,AS22453,COMM,ok,0.0991,0.8585,135.27,1,0
BR,http_header_field_manipulation,2022-01-29 05:55:10.502100,AS7926,COMT,ok,0.2796,0.1429,102.65,1,0
RU,whatsapp,2022-01-29 10:17:35.731146,AS44761,LGBT,ok,0.0228,0.1417,43.85,1,0
IN,web_connectivity,2022-01-29 14:40:00.960192,AS41369,POLR,ok,0.0465,1.8152,246.4,1,1
BY,web_connectivity,2022-01-29 19:02:26.189237,AS23883,ECON,ok,0.0549,1.4246,5.84,1,0
TR,facebook_messenger,2022-01-29 23:24:51.418283,AS2182,REL,ok,0.0634,0.9778,62.11,1,0
DE,whatsapp,2022-01-30 03:47:16.647329,AS8947,COMT,ok,0.0272,1.0487,117.75,1,0
DE,web_connectivity,2022-01-30 08:09:41.876375,AS39530,SRCH,ok,0.008,1.2151,112.81,1,0
NG,http_header_field_manipulation,2022-01-30 12:32:07.105421,AS6970,REL,ok,0.0967,1.261,38.23,1,0
KZ,web_connectivity,2022-01-30 16:54:32.334466,AS36237,COMT,ok,0.0775,0.3552,,1,0
IR,dns_consistency,2022-01-30 21:16:57.563512,AS51947,COMM,failure,0.819,0.077,285.43,0,0
US,whatsapp,2022-01-31 01:39:22.792558,AS9939,SRCH,ok,0.1511,0.3745,19.2,1,0
IN,tcp_connect,2022-01-31 06:01:48.021604,AS15631,ECON,ok,0.0168,0.2531,101.12,1,0
TR,web_connectivity,2022-01-31 10:24:13.250650,AS25581,POLR,ok,0.0217,0.0622,655.48,1,0
UZ,web_connectivity,2022-01-31 14:46:38.479695,AS28647,SRCH,ok,0.0652,1.2404,44.22,1,0
RU,web_connectivity,2022-01-31 19:09:03.708741,AS11241,LGBT,ok,0.2475,0.8428,8.92,1,0
IR,tcp_connect,2022-01-31 23:31:28.937787,AS8947,ANON,anomaly,0.5893,1.4949,79.98,0,0
EG,dns_consistency,2022-02-01 03:53:54.166833,AS2175,COMM,ok,0.1785,0.1494,50.63,1,0
CN,facebook_messenger,2022-02-01 08:16:19.395879,AS9939,COMM,confirmed,0.6901,0.0618,132.47,1,1
EG,tcp_connect,2022-02-01 12:38:44.624924,AS9939,REL,failure,0.7013,1.6163,349.26,1,1
BY,web_connectivity,2022-02-01 17:01:09.853970,AS51947,REL,ok,0.3566,0.0623,,1,0
CN,tcp_connect,2022-02-01 21:23:35.083016,AS17131,SRCH,ok,0.0915,1.1903,125.26,1,0
CN,dns_consistency,2022-02-02 01:46:00.312062,AS50319,SRCH,anomaly,0.2402,1.3344,25.51,0,1
IR,web_connectivity,2022-02-02 06:08:25.541108,AS24775,HUMR,anomaly,0.7583,0.3447,777.17,0,0
CN,web_connectivity,2022-02-02 10:30:50.770154,AS32671,COMT,anomaly,0.7582,1.4968,142.03,0,0
CN,facebook_messenger,2022-02-02 14:53:15.999199,AS2072,POLR,failure,0.6815,0.3945,54.5,1,0
AZ,dns_consistency,2022-02-02 19:15:41.228245,AS51947,NEWS,anomaly,0.5697,0.1691,5.0,0,0
PK,http_header_field_manipulation,2022-02-02 23:38:06.457291,AS51222,LGBT,failure,0.5799,0.3436,1253.98,1,1
RU,dns_consistency,2022-02-03 04:00:31.686337,AS49724,ANON,ok,0.2391,1.341,5.83,1,1
AZ,web_connectivity,2022-02-03 08:22:56.915383,AS24775,POLR,ok,0.0907,1.8565,154.11,1,0
RU,tcp_connect,2022-02-03 12:45:22.144428,AS52615,COMM,ok,0.0523,0.3292,178.44,1,0
VN,whatsapp,2022-02-03 17:07:47.373474,AS2182,ANON,ok,0.007,0.2693,681.43,1,0
IR,web_connectivity,2022-02-03 21:30:12.602520,AS44761,ECON,confirmed,0.4814,0.068,18.73,1,1
RU,web_connectivity,2022-02-04 01:52:37.831566,AS29606,ANON,confirmed,0.6755,0.1077,75.86,0,0
PK,dns_consistency,2022-02-04 06:15:03.060612,AS15061,SRCH,ok,0.1239,1.4755,181.88,1,0
DE,web_connectivity,2022-02-04 10:37:28.289657,AS58653,SRCH,ok,0.0896,0.3955,5.0,1,0
BR,tcp_connect,2022-02-04 14:59:53.518703,AS8947,REL,ok,0.1925,0.4183,168.65,1,0
IN,web_connectivity,2022-02-04 19:22:18.747749,AS2182,POLR,ok,0.0115,1.8607,82.35,1,0
RU,tcp_connect,2022-02-04 23:44:43.976795,AS2182,COMT,anomaly,0.5503,2.2413,24.25,1,0
EG,http_header_field_manipulation,2022-02-05 04:07:09.205841,AS25983,COMM,ok,0.3283,1.1692,57.76,1,1
BY,web_connectivity,2022-02-05 08:29:34.434886,AS25581,REL,ok,0.0225,0.6165,78.96,0,0
RU,web_connectivity,2022-02-05 12:51:59.663932,AS13266,ANON,confirmed,0.5238,0.4817,212.83,0,1
IN,web_connectivity,2022-02-05 17:14:24.892978,AS18345,COMM,ok,0.0852,1.0067,399.95,1,0
BR,web_connectivity,2022-02-05 21:36:50.122024,AS44761,COMT,ok,0.0528,0.0453,111.06,1,0
NG,http_header_field_manipulation,2022-02-06 01:59:15.351070,AS29338,REL,ok,0.0306,0.5617,5.0,1,1
BR,web_connectivity,2022-02-06 06:21:40.580116,AS44761,COMT,ok,0.0339,0.4216,75.56,1,0
VN,http_header_field_manipulation,2022-02-06 10:44:05.809161,AS4099,HUMR,ok,0.1826,0.3418,33.45,1,0
ID,dns_consistency,2022-02-06 15:06:31.038207,AS4099,SRCH,ok,0.2509,0.8437,130.9,1,0
IN,web_connectivity,2022-02-06 19:28:56.267253,AS55374,LGBT,ok,0.0196,1.1841,268.92,1,0
BR,dns_consistency,2022-02-06 23:51:21.496299,AS15539,LGBT,ok,0.2974,1.1326,87.39,1,0
VN,tcp_connect,2022-02-07 04:13:46.725345,AS55961,REL,ok,0.0136,0.0341,16.21,1,0
BR,web_connectivity,2022-02-07 08:36:11.954390,AS58653,COMM,ok,0.0345,0.3558,45.53,1,0
IN,http_header_field_manipulation,2022-02-07 12:58:37.183436,AS15539,SRCH,ok,0.0413,0.7658,164.19,1,0
NG,web_connectivity,2022-02-07 17:21:02.412482,AS35044,HUMR,ok,0.0829,0.2107,179.69,1,0
VN,web_connectivity,2022-02-07 21:43:27.641528,AS8947,NEWS,ok,0.0012,1.1165,63.95,0,0
BR,web_connectivity,2022-02-08 02:05:52.870574,AS42135,ECON,ok,0.1002,1.4204,83.28,1,0
CN,web_connectivity,2022-02-08 06:28:18.099619,AS9939,LGBT,anomaly,0.5568,2.7765,92.64,0,0
US,tcp_connect,2022-02-08 10:50:43.328665,AS17131,REL,anomaly,0.8531,0.3091,91.36,0,0
KZ,dns_consistency,2022-02-08 15:13:08.557711,AS54883,LGBT,ok,0.0234,0.2936,5.0,1,0
AZ,web_connectivity,2022-02-08 19:35:33.786757,AS22453,HUMR,ok,0.0162,0.7978,183.09,1,0
PK,http_header_field_manipulation,2022-02-08 23:57:59.015803,AS50368,COMT,ok,0.2826,0.7438,52.28,1,0
VN,dns_consistency,2022-02-09 04:20:24.244848,AS15539,SRCH,ok,0.0983,0.2847,41.65,1,0
IR,web_connectivity,2022-02-09 08:42:49.473894,AS8947,NEWS,ok,0.3034,0.2081,68.19,1,0
DE,tcp_connect,2022-02-09 13:05:14.702940,AS52965,LGBT,ok,0.0316,0.4197,256.0,0,1
IR,web_connectivity,2022-02-09 17:27:39.931986,AS42772,ECON,ok,0.1366,1.0289,38.73,1,0
MM,telegram,2022-02-09 21:50:05.161032,AS58569,ANON,ok,0.093,0.1958,147.93,1,1
TR,web_connectivity,2022-02-10 02:12:30.390078,AS44761,NEWS,ok,,0.0415,68.34,1,0
PK,dns_consistency,2022-02-10 06:34:55.619123,AS2175,HUMR,ok,0.3469,0.5635,54.68,1,0
MM,telegram,2022-02-10 10:57:20.848169,AS26441,REL,failure,0.358,1.2348,259.55,0,1
KZ,tcp_connect,2022-02-10 15:19:46.077215,AS24775,NEWS,ok,0.0007,0.1639,322.58,1,0
PK,web_connectivity,2022-02-10 19:42:11.306261,AS49724,COMT,failure,0.7719,0.5938,1355.88,1,0
BR,dns_consistency,2022-02-11 00:04:36.535307,AS23227,REL,ok,0.106,0.8311,58.2,1,0
BR,web_connectivity,2022-02-11 04:27:01.764352,AS40389,HUMR,ok,0.0232,0.3158,76.83,1,0
TR,dns_consistency,2022-02-11 08:49:26.993398,AS17131,HUMR,confirmed,0.4188,0.0267,118.89,0,1
IR,tcp_connect,2022-02-11 13:11:52.222444,AS11241,COMM,anomaly,0.3387,0.1795,87.17,1,0
IR,dns_consistency,2022-02-11 17:34:17.451490,AS13266,ECON,anomaly,0.7802,0.8418,244.81,1,1
IR,web_connectivity,2022-02-11 21:56:42.680536,AS2182,REL,ok,0.0345,0.6768,84.69,1,0
TH,dns_consistency,2022-02-12 02:19:07.909581,AS41085,ECON,ok,0.0513,2.3528,,1,0
IR,web_connectivity,2022-02-12 06:41:33.138627,AS2072,REL,failure,0.9848,0.5134,36.78,1,0
EG,web_connectivity,2022-02-12 11:03:58.367673,AS58569,POLR,ok,0.025,0.3036,144.29,1,0
IR,dns_consistency,2022-02-12 15:26:23.596719,AS19698,COMM,failure,0.5836,0.7024,393.18,0,1
FR,http_header_field_manipulation,2022-02-12 19:48:48.825765,AS55961,SRCH,ok,0.0249,0.2324,5.0,1,0
IN,dns_consistency,2022-02-13 00:11:14.054810,AS6146,COMT,ok,0.0852,0.0702,75.62,1,0
IN,web_connectivity,2022-02-13 04:33:39.283856,AS29606,COMT,ok,0.1129,0.7814,53.43,1,0
IN,telegram,2022-02-13 08:56:04.512902,AS46987,COMT,ok,0.0545,0.8611,42.82,1,0
MM,http_header_field_manipulation,2022-02-13 13:18:29.741948,AS52965,COMT,ok,0.0154,0.571,130.14,1,0
CN,web_connectivity,2022-02-13 17:40:54.970994,AS18345,ECON,confirmed,,0.4146,76.53,0,1
BY,facebook_messenger,2022-02-13 22:03:20.200040,AS42772,SRCH,ok,0.2173,0.4043,32.17,1,0
VN,whatsapp,2022-02-14 02:25:45.429085,AS22453,REL,anomaly,0.6402,0.757,13.24,0,1
CN,web_connectivity,2022-02-14 06:48:10.658131,AS15061,ANON,confirmed,0.3458,0.5647,,0,0
RU,http_header_field_manipulation,2022-02-14 11:10:35.887177,AS4099,LGBT,ok,0.1,1.1885,70.1,1,1
PK,dns_consistency,2022-02-14 15:33:01.116223,AS6970,COMM,anomaly,0.5499,1.1063,57.14,0,0
CN,web_connectivity,2022-02-14 19:55:26.345269,AS55961,POLR,confirmed,0.7607,0.3378,5.0,1,1
KZ,web_connectivity,2022-02-15 00:17:51.574314,AS8640,COMT,ok,0.0231,1.2922,149.83,1,0
IR,dns_consistency,2022-02-15 04:40:16.803360,AS2182,COMT,anomaly,0.5673,0.7027,30.62,1,0
NG,web_connectivity,2022-02-15 09:02:42.032406,AS28647,ANON,ok,0.3444,0.5633,25.34,1,0
VN,whatsapp,2022-02-15 13:25:07.261452,AS28910,ECON,anomaly,0.4857,1.2658,5.0,0,0
VN,web_connectivity,2022-02-15 17:47:32.490498,AS25581,COMT,ok,0.1786,0.3598,29.84,1,0
TR,telegram,2022-02-15 22:09:57.719543,AS36237,POLR,ok,0.0246,0.7013,5.0,1,0
AZ,whatsapp,2022-02-16 02:32:22.948589,AS26441,POLR,ok,0.0522,0.1408,44.22,1,0
PK,tcp_connect,2022-02-16 06:54:48.177635,AS58653,LGBT,ok,0.2612,0.4832,22.36,1,0
US,web_connectivity,2022-02-16 11:17:13.406681,AS33842,REL,ok,0.1599,0.1963,226.52,1,0
NG,http_header_field_manipulation,2022-02-16 15:39:38.635727,AS32635,ANON,ok,0.0736,1.8119,39.09,1,0
BR,web_connectivity,2022-02-16 20:02:03.864772,AS51947,SRCH,ok,0.1263,1.5679,9.12,1,0
TH,http_header_field_manipulation,2022-02-17 00:24:29.093818,AS25581,LGBT,ok,0.0448,0.4581,183.17,1,0
KZ,web_connectivity,2022-02-17 04:46:54.322864,AS8947,REL,ok,0.1475,0.3031,114.34,1,0
CN,whatsapp,2022-02-17 09:09:19.551910,AS15061,LGBT,anomaly,0.9297,0.4789,348.79,0,1
CN,web_connectivity,2022-02-17 13:31:44.780956,AS23227,POLR,confirmed,0.849,0.19,130.98,1,1
FR,http_header_field_manipulation,2022-02-17 17:54:10.010002,AS48048,HUMR,ok,0.0146,2.1237,150.71,1,0
CN,whatsapp,2022-02-17 22:16:35.239047,AS41369,POLR,ok,0.197,1.644,39.77,1,0
ID,http_header_field_manipulation,2022-02-18 02:39:00.468093,AS24775,NEWS,ok,0.0876,0.0858,181.72,1,0
NG,web_connectivity,2022-02-18 07:01:25.697139,AS25581,COMT,ok,0.1989,0.869,102.92,1,0
RU,web_connectivity,2022-02-18 11:23:50.926185,AS49977,NEWS,ok,0.4826,0.8223,5.0,1,0
TR,dns_consistency,2022-02-18 15:46:16.155231,AS22895,SRCH,ok,0.0588,0.0945,66.68,1,0
DE,web_connectivity,2022-02-18 20:08:41.384276,AS52965,HUMR,ok,0.0048,0.6888,116.48,1,1
BY,web_connectivity,2022-02-19 00:31:06.613322,AS49977,POLR,ok,0.1721,0.7555,52.98,1,0
TR,web_connectivity,2022-02-19 04:53:31.842368,AS2175,REL,ok,0.1561,0.8341,120.32,1,0
TR,tcp_connect,2022-02-19 09:15:57.071414,AS36237,REL,ok,,0.0345,36.68,1,0
UZ,web_connectivity,2022-02-19 13:38:22.300460,AS39530,SRCH,ok,0.4736,0.5014,56.12,1,0
RU,telegram,2022-02-19 18:00:47.529505,AS25581,COMM,anomaly,0.6936,1.3433,232.34,0,1
BR,web_connectivity,2022-02-19 22:23:12.758551,AS42772,ANON,ok,0.0412,1.3683,97.73,1,0
US,tcp_connect,2022-02-20 02:45:37.987597,AS41369,COMM,ok,0.0679,0.9239,61.69,0,0
RU,web_connectivity,2022-02-20 07:08:03.216643,AS59099,SRCH,ok,0.1424,0.0617,97.18,1,0
RU,telegram,2022-02-20 11:30:28.445689,AS29606,ANON,ok,0.0113,0.1605,56.04,0,0
IN,web_connectivity,2022-02-20 15:52:53.674734,AS18345,POLR,ok,0.0334,0.4701,137.23,1,0
IR,web_connectivity,2022-02-20 20:15:18.903780,AS57909,HUMR,anomaly,0.7459,0.3539,,0,1
DE,web_connectivity,2022-02-21 00:37:44.132826,AS47656,ANON,ok,0.0248,0.1075,44.01,1,0
NG,web_connectivity,2022-02-21 05:00:09.361872,AS6970,COMT,ok,0.0431,0.9351,144.81,1,0
VN,dns_consistency,2022-02-21 09:22:34.590918,AS29338,ANON,failure,0.5002,0.3854,498.09,0,1
US,tcp_connect,2022-02-21 13:44:59.819963,AS29338,POLR,ok,0.0729,0.1241,295.79,1,0
IN,web_connectivity,2022-02-21 18:07:25.049009,AS19111,ECON,ok,0.1637,0.2238,31.88,1,0
IR,tcp_connect,2022-02-21 22:29:50.278055,AS28910,POLR,ok,0.0056,0.4194,230.95,0,0
CN,tcp_connect,2022-02-22 02:52:15.507101,AS46987,ANON,confirmed,0.4387,0.644,212.75,1,1
IN,telegram,2022-02-22 07:14:40.736147,AS9939,REL,anomaly,0.1412,0.9997,5.0,1,0
UZ,web_connectivity,2022-02-22 11:37:05.965193,AS2175,COMT,anomaly,0.5721,0.9481,108.28,0,1
CN,web_connectivity,2022-02-22 15:59:31.194238,AS51947,COMM,ok,0.2126,1.0513,180.46,1,0
IN,web_connectivity,2022-02-22 20:21:56.423284,AS15061,ANON,anomaly,0.514,2.5727,16.68,0,0
EG,web_connectivity,2022-02-23 00:44:21.652330,AS49724,REL,ok,0.0274,0.4332,93.12,1,0
EG,dns_consistency,2022-02-23 05:06:46.881376,AS23883,HUMR,ok,0.0019,0.6837,381.03,1,0
ID,dns_consistency,2022-02-23 09:29:12.110422,AS11241,SRCH,ok,0.0012,0.5448,357.7,1,0
CN,web_connectivity,2022-02-23 13:51:37.339467,AS45204,COMM,confirmed,0.6282,0.1169,145.58,1,0
RU,http_header_field_manipulation,2022-02-23 18:14:02.568513,AS19698,COMM,anomaly,0.5503,0.7811,209.03,0,1
TR,web_connectivity,2022-02-23 22:36:27.797559,AS42772,LGBT,anomaly,0.5092,0.1442,70.62,1,0
IR,web_connectivity,2022-02-24 02:58:53.026605,AS58653,HUMR,confirmed,0.327,0.0534,88.23,1,0
US,web_connectivity,2022-02-24 07:21:18.255651,AS52615,NEWS,ok,0.0797,0.247,616.55,1,0
KZ,dns_consistency,2022-02-24 11:43:43.484696,AS17131,NEWS,anomaly,0.4512,0.3003,208.04,0,1
VN,http_header_field_manipulation,2022-02-24 16:06:08.713742,AS49724,POLR,ok,0.0093,1.0875,55.86,1,0
IR,tcp_connect,2022-02-24 20:28:33.942788,AS1588,COMM,anomaly,0.3518,1.3976,30.29,1,0
IR,telegram,2022-02-25 00:50:59.171834,AS59099,ANON,ok,0.2991,1.131,90.61,1,0
UZ,tcp_connect,2022-02-25 05:13:24.400880,AS2182,COMM,confirmed,0.6775,0.4436,77.45,0,1
DE,web_connectivity,2022-02-25 09:35:49.629925,AS2182,REL,ok,0.013,1.4829,36.35,1,0
UZ,web_connectivity,2022-02-25 13:58:14.858971,AS28910,COMT,ok,0.007,0.1287,33.81,1,0
EG,telegram,2022-02-25 18:20:40.088017,AS39530,NEWS,ok,0.1404,0.602,391.47,1,0
FR,tcp_connect,2022-02-25 22:43:05.317063,AS45204,LGBT,ok,0.0123,0.9427,72.92,1,0
AZ,tcp_connect,2022-02-26 03:05:30.546109,AS2072,ANON,ok,0.0436,0.1129,39.86,1,1
IN,http_header_field_manipulation,2022-02-26 07:27:55.775155,AS22895,COMM,ok,0.1037,0.7948,80.0,1,0
PK,web_connectivity,2022-02-26 11:50:21.004200,AS15539,COMT,ok,,0.6349,5.0,1,0
DE,whatsapp,2022-02-26 16:12:46.233246,AS26441,COMT,ok,0.0169,0.5121,36.38,1,0
CN,web_connectivity,2022-02-26 20:35:11.462292,AS47656,LGBT,anomaly,,0.1273,109.99,0,1
CN,web_connectivity,2022-02-27 00:57:36.691338,AS25884,COMM,ok,0.2003,0.6934,18.56,1,0
IN,web_connectivity,2022-02-27 05:20:01.920384,AS39530,HUMR,ok,0.0355,0.3751,118.95,1,0
IR,dns_consistency,2022-02-27 09:42:27.149429,AS28910,REL,ok,0.0743,1.6767,17.81,1,0
IR,dns_consistency,2022-02-27 14:04:52.378475,AS58842,SRCH,confirmed,0.3876,0.1793,218.55,1,1
US,dns_consistency,2022-02-27 18:27:17.607521,AS32671,LGBT,ok,0.0127,0.6302,316.84,1,0
ID,dns_consistency,2022-02-27 22:49:42.836567,AS2182,SRCH,ok,0.1629,0.1383,74.26,1,0
BR,web_connectivity,2022-02-28 03:12:08.065613,AS39530,COMM,ok,0.1219,0.3079,426.08,1,0
IN,web_connectivity,2022-02-28 07:34:33.294658,AS51947,ECON,ok,0.0577,1.3114,124.81,1,1
CN,http_header_field_manipulation,2022-02-28 11:56:58.523704,AS58945,COMT,failure,0.9567,1.0459,673.17,1,1
CN,tcp_connect,2022-02-28 16:19:23.752750,AS58945,LGBT,anomaly,0.6914,0.4332,122.26,1,0
VN,dns_consistency,2022-02-28 20:41:48.981796,AS41369,REL,ok,0.0448,1.0707,38.43,1,1
BY,http_header_field_manipulation,2022-03-01 01:04:14.210842,AS20553,SRCH,confirmed,0.5948,0.0436,311.46,0,0
IN,dns_consistency,2022-03-01 05:26:39.439887,AS52965,NEWS,ok,,1.5843,432.81,1,0
BR,web_connectivity,2022-03-01 09:49:04.668933,AS17131,POLR,ok,0.1502,0.769,259.05,1,0
EG,web_connectivity,2022-03-01 14:11:29.897979,AS55374,NEWS,ok,0.0252,0.485,61.58,1,0
RU,web_connectivity,2022-03-01 18:33:55.127025,AS9939,SRCH,ok,0.2555,1.5058,49.57,1,0
TR,http_header_field_manipulation,2022-03-01 22:56:20.356071,AS9939,SRCH,ok,0.181,2.3804,23.34,1,0
EG,dns_consistency,2022-03-02 03:18:45.585117,AS35011,COMM,ok,0.0246,0.7704,81.4,1,1
VN,web_connectivity,2022-03-02 07:41:10.814162,AS52615,NEWS,ok,0.0973,0.1325,51.91,1,0
RU,dns_consistency,2022-03-02 12:03:36.043208,AS6970,NEWS,anomaly,0.177,0.4443,202.27,1,1
CN,telegram,2022-03-02 16:26:01.272254,AS22895,ANON,failure,0.8444,1.2309,295.94,0,1
VN,web_connectivity,2022-03-02 20:48:26.501300,AS13266,ANON,ok,0.1072,1.1906,306.34,1,0
CN,vanilla_tor,2022-03-03 01:10:51.730346,AS49977,NEWS,anomaly,0.6095,0.837,156.92,1,1
MM,facebook_messenger,2022-03-03 05:33:16.959391,AS58653,COMM,anomaly,0.432,0.909,75.05,1,0
RU,tcp_connect,2022-03-03 09:55:42.188437,AS58569,COMM,ok,0.0059,1.1819,175.87,1,0
CN,tcp_connect,2022-03-03 14:18:07.417483,AS10526,SRCH,anomaly,0.4362,1.0882,433.17,0,1
TR,web_connectivity,2022-03-03 18:40:32.646529,AS6146,COMM,ok,0.122,0.4667,90.65,1,1
UZ,web_connectivity,2022-03-03 23:02:57.875575,AS25884,SRCH,anomaly,0.5124,0.5756,24.02,0,0
MM,facebook_messenger,2022-03-04 03:25:23.104620,AS51947,ECON,ok,0.0522,0.009,58.58,1,0
KZ,web_connectivity,2022-03-04 07:47:48.333666,AS53867,HUMR,confirmed,0.4302,0.6033,96.55,0,0
DE,web_connectivity,2022-03-04 12:10:13.562712,AS41369,ANON,ok,0.0369,0.6269,418.51,1,0
BY,web_connectivity,2022-03-04 16:32:38.791758,AS48048,COMM,ok,0.2673,0.1329,104.82,1,0
AZ,http_header_field_manipulation,2022-03-04 20:55:04.020804,AS11241,HUMR,anomaly,0.5598,0.2655,122.9,1,1
IN,web_connectivity,2022-03-05 01:17:29.249849,AS9939,ANON,ok,,0.8058,25.72,1,0
FR,web_connectivity,2022-03-05 05:39:54.478895,AS45204,POLR,ok,0.3337,0.4443,129.46,1,0
AZ,tcp_connect,2022-03-05 10:02:19.707941,AS18345,REL,ok,0.1157,0.1272,139.11,1,0
FR,dns_consistency,2022-03-05 14:24:44.936987,AS51947,ECON,ok,0.3346,0.5349,74.88,1,0
AZ,dns_consistency,2022-03-05 18:47:10.166033,AS29606,NEWS,anomaly,0.7435,1.1717,155.36,0,1
PK,web_connectivity,2022-03-05 23:09:35.395079,AS53867,COMM,ok,0.0334,1.3819,26.06,1,0
TH,web_connectivity,2022-03-06 03:32:00.624124,AS49724,ECON,ok,0.0723,1.1801,89.2,1,0
IN,web_connectivity,2022-03-06 07:54:25.853170,AS39530,LGBT,ok,0.3949,0.4643,228.49,1,0
MM,dns_consistency,2022-03-06 12:16:51.082216,AS15539,ANON,ok,0.0904,1.0482,45.72,1,0
CN,tcp_connect,2022-03-06 16:39:16.311262,AS24775,NEWS,failure,0.8411,0.2839,258.18,0,1
EG,tcp_connect,2022-03-06 21:01:41.540308,AS35011,ANON,anomaly,,0.0892,140.18,0,0
MM,web_connectivity,2022-03-07 01:24:06.769353,AS7926,COMT,anomaly,0.4097,1.2566,90.81,0,1
EG,whatsapp,2022-03-07 05:46:31.998399,AS17131,SRCH,anomaly,0.7632,0.0377,89.65,0,1
BY,web_connectivity,2022-03-07 10:08:57.227445,AS51947,HUMR,anomaly,0.3363,1.0992,268.54,0,1
IN,web_connectivity,2022-03-07 14:31:22.456491,AS33842,HUMR,ok,0.0227,0.1357,18.82,1,0
US,whatsapp,2022-03-07 18:53:47.685537,AS32635,REL,ok,0.0857,0.2597,192.06,1,0
RU,web_connectivity,2022-03-07 23:16:12.914582,AS2182,NEWS,ok,0.1928,1.6471,90.04,1,0
IR,http_header_field_manipulation,2022-03-08 03:38:38.143628,AS58842,HUMR,confirmed,0.2161,0.5531,5.0,1,0
NG,web_connectivity,2022-03-08 08:01:03.372674,AS44761,COMT,ok,,1.1919,16.79,1,0
BR,web_connectivity,2022-03-08 12:23:28.601720,AS33842,SRCH,ok,0.1252,0.2153,39.03,1,0
CN,http_header_field_manipulation,2022-03-08 16:45:53.830766,AS22453,POLR,confirmed,0.2977,0.1562,25.19,0,1
CN,web_connectivity,2022-03-08 21:08:19.059811,AS24775,POLR,confirmed,0.4242,0.0082,72.29,0,1
TR,web_connectivity,2022-03-09 01:30:44.288857,AS39530,REL,ok,0.0061,0.6349,158.76,1,0
EG,dns_consistency,2022-03-09 05:53:09.517903,AS23227,HUMR,ok,0.1187,0.0198,219.22,1,0
NG,web_connectivity,2022-03-09 10:15:34.746949,AS13761,ECON,ok,0.0985,0.9924,83.16,1,0
RU,tcp_connect,2022-03-09 14:37:59.975995,AS59099,ANON,confirmed,0.5804,0.2087,63.06,1,1
PK,tcp_connect,2022-03-09 19:00:25.205041,AS6146,COMM,anomaly,0.9037,0.6439,104.26,1,0
CN,http_header_field_manipulation,2022-03-09 23:22:50.434086,AS51947,SRCH,ok,0.0776,1.3803,11.69,1,0
VN,web_connectivity,2022-03-10 03:45:15.663132,AS55374,NEWS,ok,0.0283,0.2743,93.23,1,0
IR,dns_consistency,2022-03-10 08:07:40.892178,AS55961,ECON,confirmed,0.4201,0.2463,238.71,0,1
FR,http_header_field_manipulation,2022-03-10 12:30:06.121224,AS22895,POLR,ok,0.025,0.4831,292.06,1,0
RU,web_connectivity,2022-03-10 16:52:31.350270,AS13761,ANON,failure,0.7513,0.8364,57.61,0,0
PK,web_connectivity,2022-03-10 21:14:56.579315,AS6146,POLR,ok,0.0861,2.8807,234.05,1,0
US,whatsapp,2022-03-11 01:37:21.808361,AS45204,POLR,ok,0.0371,0.6913,194.94,1,0
RU,web_connectivity,2022-03-11 05:59:47.037407,AS13266,ANON,ok,0.0138,1.4456,196.15,1,1
RU,http_header_field_manipulation,2022-03-11 10:22:12.266453,AS39530,COMT,ok,0.0733,0.1642,209.91,1,0
IN,web_connectivity,2022-03-11 14:44:37.495499,AS10526,ECON,ok,0.0557,1.755,73.48,1,0
MM,tcp_connect,2022-03-11 19:07:02.724544,AS24775,COMT,confirmed,0.5553,0.0548,450.99,1,1
RU,web_connectivity,2022-03-11 23:29:27.953590,AS4099,COMT,ok,0.4472,0.1667,171.2,1,0
EG,whatsapp,2022-03-12 03:51:53.182636,AS42135,SRCH,ok,0.1656,0.3714,63.98,1,0
VN,web_connectivity,2022-03-12 08:14:18.411682,AS11241,REL,ok,0.1251,0.9406,5.0,1,0
CN,telegram,2022-03-12 12:36:43.640728,AS55961,ANON,failure,0.4257,2.8172,209.14,1,0
RU,web_connectivity,2022-03-12 16:59:08.869773,AS22895,ECON,ok,0.067,0.8756,165.24,1,0
UZ,http_header_field_manipulation,2022-03-12 21:21:34.098819,AS41085,COMM,ok,0.1617,1.1044,219.41,1,1
TR,whatsapp,2022-03-13 01:43:59.327865,AS17131,NEWS,ok,0.0558,0.4264,,1,0
IR,web_connectivity,2022-03-13 06:06:24.556911,AS51222,LGBT,anomaly,0.5661,1.8566,129.3,1,1
VN,web_connectivity,2022-03-13 10:28:49.785957,AS57909,NEWS,ok,0.0166,0.8049,75.21,1,0
CN,telegram,2022-03-13 14:51:15.015003,AS19698,ECON,ok,0.1451,0.3343,112.33,1,0
DE,web_connectivity,2022-03-13 19:13:40.244048,AS28647,HUMR,ok,0.0818,0.587,220.53,1,0
RU,http_header_field_manipulation,2022-03-13 23:36:05.473094,AS33842,SRCH,ok,0.3903,0.6743,50.55,1,0
FR,web_connectivity,2022-03-14 03:58:30.702140,AS46987,NEWS,ok,0.2197,1.0348,25.97,1,0
DE,http_header_field_manipulation,2022-03-14 08:20:55.931186,AS46987,REL,ok,0.1958,0.2767,8.91,1,0
FR,web_connectivity,2022-03-14 12:43:21.160232,AS29606,SRCH,ok,0.1484,0.1907,726.77,0,0
IN,http_header_field_manipulation,2022-03-14 17:05:46.389277,AS13761,COMT,ok,0.2888,1.6649,155.81,1,0
TR,web_connectivity,2022-03-14 21:28:11.618323,AS26441,ECON,anomaly,0.5376,0.5185,5.0,1,1
UZ,dns_consistency,2022-03-15 01:50:36.847369,AS41369,ECON,ok,0.0472,0.3048,30.54,1,0
TR,web_connectivity,2022-03-15 06:13:02.076415,AS28647,COMT,anomaly,0.4671,0.159,124.67,0,0
DE,http_header_field_manipulation,2022-03-15 10:35:27.305461,AS20553,HUMR,ok,0.1373,0.7138,64.53,1,0
RU,web_connectivity,2022-03-15 14:57:52.534506,AS15631,HUMR,ok,0.0312,0.7412,113.41,1,0
ID,web_connectivity,2022-03-15 19:20:17.763552,AS13266,POLR,anomaly,0.4759,2.3729,94.77,1,1
RU,http_header_field_manipulation,2022-03-15 23:42:42.992598,AS25581,COMT,ok,0.0154,0.1329,5.0,1,0
PK,web_connectivity,2022-03-16 04:05:08.221644,AS47656,COMT,ok,0.0633,0.6966,55.68,1,0
US,whatsapp,2022-03-16 08:27:33.450690,AS17131,ANON,ok,0.0543,0.8535,110.22,1,0
RU,tcp_connect,2022-03-16 12:49:58.679735,AS45204,HUMR,confirmed,0.8905,0.0915,92.98,0,1
RU,dns_consistency,2022-03-16 17:12:23.908781,AS54883,LGBT,ok,0.0941,0.3519,72.03,1,0
TH,web_connectivity,2022-03-16 21:34:49.137827,AS25884,LGBT,failure,0.3017,0.7253,4083.52,0,1
PK,http_header_field_manipulation,2022-03-17 01:57:14.366873,AS2182,COMM,ok,0.2112,1.0922,487.78,1,0
VN,web_connectivity,2022-03-17 06:19:39.595919,AS28910,LGBT,ok,0.0086,0.2426,59.83,1,0
DE,tcp_connect,2022-03-17 10:42:04.824964,AS4263,ECON,ok,0.2289,0.1061,173.17,1,0
CN,web_connectivity,2022-03-17 15:04:30.054010,AS46987,SRCH,ok,0.2482,0.3987,15.42,1,0
VN,web_connectivity,2022-03-17 19:26:55.283056,AS40389,HUMR,ok,0.0423,0.5606,593.34,1,0
NG,web_connectivity,2022-03-17 23:49:20.512102,AS59099,HUMR,ok,0.2929,1.4349,58.34,1,0
EG,facebook_messenger,2022-03-18 04:11:45.741148,AS2592,ANON,anomaly,0.6352,0.5433,94.29,0,0
IN,tcp_connect,2022-03-18 08:34:10.970194,AS19698,NEWS,ok,0.1146,0.108,28.82,1,0
FR,web_connectivity,2022-03-18 12:56:36.199239,AS38379,HUMR,ok,0.0251,0.1597,13.64,1,1
RU,facebook_messenger,2022-03-18 17:19:01.428285,AS24775,POLR,anomaly,0.3782,0.7999,16.57,1,1
RU,web_connectivity,2022-03-18 21:41:26.657331,AS33842,REL,ok,0.067,0.0438,327.15,1,0
UZ,tcp_connect,2022-03-19 02:03:51.886377,AS6146,REL,ok,0.0055,1.2188,125.55,1,0
NG,http_header_field_manipulation,2022-03-19 06:26:17.115423,AS20553,COMM,ok,0.0725,1.5672,427.49,1,0
TR,whatsapp,2022-03-19 10:48:42.344468,AS4899,ANON,ok,,0.005,51.03,1,0
PK,web_connectivity,2022-03-19 15:11:07.573514,AS2072,HUMR,ok,0.1023,1.5577,86.13,1,0
DE,web_connectivity,2022-03-19 19:33:32.802560,AS35044,HUMR,ok,0.0373,1.9536,,1,0
RU,http_header_field_manipulation,2022-03-19 23:55:58.031606,AS26441,COMT,anomaly,0.865,0.6006,11.42,0,1
VN,web_connectivity,2022-03-20 04:18:23.260652,AS7926,POLR,anomaly,0.4832,0.6575,182.82,0,1
CN,web_connectivity,2022-03-20 08:40:48.489697,AS57909,COMM,ok,0.0242,2.1753,47.45,1,0
IR,tcp_connect,2022-03-20 13:03:13.718743,AS32635,SRCH,anomaly,0.8964,1.6186,211.19,1,1
CN,http_header_field_manipulation,2022-03-20 17:25:38.947789,AS55961,SRCH,anomaly,0.2706,0.9206,71.4,0,0
DE,web_connectivity,2022-03-20 21:48:04.176835,AS41085,POLR,ok,0.0156,0.6692,291.55,1,0
RU,web_connectivity,2022-03-21 02:10:29.405881,AS35011,SRCH,confirmed,0.4563,0.0413,258.4,0,1
KZ,web_connectivity,2022-03-21 06:32:54.634926,AS19111,LGBT,ok,0.0434,0.3204,219.46,1,0
BR,tcp_connect,2022-03-21 10:55:19.863972,AS54883,NEWS,ok,0.0392,1.0574,,1,0
TR,tcp_connect,2022-03-21 15:17:45.093018,AS25983,COMT,failure,0.1828,0.9489,563.05,0,1
VN,tcp_connect,2022-03-21 19:40:10.322064,AS28647,REL,ok,0.0119,0.1372,239.96,1,0
MM,tcp_connect,2022-03-22 00:02:35.551110,AS41369,POLR,ok,0.0825,1.0854,223.82,1,0
NG,tcp_connect,2022-03-22 04:25:00.780156,AS8947,NEWS,ok,0.1056,0.2756,5.0,1,0
CN,web_connectivity,2022-03-22 08:47:26.009201,AS44761,NEWS,ok,0.0033,1.5057,152.42,1,0
IR,web_connectivity,2022-03-22 13:09:51.238247,AS11241,NEWS,confirmed,0.4349,0.4489,213.96,0,1
AZ,tcp_connect,2022-03-22 17:32:16.467293,AS40389,REL,ok,0.0623,0.0119,150.57,1,0
CN,web_connectivity,2022-03-22 21:54:41.696339,AS22453,ECON,ok,0.1795,0.623,5.0,1,0
RU,vanilla_tor,2022-03-23 02:17:06.925385,AS7926,ANON,anomaly,0.6211,0.3732,130.83,0,0
NG,whatsapp,2022-03-23 06:39:32.154430,AS32635,POLR,ok,0.0466,1.1859,5.0,1,0
IR,dns_consistency,2022-03-23 11:01:57.383476,AS17131,ECON,anomaly,0.4813,0.5866,205.44,0,0
FR,web_connectivity,2022-03-23 15:24:22.612522,AS42772,REL,ok,0.123,0.8711,153.31,0,0
AZ,dns_consistency,2022-03-23 19:46:47.841568,AS19698,ECON,ok,0.0608,0.0699,5.0,1,0
NG,tcp_connect,2022-03-24 00:09:13.070614,AS58653,REL,ok,0.0445,0.7778,47.54,1,0
BY,tcp_connect,2022-03-24 04:31:38.299659,AS46987,SRCH,ok,0.1134,0.1354,295.88,1,0
DE,web_connectivity,2022-03-24 08:54:03.528705,AS32671,ANON,ok,0.0316,0.9135,78.57,1,0
MM,tcp_connect,2022-03-24 13:16:28.757751,AS51947,NEWS,ok,0.2489,0.426,92.56,1,0
NG,http_header_field_manipulation,2022-03-24 17:38:53.986797,AS32635,SRCH,ok,0.056,0.5785,45.34,1,0
RU,web_connectivity,2022-03-24 22:01:19.215843,AS55374,ANON,ok,0.0867,1.2898,46.07,1,1
TH,web_connectivity,2022-03-25 02:23:44.444888,AS50319,REL,ok,0.0924,0.0801,41.55,1,0
AZ,dns_consistency,2022-03-25 06:46:09.673934,AS57909,COMM,anomaly,0.4571,0.5244,21.4,0,0
ID,web_connectivity,2022-03-25 11:08:34.902980,AS25884,POLR,ok,0.0621,1.8879,5.0,1,0
EG,web_connectivity,2022-03-25 15:31:00.132026,AS51222,ANON,ok,0.0902,1.8251,28.59,1,0
IN,web_connectivity,2022-03-25 19:53:25.361072,AS25581,SRCH,ok,0.1114,0.3087,663.79,1,0
CN,telegram,2022-03-26 00:15:50.590118,AS29606,HUMR,ok,0.2232,1.0829,55.35,1,0
IR,web_connectivity,2022-03-26 04:38:15.819163,AS6970,COMM,ok,0.0211,0.1891,61.7,1,0
IR,web_connectivity,2022-03-26 09:00:41.048209,AS2175,REL,anomaly,0.4726,0.9142,93.24,1,0
CN,web_connectivity,2022-03-26 13:23:06.277255,AS48048,ECON,confirmed,0.3959,0.036,246.07,0,1
BR,tcp_connect,2022-03-26 17:45:31.506301,AS4899,REL,ok,0.148,1.9444,101.95,1,1
VN,http_header_field_manipulation,2022-03-26 22:07:56.735347,AS52615,ANON,ok,0.0608,1.494,6.47,1,0
TR,tcp_connect,2022-03-27 02:30:21.964392,AS2182,COMT,anomaly,0.4685,0.2405,160.29,0,1
US,http_header_field_manipulation,2022-03-27 06:52:47.193438,AS41628,REL,ok,0.1023,2.2732,28.09,1,0
TR,dns_consistency,2022-03-27 11:15:12.422484,AS2175,SRCH,ok,0.0059,0.4197,231.41,1,0
VN,web_connectivity,2022-03-27 15:37:37.651530,AS17131,LGBT,ok,0.0599,0.3757,157.38,1,0
FR,http_header_field_manipulation,2022-03-27 20:00:02.880576,AS58945,LGBT,ok,0.0497,0.8016,344.26,1,0
VN,web_connectivity,2022-03-28 00:22:28.109621,AS47656,POLR,ok,0.1116,0.5204,270.86,1,0
RU,http_header_field_manipulation,2022-03-28 04:44:53.338667,AS39530,REL,ok,0.2402,0.2687,67.5,1,0
DE,web_connectivity,2022-03-28 09:07:18.567713,AS39530,ECON,ok,0.0177,0.3163,300.04,1,0
PK,whatsapp,2022-03-28 13:29:43.796759,AS13761,SRCH,ok,0.3542,0.3201,154.91,1,0
US,dns_consistency,2022-03-28 17:52:09.025805,AS9939,COMT,ok,0.1373,0.3503,,1,0
ID,dns_consistency,2022-03-28 22:14:34.254850,AS44761,HUMR,ok,,2.3194,96.01,1,0
RU,dns_consistency,2022-03-29 02:36:59.483896,AS1588,LGBT,ok,0.1553,0.2991,27.57,1,0
TR,tcp_connect,2022-03-29 06:59:24.712942,AS20553,HUMR,ok,,1.1781,101.27,1,0
CN,dns_consistency,2022-03-29 11:21:49.941988,AS55874,POLR,ok,0.2462,1.1322,5.0,1,0
PK,web_connectivity,2022-03-29 15:44:15.171034,AS53867,HUMR,anomaly,0.5613,1.3117,52.23,0,0
US,web_connectivity,2022-03-29 20:06:40.400080,AS29606,REL,ok,0.0262,0.34,86.95,1,1
IR,web_connectivity,2022-03-30 00:29:05.629125,AS58653,REL,confirmed,0.8547,0.0362,134.47,1,1
TR,web_connectivity,2022-03-30 04:51:30.858171,AS55374,SRCH,confirmed,0.8256,0.1605,24.87,0,0
US,web_connectivity,2022-03-30 09:13:56.087217,AS35044,COMM,ok,0.0516,1.9897,43.63,1,0
FR,whatsapp,2022-03-30 13:36:21.316263,AS44761,ANON,ok,0.0185,1.5267,109.73,1,0
IN,tcp_connect,2022-03-30 17:58:46.545309,AS48048,ECON,ok,0.1004,1.073,11.67,1,0
IR,web_connectivity,2022-03-30 22:21:11.774354,AS4899,NEWS,ok,0.1746,0.889,56.93,1,0
US,web_connectivity,2022-03-31 02:43:37.003400,AS6146,LGBT,ok,0.256,0.3004,193.41,1,0
TR,dns_consistency,2022-03-31 07:06:02.232446,AS13266,LGBT,ok,,0.3396,66.82,1,0
BR,web_connectivity,2022-03-31 11:28:27.461492,AS55374,COMT,ok,0.1059,0.3821,1024.27,1,0
DE,tcp_connect,2022-03-31 15:50:52.690538,AS42135,ANON,ok,0.2073,0.0637,155.74,1,0
VN,web_connectivity,2022-03-31 20:13:17.919583,AS46987,POLR,anomaly,0.3954,0.5896,52.34,0,0
UZ,whatsapp,2022-04-01 00:35:43.148629,AS49977,NEWS,ok,0.1053,1.2024,22.31,1,1
CN,web_connectivity,2022-04-01 04:58:08.377675,AS11241,NEWS,ok,0.138,1.3328,64.74,1,0
BY,web_connectivity,2022-04-01 09:20:33.606721,AS42772,ANON,ok,0.0582,1.1289,5.0,1,0
TH,telegram,2022-04-01 13:42:58.835767,AS34008,COMT,anomaly,0.8685,0.1859,118.98,0,0
IN,web_connectivity,2022-04-01 18:05:24.064812,AS25983,REL,ok,0.2394,0.0537,50.46,1,0
IR,web_connectivity,2022-04-01 22:27:49.293858,AS39530,ECON,confirmed,0.727,0.0801,344.93,1,1
BY,web_connectivity,2022-04-02 02:50:14.522904,AS4899,ECON,anomaly,0.8918,1.9724,63.1,1,1
EG,dns_consistency,2022-04-02 07:12:39.751950,AS49977,HUMR,anomaly,0.3886,0.581,14.9,0,0
CN,web_connectivity,2022-04-02 11:35:04.980996,AS33842,ANON,anomaly,,1.2055,240.25,1,0
DE,whatsapp,2022-04-02 15:57:30.210042,AS58653,LGBT,ok,0.0859,0.5236,27.67,1,0
BR,telegram,2022-04-02 20:19:55.439087,AS35044,POLR,ok,0.3027,0.814,131.19,1,0
IR,whatsapp,2022-04-03 00:42:20.668133,AS23227,COMT,ok,0.7405,0.2453,230.76,1,0
EG,web_connectivity,2022-04-03 05:04:45.897179,AS10526,HUMR,ok,,1.4493,16.59,1,0
VN,vanilla_tor,2022-04-03 09:27:11.126225,AS35044,HUMR,ok,0.1586,0.847,5.0,1,0
KZ,tcp_connect,2022-04-03 13:49:36.355271,AS44761,ANON,ok,0.0758,1.6759,34.08,1,1
BR,web_connectivity,2022-04-03 18:12:01.584316,AS10526,ECON,ok,0.2876,0.3,28.71,1,0
BR,web_connectivity,2022-04-03 22:34:26.813362,AS6970,ECON,ok,0.1039,0.3307,90.65,1,0
NG,http_header_field_manipulation,2022-04-04 02:56:52.042408,AS6970,ECON,ok,0.5412,0.8138,400.23,1,0
CN,tcp_connect,2022-04-04 07:19:17.271454,AS20634,NEWS,anomaly,0.7124,0.5169,78.16,0,1
PK,web_connectivity,2022-04-04 11:41:42.500500,AS58653,COMM,ok,0.0241,2.6191,261.42,1,0
VN,dns_consistency,2022-04-04 16:04:07.729545,AS52965,REL,ok,0.1343,0.2731,69.02,1,0
BY,vanilla_tor,2022-04-04 20:26:32.958591,AS26441,HUMR,ok,0.1251,0.5784,289.97,0,0
PK,web_connectivity,2022-04-05 00:48:58.187637,AS6146,ECON,ok,0.0325,1.1186,187.88,1,0
NG,web_connectivity,2022-04-05 05:11:23.416683,AS53867,NEWS,ok,0.0781,0.419,360.41,1,0
IR,telegram,2022-04-05 09:33:48.645729,AS29338,REL,anomaly,0.647,0.4733,259.07,0,0
UZ,web_connectivity,2022-04-05 13:56:13.874774,AS2182,HUMR,ok,0.1043,0.1701,216.46,1,0
IN,telegram,2022-04-05 18:18:39.103820,AS36237,REL,ok,0.2081,0.4579,21.4,1,0
ID,tcp_connect,2022-04-05 22:41:04.332866,AS19698,COMT,ok,0.0398,0.5637,158.33,1,0
IN,web_connectivity,2022-04-06 03:03:29.561912,AS29606,COMM,ok,0.1028,0.9662,18.71,1,0
IR,web_connectivity,2022-04-06 07:25:54.790958,AS2182,NEWS,confirmed,0.4257,0.5994,21.46,0,1
KZ,web_connectivity,2022-04-06 11:48:20.020004,AS18345,LGBT,anomaly,0.3624,0.8792,76.96,1,1
MM,web_connectivity,2022-04-06 16:10:45.249049,AS13761,COMM,ok,0.1054,2.4914,273.01,1,0
MM,http_header_field_manipulation,2022-04-06 20:33:10.478095,AS34008,SRCH,ok,0.3073,1.763,15.09,1,0
RU,dns_consistency,2022-04-07 00:55:35.707141,AS55961,NEWS,failure,0.6471,1.9392,1624.2,0,1
AZ,tcp_connect,2022-04-07 05:18:00.936187,AS36237,COMM,anomaly,0.8975,0.3197,221.5,0,1
BR,http_header_field_manipulation,2022-04-07 09:40:26.165233,AS51947,HUMR,ok,0.0325,0.4822,22.16,1,0
DE,dns_consistency,2022-04-07 14:02:51.394278,AS13761,COMT,ok,0.1858,0.753,53.66,0,0
UZ,facebook_messenger,2022-04-07 18:25:16.623324,AS49977,HUMR,ok,0.0751,0.6137,5.0,1,0
VN,tcp_connect,2022-04-07 22:47:41.852370,AS55961,LGBT,anomaly,0.3854,1.2638,131.59,1,0
IR,telegram,2022-04-08 03:10:07.081416,AS52965,SRCH,ok,0.1828,0.6544,21.72,1,0
US,web_connectivity,2022-04-08 07:32:32.310462,AS28647,COMT,ok,0.0342,0.5843,44.43,1,0
NG,http_header_field_manipulation,2022-04-08 11:54:57.539507,AS52615,POLR,ok,0.1238,0.3293,56.28,1,0
KZ,dns_consistency,2022-04-08 16:17:22.768553,AS47656,SRCH,anomaly,0.4061,2.2174,88.21,1,1
CN,telegram,2022-04-08 20:39:47.997599,AS8947,SRCH,anomaly,0.3972,0.4931,193.42,1,1
MM,dns_consistency,2022-04-09 01:02:13.226645,AS9939,NEWS,ok,0.0265,0.6036,104.48,1,0
MM,web_connectivity,2022-04-09 05:24:38.455691,AS10526,SRCH,confirmed,0.651,0.0567,40.58,0,0
IR,web_connectivity,2022-04-09 09:47:03.684736,AS20553,NEWS,anomaly,0.5865,0.354,102.91,0,1
RU,web_connectivity,2022-04-09 14:09:28.913782,AS15631,REL,confirmed,0.4378,0.0956,42.24,1,1
BR,web_connectivity,2022-04-09 18:31:54.142828,AS26441,LGBT,ok,0.2065,0.9473,52.88,1,0
MM,dns_consistency,2022-04-09 22:54:19.371874,AS2182,ANON,confirmed,0.8301,0.4435,64.95,1,0
BR,telegram,2022-04-10 03:16:44.600920,AS29338,NEWS,ok,0.0529,1.804,5.0,1,0
MM,web_connectivity,2022-04-10 07:39:09.829965,AS29606,NEWS,ok,0.0235,0.9355,7.75,1,0
NG,web_connectivity,2022-04-10 12:01:35.059011,AS7926,REL,ok,0.2138,1.1453,262.46,1,0
VN,whatsapp,2022-04-10 16:24:00.288057,AS41085,SRCH,confirmed,0.6115,1.2032,262.94,1,0
RU,web_connectivity,2022-04-10 20:46:25.517103,AS2175,ECON,ok,0.009,2.599,329.46,1,0
RU,facebook_messenger,2022-04-11 01:08:50.746149,AS40389,ECON,ok,0.1799,1.3018,5.0,1,0
EG,web_connectivity,2022-04-11 05:31:15.975195,AS59099,SRCH,ok,0.1018,0.9757,262.18,1,0
PK,web_connectivity,2022-04-11 09:53:41.204240,AS20553,ANON,anomaly,0.9024,1.8702,72.23,0,0
US,web_connectivity,2022-04-11 14:16:06.433286,AS59099,SRCH,ok,0.0027,0.079,165.26,1,0
BR,vanilla_tor,2022-04-11 18:38:31.662332,AS58842,COMT,ok,0.252,0.6105,160.34,0,0
NG,telegram,2022-04-11 23:00:56.891378,AS38379,COMM,ok,0.0171,0.428,25.12,1,1
IR,tcp_connect,2022-04-12 03:23:22.120424,AS20553,COMM,ok,0.0675,0.1835,5.0,1,0
VN,web_connectivity,2022-04-12 07:45:47.349469,AS55374,REL,ok,0.0124,0.6248,8.42,0,0
DE,facebook_messenger,2022-04-12 12:08:12.578515,AS25983,REL,ok,0.063,1.4008,33.25,1,0
NG,telegram,2022-04-12 16:30:37.807561,AS53867,REL,ok,0.0702,1.7229,58.2,1,0
BR,web_connectivity,2022-04-12 20:53:03.036607,AS23883,NEWS,ok,0.0671,0.3781,87.09,1,0
PK,http_header_field_manipulation,2022-04-13 01:15:28.265653,AS11241,SRCH,ok,0.3342,0.5397,72.38,1,0
TR,vanilla_tor,2022-04-13 05:37:53.494698,AS32671,ANON,ok,0.238,0.4976,129.55,1,0
IN,web_connectivity,2022-04-13 10:00:18.723744,AS50319,COMT,ok,0.0399,0.8409,5.0,1,0
IN,web_connectivity,2022-04-13 14:22:43.952790,AS51222,ECON,ok,0.0237,0.6679,293.66,1,0
PK,whatsapp,2022-04-13 18:45:09.181836,AS25294,COMT,anomaly,0.8242,0.7675,220.63,0,1
DE,dns_consistency,2022-04-13 23:07:34.410882,AS15631,COMT,ok,0.2952,0.8981,5.0,1,0
IR,vanilla_tor,2022-04-14 03:29:59.639927,AS18345,ANON,ok,0.2052,0.4925,53.28,1,0
FR,dns_consistency,2022-04-14 07:52:24.868973,AS9939,ECON,ok,0.2937,1.4837,185.72,1,0
US,web_connectivity,2022-04-14 12:14:50.098019,AS25581,ECON,ok,,0.2504,66.59,0,0
IR,dns_consistency,2022-04-14 16:37:15.327065,AS46987,NEWS,failure,0.4556,1.5615,300.15,0,0
VN,http_header_field_manipulation,2022-04-14 20:59:40.556111,AS54883,LGBT,anomaly,0.6918,0.6852,676.47,1,1
EG,web_connectivity,2022-04-15 01:22:05.785157,AS52615,COMM,anomaly,0.5892,0.5173,172.77,0,1
US,web_connectivity,2022-04-15 05:44:31.014202,AS52965,HUMR,ok,0.1717,0.7073,11.78,1,0
NG,web_connectivity,2022-04-15 10:06:56.243248,AS26441,COMM,ok,0.1124,0.4188,85.91,1,1
IR,http_header_field_manipulation,2022-04-15 14:29:21.472294,AS53867,ANON,anomaly,0.761,2.1135,182.15,0,1
IN,facebook_messenger,2022-04-15 18:51:46.701340,AS17131,SRCH,ok,0.2371,0.7426,45.18,1,0
IR,http_header_field_manipulation,2022-04-15 23:14:11.930386,AS45204,SRCH,ok,0.1108,0.7453,5.0,1,0
IN,http_header_field_manipulation,2022-04-16 03:36:37.159431,AS49977,ANON,ok,0.0293,0.7095,63.49,1,0
BR,web_connectivity,2022-04-16 07:59:02.388477,AS32671,ECON,ok,0.0348,1.3726,219.92,1,0
DE,dns_consistency,2022-04-16 12:21:27.617523,AS4899,COMM,ok,0.2618,0.3765,36.6,1,0
BR,dns_consistency,2022-04-16 16:43:52.846569,AS4099,LGBT,ok,0.0694,1.2964,109.17,1,0
US,tcp_connect,2022-04-16 21:06:18.075615,AS4899,NEWS,ok,0.0601,0.1477,5.0,1,0
TR,whatsapp,2022-04-17 01:28:43.304660,AS38379,REL,ok,0.2054,1.2312,24.72,1,1
IR,http_header_field_manipulation,2022-04-17 05:51:08.533706,AS9939,COMM,ok,0.1061,0.4102,207.95,1,0
CN,facebook_messenger,2022-04-17 10:13:33.762752,AS40389,REL,anomaly,0.3457,0.1708,120.39,0,1
CN,whatsapp,2022-04-17 14:35:58.991798,AS6970,REL,anomaly,0.7368,0.1893,35.71,0,1
EG,web_connectivity,2022-04-17 18:58:24.220844,AS28910,COMM,failure,0.901,1.1868,587.49,1,0
MM,dns_consistency,2022-04-17 23:20:49.449889,AS41628,HUMR,ok,0.0279,0.9897,79.69,1,1
EG,telegram,2022-04-18 03:43:14.678935,AS7926,HUMR,confirmed,0.743,1.2112,25.22,1,0
NG,facebook_messenger,2022-04-18 08:05:39.907981,AS2182,LGBT,ok,0.1169,0.8162,,1,0
TR,web_connectivity,2022-04-18 12:28:05.137027,AS47656,REL,anomaly,0.659,0.6264,33.31,0,1
EG,tcp_connect,2022-04-18 16:50:30.366073,AS8640,COMM,ok,0.0226,1.3551,51.46,1,0
NG,web_connectivity,2022-04-18 21:12:55.595119,AS24775,REL,ok,0.0578,1.4839,,1,0
RU,web_connectivity,2022-04-19 01:35:20.824164,AS50368,LGBT,confirmed,0.5268,0.2944,,0,0
KZ,whatsapp,2022-04-19 05:57:46.053210,AS25884,REL,ok,,0.4701,143.5,1,0
RU,telegram,2022-04-19 10:20:11.282256,AS47656,COMM,ok,0.1496,0.9269,5.0,1,0
US,dns_consistency,2022-04-19 14:42:36.511302,AS42772,COMT,ok,0.0659,0.3585,5.0,1,0
US,web_connectivity,2022-04-19 19:05:01.740348,AS15539,NEWS,ok,0.0428,0.9766,18.34,1,0
BY,tcp_connect,2022-04-19 23:27:26.969393,AS2175,REL,ok,0.0191,1.0733,34.31,1,0
UZ,dns_consistency,2022-04-20 03:49:52.198439,AS50368,COMT,confirmed,0.5579,0.1597,34.97,0,1
TH,web_connectivity,2022-04-20 08:12:17.427485,AS29338,NEWS,ok,0.125,0.1597,20.1,0,0
BR,web_connectivity,2022-04-20 12:34:42.656531,AS49724,COMT,ok,0.0917,0.6674,31.49,1,0
VN,web_connectivity,2022-04-20 16:57:07.885577,AS20553,ANON,failure,0.6959,0.6531,999.52,0,1
RU,http_header_field_manipulation,2022-04-20 21:19:33.114622,AS58945,POLR,ok,0.0635,0.1982,103.96,1,0
DE,web_connectivity,2022-04-21 01:41:58.343668,AS59099,COMT,ok,0.0066,0.4689,86.84,1,0
KZ,web_connectivity,2022-04-21 06:04:23.572714,AS15061,POLR,ok,0.4913,0.3037,47.19,1,0
DE,telegram,2022-04-21 10:26:48.801760,AS32671,COMT,ok,0.0155,0.2273,,1,0
RU,facebook_messenger,2022-04-21 14:49:14.030806,AS51947,ANON,ok,0.134,0.7395,252.1,1,0
CN,web_connectivity,2022-04-21 19:11:39.259851,AS26441,COMT,anomaly,0.2396,0.3751,180.83,1,1
IN,web_connectivity,2022-04-21 23:34:04.488897,AS23227,POLR,ok,0.0797,2.0239,167.25,1,0
CN,dns_consistency,2022-04-22 03:56:29.717943,AS10526,ECON,ok,0.31,0.1754,5.0,1,1
IN,web_connectivity,2022-04-22 08:18:54.946989,AS51222,SRCH,ok,0.1586,0.2467,5.0,1,0
TR,web_connectivity,2022-04-22 12:41:20.176035,AS22453,SRCH,ok,0.1649,0.0275,22.52,1,0
TR,web_connectivity,2022-04-22 17:03:45.405081,AS49724,LGBT,confirmed,0.7514,0.156,102.39,1,1
RU,facebook_messenger,2022-04-22 21:26:10.634126,AS24775,ANON,anomaly,0.8363,0.9484,126.05,1,1
KZ,facebook_messenger,2022-04-23 01:48:35.863172,AS36237,COMM,ok,0.0071,0.3956,745.27,1,0
VN,whatsapp,2022-04-23 06:11:01.092218,AS6970,NEWS,ok,0.0006,0.0938,48.5,1,0
NG,http_header_field_manipulation,2022-04-23 10:33:26.321264,AS50319,COMT,ok,0.0317,0.6195,28.73,1,0
NG,tcp_connect,2022-04-23 14:55:51.550310,AS20634,POLR,ok,0.2358,0.8318,133.32,1,0
IN,dns_consistency,2022-04-23 19:18:16.779355,AS7926,COMM,ok,0.0279,0.6908,144.17,1,0
BY,dns_consistency,2022-04-23 23:40:42.008401,AS11241,REL,ok,0.0034,0.8619,5.0,1,0
TH,http_header_field_manipulation,2022-04-24 04:03:07.237447,AS35011,HUMR,ok,0.2145,0.5836,14.93,1,0
RU,tcp_connect,2022-04-24 08:25:32.466493,AS9939,ECON,anomaly,0.6824,1.7132,130.29,1,0
RU,web_connectivity,2022-04-24 12:47:57.695539,AS2175,ECON,anomaly,0.7333,0.371,29.36,0,1
VN,web_connectivity,2022-04-24 17:10:22.924584,AS19111,COMM,failure,0.8762,2.1585,1277.19,1,1
CN,facebook_messenger,2022-04-24 21:32:48.153630,AS15061,NEWS,anomaly,,0.927,288.45,0,1
UZ,web_connectivity,2022-04-25 01:55:13.382676,AS52965,ANON,ok,0.1387,0.1018,43.32,1,0
VN,web_connectivity,2022-04-25 06:17:38.611722,AS8947,COMM,ok,0.3619,0.1675,97.43,1,0
IN,web_connectivity,2022-04-25 10:40:03.840768,AS50319,ANON,ok,0.1205,0.0221,31.36,1,0
IN,web_connectivity,2022-04-25 15:02:29.069813,AS50319,ANON,ok,0.0613,1.29,115.58,1,0
VN,web_connectivity,2022-04-25 19:24:54.298859,AS40389,SRCH,ok,0.0727,1.0511,115.34,1,0
IR,web_connectivity,2022-04-25 23:47:19.527905,AS59099,ECON,ok,0.1175,1.4535,,1,0
KZ,http_header_field_manipulation,2022-04-26 04:09:44.756951,AS58569,ECON,ok,0.0896,0.0286,259.31,1,0
RU,web_connectivity,2022-04-26 08:32:09.985997,AS52965,SRCH,anomaly,0.6935,0.4512,55.62,0,0
FR,http_header_field_manipulation,2022-04-26 12:54:35.215043,AS36237,ECON,ok,0.004,0.1519,62.06,1,0
IR,web_connectivity,2022-04-26 17:17:00.444088,AS35011,HUMR,anomaly,0.2054,0.1027,5.0,1,0
PK,web_connectivity,2022-04-26 21:39:25.673134,AS15631,ECON,ok,0.0083,0.5055,586.43,0,0
RU,whatsapp,2022-04-27 02:01:50.902180,AS9939,ECON,ok,0.2559,0.2281,178.37,1,0
DE,tcp_connect,2022-04-27 06:24:16.131226,AS25884,REL,ok,0.1249,2.0289,45.87,1,1
NG,http_header_field_manipulation,2022-04-27 10:46:41.360272,AS35044,POLR,ok,0.3519,1.1603,229.81,1,0
RU,web_connectivity,2022-04-27 15:09:06.589317,AS20553,NEWS,ok,0.1914,0.0645,90.39,1,0
DE,web_connectivity,2022-04-27 19:31:31.818363,AS59099,NEWS,ok,0.0041,0.7519,127.66,1,0
TR,tcp_connect,2022-04-27 23:53:57.047409,AS34008,REL,anomaly,0.3824,0.6647,398.75,1,1
US,web_connectivity,2022-04-28 04:16:22.276455,AS50368,SRCH,ok,0.22,2.0462,113.77,1,0
US,tcp_connect,2022-04-28 08:38:47.505501,AS42772,COMM,ok,0.2957,0.4759,44.42,1,0
MM,dns_consistency,2022-04-28 13:01:12.734546,AS58945,HUMR,ok,0.0184,1.4338,297.28,1,0
IR,tcp_connect,2022-04-28 17:23:37.963592,AS4263,NEWS,anomaly,0.686,0.0304,10.0,0,1
RU,http_header_field_manipulation,2022-04-28 21:46:03.192638,AS6146,HUMR,anomaly,0.9667,1.2006,302.03,0,1
IN,web_connectivity,2022-04-29 02:08:28.421684,AS49977,POLR,ok,0.0951,0.5924,420.48,1,0
KZ,web_connectivity,2022-04-29 06:30:53.650730,AS38379,POLR,ok,0.1308,0.1619,15.92,1,0
AZ,http_header_field_manipulation,2022-04-29 10:53:18.879775,AS50319,COMT,ok,0.0712,0.6997,20.93,1,0
BR,tcp_connect,2022-04-29 15:15:44.108821,AS47656,LGBT,ok,0.1216,1.5965,224.85,1,0
KZ,web_connectivity,2022-04-29 19:38:09.337867,AS29606,NEWS,ok,0.0561,0.5105,8.6,1,0
MM,web_connectivity,2022-04-30 00:00:34.566913,AS48048,HUMR,ok,0.0285,0.0001,232.16,1,0
CN,web_connectivity,2022-04-30 04:22:59.795959,AS36237,REL,ok,0.0967,0.1931,56.65,1,0
IR,dns_consistency,2022-04-30 08:45:25.025005,AS4899,HUMR,anomaly,0.4982,0.106,5.0,0,1
TR,web_connectivity,2022-04-30 13:07:50.254050,AS2072,REL,ok,0.2094,0.1328,124.46,1,0
CN,telegram,2022-04-30 17:30:15.483096,AS50368,ANON,confirmed,0.6697,0.2474,5.0,0,1
NG,dns_consistency,2022-04-30 21:52:40.712142,AS50368,LGBT,ok,0.0867,0.1533,6.36,1,0
BR,telegram,2022-05-01 02:15:05.941188,AS58653,LGBT,ok,0.0634,0.3145,70.17,1,0
BR,tcp_connect,2022-05-01 06:37:31.170234,AS20634,POLR,ok,0.1887,1.2987,5.0,1,0
IR,web_connectivity,2022-05-01 10:59:56.399279,AS41369,HUMR,failure,0.689,0.3866,,0,1
MM,web_connectivity,2022-05-01 15:22:21.628325,AS23227,COMT,confirmed,0.5302,0.6233,144.97,0,0
DE,whatsapp,2022-05-01 19:44:46.857371,AS18345,SRCH,ok,0.295,0.6391,185.99,1,1
DE,dns_consistency,2022-05-02 00:07:12.086417,AS49724,REL,ok,0.1224,1.3932,81.49,1,0
FR,web_connectivity,2022-05-02 04:29:37.315463,AS9939,HUMR,ok,0.0037,2.4094,5.0,1,0
TR,telegram,2022-05-02 08:52:02.544508,AS19698,NEWS,ok,0.1685,1.889,163.83,1,0
IN,dns_consistency,2022-05-02 13:14:27.773554,AS35011,COMT,ok,0.074,2.2484,79.36,1,0
VN,web_connectivity,2022-05-02 17:36:53.002600,AS41628,COMT,ok,,0.0049,5.0,1,0
KZ,dns_consistency,2022-05-02 21:59:18.231646,AS34008,ANON,ok,0.0012,1.9008,43.52,1,0
IR,whatsapp,2022-05-03 02:21:43.460692,AS25581,HUMR,failure,0.4418,1.2965,,1,1
EG,web_connectivity,2022-05-03 06:44:08.689737,AS55874,ECON,ok,0.1371,0.8554,43.35,1,0
UZ,web_connectivity,2022-05-03 11:06:33.918783,AS24775,ANON,ok,0.0907,0.5626,37.69,1,0
IN,web_connectivity,2022-05-03 15:28:59.147829,AS4899,COMT,ok,0.052,0.0464,144.61,1,1
TR,whatsapp,2022-05-03 19:51:24.376875,AS25884,LGBT,ok,0.059,0.6934,99.51,1,0
VN,tcp_connect,2022-05-04 00:13:49.605921,AS4899,HUMR,ok,0.0357,1.2832,60.42,1,0
CN,web_connectivity,2022-05-04 04:36:14.834966,AS2592,POLR,failure,0.5658,1.4783,213.47,0,1
IN,http_header_field_manipulation,2022-05-04 08:58:40.064012,AS28647,POLR,anomaly,0.7379,0.6536,207.61,0,1
KZ,web_connectivity,2022-05-04 13:21:05.293058,AS25294,REL,ok,0.0246,0.8375,60.34,1,0
BR,dns_consistency,2022-05-04 17:43:30.522104,AS39530,POLR,ok,0.0854,1.6832,233.44,1,1
RU,vanilla_tor,2022-05-04 22:05:55.751150,AS41628,NEWS,ok,0.2012,1.9283,223.8,1,0
TR,dns_consistency,2022-05-05 02:28:20.980196,AS2175,COMM,anomaly,0.7918,0.5576,60.48,0,0
NG,vanilla_tor,2022-05-05 06:50:46.209241,AS19698,NEWS,ok,0.0437,0.0307,5.0,1,0
DE,tcp_connect,2022-05-05 11:13:11.438287,AS7926,SRCH,ok,0.0732,0.3262,302.69,1,0
VN,web_connectivity,2022-05-05 15:35:36.667333,AS28910,ECON,ok,0.1605,2.1729,42.07,1,0
PK,tcp_connect,2022-05-05 19:58:01.896379,AS15631,LGBT,ok,0.1214,1.0205,81.66,1,0
DE,web_connectivity,2022-05-06 00:20:27.125425,AS25983,COMM,ok,0.0089,2.659,110.55,1,0
FR,dns_consistency,2022-05-06 04:42:52.354470,AS40389,COMM,ok,0.0216,2.6526,26.87,1,0
UZ,http_header_field_manipulation,2022-05-06 09:05:17.583516,AS45204,COMM,ok,0.0343,0.8406,157.97,1,0
RU,telegram,2022-05-06 13:27:42.812562,AS50368,SRCH,ok,0.0942,0.1057,83.09,1,0
CN,web_connectivity,2022-05-06 17:50:08.041608,AS33842,COMM,anomaly,0.8758,0.9478,141.42,0,0
TR,whatsapp,2022-05-06 22:12:33.270654,AS6970,COMT,ok,0.0023,0.6948,5.87,1,1
IR,telegram,2022-05-07 02:34:58.499699,AS38379,POLR,failure,0.5994,0.7168,33.9,0,1
TR,web_connectivity,2022-05-07 06:57:23.728745,AS58653,ANON,ok,0.0675,0.1583,52.48,1,0
IN,whatsapp,2022-05-07 11:19:48.957791,AS55374,ECON,ok,0.0832,1.0742,5.0,1,0
RU,web_connectivity,2022-05-07 15:42:14.186837,AS8947,REL,ok,0.1781,0.7918,118.88,1,0
IR,web_connectivity,2022-05-07 20:04:39.415883,AS55961,COMT,failure,0.8865,1.7921,11.39,1,0
RU,facebook_messenger,2022-05-08 00:27:04.644928,AS7926,SRCH,anomaly,0.1671,1.0181,28.66,0,1
RU,web_connectivity,2022-05-08 04:49:29.873974,AS24775,REL,anomaly,0.679,0.7066,215.06,1,1
DE,http_header_field_manipulation,2022-05-08 09:11:55.103020,AS20634,ECON,ok,0.0983,0.034,35.75,1,0
TR,dns_consistency,2022-05-08 13:34:20.332066,AS18345,ANON,ok,0.0557,0.0666,20.62,1,0
TH,web_connectivity,2022-05-08 17:56:45.561112,AS15539,HUMR,ok,0.2351,2.5107,21.84,1,0
IR,http_header_field_manipulation,2022-05-08 22:19:10.790158,AS35044,REL,confirmed,0.8781,0.03,118.6,1,0
UZ,web_connectivity,2022-05-09 02:41:36.019203,AS32671,ANON,ok,0.0484,0.2391,106.47,1,0
RU,web_connectivity,2022-05-09 07:04:01.248249,AS8947,COMT,failure,,0.3775,,0,1
NG,facebook_messenger,2022-05-09 11:26:26.477295,AS6146,COMT,ok,0.1113,0.4935,32.97,1,0
CN,facebook_messenger,2022-05-09 15:48:51.706341,AS25581,LGBT,anomaly,0.5512,1.6408,535.23,0,1
BY,dns_consistency,2022-05-09 20:11:16.935387,AS6146,LGBT,confirmed,0.6306,0.0454,26.66,1,0
RU,web_connectivity,2022-05-10 00:33:42.164432,AS41085,NEWS,anomaly,0.5732,2.6879,171.25,0,0
ID,web_connectivity,2022-05-10 04:56:07.393478,AS40389,ANON,ok,0.0901,0.9399,286.66,1,0
RU,whatsapp,2022-05-10 09:18:32.622524,AS2182,REL,confirmed,0.6145,0.4673,68.56,1,0
CN,web_connectivity,2022-05-10 13:40:57.851570,AS8947,ANON,anomaly,0.3853,0.5402,87.66,0,1
DE,web_connectivity,2022-05-10 18:03:23.080616,AS44761,ANON,ok,0.0438,1.4942,209.11,1,0
PK,telegram,2022-05-10 22:25:48.309661,AS57909,SRCH,ok,0.0949,0.2431,13.13,1,0
ID,web_connectivity,2022-05-11 02:48:13.538707,AS25581,SRCH,ok,0.042,1.2677,7.75,1,0
IN,web_connectivity,2022-05-11 07:10:38.767753,AS51222,COMT,ok,0.0326,0.5045,172.12,1,0
PK,web_connectivity,2022-05-11 11:33:03.996799,AS10526,NEWS,ok,0.1394,0.5812,109.11,1,0
EG,whatsapp,2022-05-11 15:55:29.225845,AS32635,ANON,anomaly,0.3806,1.3631,380.01,0,0
BR,dns_consistency,2022-05-11 20:17:54.454890,AS55961,REL,ok,0.2459,0.259,36.87,1,0
VN,web_connectivity,2022-05-12 00:40:19.683936,AS26441,POLR,anomaly,0.3596,1.2738,255.64,0,1
RU,telegram,2022-05-12 05:02:44.912982,AS41369,COMM,anomaly,0.5506,0.6074,1058.39,0,1
DE,whatsapp,2022-05-12 09:25:10.142028,AS6970,COMM,ok,0.0564,0.0026,5.0,1,0
MM,web_connectivity,2022-05-12 13:47:35.371074,AS58842,ECON,ok,0.0579,0.9179,43.47,1,0
DE,dns_consistency,2022-05-12 18:10:00.600120,AS20553,POLR,anomaly,0.543,1.8103,442.8,0,1
AZ,web_connectivity,2022-05-12 22:32:25.829165,AS32635,COMM,ok,0.0163,0.9967,234.92,1,0
BY,dns_consistency,2022-05-13 02:54:51.058211,AS18345,POLR,confirmed,0.7746,1.248,39.75,1,1
AZ,web_connectivity,2022-05-13 07:17:16.287257,AS50319,SRCH,ok,0.0002,0.3776,33.75,1,0
IR,web_connectivity,2022-05-13 11:39:41.516303,AS57909,COMT,anomaly,0.5346,0.4088,116.38,0,1
CN,http_header_field_manipulation,2022-05-13 16:02:06.745349,AS25581,COMT,anomaly,0.7095,1.2622,16.34,0,1
RU,dns_consistency,2022-05-13 20:24:31.974394,AS22453,SRCH,anomaly,0.6083,0.7077,52.59,0,1
FR,web_connectivity,2022-05-14 00:46:57.203440,AS4099,HUMR,ok,0.0684,0.453,13.21,1,0
CN,web_connectivity,2022-05-14 05:09:22.432486,AS49724,NEWS,anomaly,0.5782,0.2731,37.57,1,1
IN,facebook_messenger,2022-05-14 09:31:47.661532,AS46987,POLR,ok,0.0748,1.5698,44.15,1,0
CN,web_connectivity,2022-05-14 13:54:12.890578,AS59099,POLR,anomaly,0.8518,0.116,81.83,0,1
RU,http_header_field_manipulation,2022-05-14 18:16:38.119623,AS8640,COMM,ok,0.0009,0.5117,180.9,1,0
CN,web_connectivity,2022-05-14 22:39:03.348669,AS25294,LGBT,anomaly,0.8439,0.1115,92.83,1,1
RU,http_header_field_manipulation,2022-05-15 03:01:28.577715,AS55961,HUMR,confirmed,0.6679,0.0431,49.11,0,1
IN,web_connectivity,2022-05-15 07:23:53.806761,AS36237,HUMR,confirmed,0.6115,0.7377,149.75,1,1
ID,web_connectivity,2022-05-15 11:46:19.035807,AS59099,COMM,ok,0.0278,0.0537,216.01,1,0
VN,http_header_field_manipulation,2022-05-15 16:08:44.264852,AS38379,COMT,ok,0.0964,1.6456,110.09,1,0
EG,web_connectivity,2022-05-15 20:31:09.493898,AS41628,ANON,ok,0.0836,1.0254,196.02,1,1
DE,dns_consistency,2022-05-16 00:53:34.722944,AS51947,HUMR,ok,0.1245,0.4636,61.17,1,0
MM,web_connectivity,2022-05-16 05:15:59.951990,AS8947,POLR,ok,0.3421,0.6738,320.12,1,0
KZ,web_connectivity,2022-05-16 09:38:25.181036,AS2592,NEWS,ok,0.0542,0.5989,76.29,1,0
ID,tcp_connect,2022-05-16 14:00:50.410082,AS51222,ECON,ok,0.1377,2.2974,,1,0
RU,web_connectivity,2022-05-16 18:23:15.639127,AS32671,LGBT,ok,0.187,0.0729,36.92,1,0
AZ,web_connectivity,2022-05-16 22:45:40.868173,AS51222,COMM,ok,0.1233,0.5279,125.67,1,0
CN,web_connectivity,2022-05-17 03:08:06.097219,AS40389,ECON,ok,0.0614,1.668,34.51,1,0
IN,web_connectivity,2022-05-17 07:30:31.326265,AS20634,REL,anomaly,0.5845,0.0922,5.0,0,1
TR,web_connectivity,2022-05-17 11:52:56.555311,AS25294,POLR,anomaly,0.4579,1.2171,127.79,1,0
VN,web_connectivity,2022-05-17 16:15:21.784356,AS22453,LGBT,ok,0.0705,0.0773,124.18,1,0
BR,web_connectivity,2022-05-17 20:37:47.013402,AS52965,SRCH,ok,,1.2568,85.23,1,0
IR,whatsapp,2022-05-18 01:00:12.242448,AS44761,NEWS,anomaly,0.8442,0.7729,147.27,0,0
MM,web_connectivity,2022-05-18 05:22:37.471494,AS15631,ANON,ok,0.1475,0.5528,194.72,1,0
DE,whatsapp,2022-05-18 09:45:02.700540,AS13266,ECON,ok,0.0551,0.393,192.82,1,1
RU,whatsapp,2022-05-18 14:07:27.929585,AS9939,ANON,ok,0.3019,1.2947,249.12,1,0
IN,web_connectivity,2022-05-18 18:29:53.158631,AS23883,ECON,ok,0.1727,0.8111,267.8,1,0
US,web_connectivity,2022-05-18 22:52:18.387677,AS4899,REL,ok,0.0598,0.4647,87.14,1,0
RU,web_connectivity,2022-05-19 03:14:43.616723,AS49977,REL,ok,0.1192,0.421,48.96,1,1
IR,dns_consistency,2022-05-19 07:37:08.845769,AS15631,NEWS,confirmed,0.4923,0.3222,5.0,0,1
FR,http_header_field_manipulation,2022-05-19 11:59:34.074814,AS17131,POLR,ok,0.0492,0.9101,346.93,1,0
AZ,http_header_field_manipulation,2022-05-19 16:21:59.303860,AS32635,LGBT,confirmed,0.8807,0.66,35.12,0,0
IR,dns_consistency,2022-05-19 20:44:24.532906,AS1588,NEWS,confirmed,0.3198,0.1185,217.73,1,1
BR,web_connectivity,2022-05-20 01:06:49.761952,AS44761,REL,ok,0.006,1.3659,8.94,1,0
IN,whatsapp,2022-05-20 05:29:14.990998,AS28647,HUMR,ok,0.0529,0.4052,65.7,1,0
US,web_connectivity,2022-05-20 09:51:40.220044,AS8947,ANON,ok,0.2018,0.5203,20.63,1,0
DE,vanilla_tor,2022-05-20 14:14:05.449089,AS49977,POLR,ok,0.0583,0.6917,213.47,1,0
RU,web_connectivity,2022-05-20 18:36:30.678135,AS35044,LGBT,ok,0.0837,0.2153,63.32,1,0
TR,web_connectivity,2022-05-20 22:58:55.907181,AS29338,LGBT,ok,0.0321,1.8639,393.38,1,0
IR,telegram,2022-05-21 03:21:21.136227,AS2592,HUMR,ok,0.0001,0.0567,179.71,1,0
DE,dns_consistency,2022-05-21 07:43:46.365273,AS4263,HUMR,ok,0.1616,1.1883,78.77,1,0
KZ,tcp_connect,2022-05-21 12:06:11.594318,AS51222,COMT,ok,0.0769,0.0369,203.74,1,0
FR,web_connectivity,2022-05-21 16:28:36.823364,AS49977,HUMR,ok,0.3939,0.3097,218.91,1,0
TH,whatsapp,2022-05-21 20:51:02.052410,AS41085,ECON,ok,0.1619,0.1304,327.49,1,0
FR,telegram,2022-05-22 01:13:27.281456,AS28647,COMM,ok,0.0898,0.9019,5.0,1,0
RU,web_connectivity,2022-05-22 05:35:52.510502,AS57909,NEWS,ok,0.0714,1.1179,170.71,1,0
EG,web_connectivity,2022-05-22 09:58:17.739547,AS19698,NEWS,ok,0.082,0.1233,13.31,1,0
CN,http_header_field_manipulation,2022-05-22 14:20:42.968593,AS29338,ECON,ok,0.0343,1.0436,265.33,1,0
AZ,facebook_messenger,2022-05-22 18:43:08.197639,AS49977,POLR,ok,0.0049,2.9102,20.32,1,0
MM,http_header_field_manipulation,2022-05-22 23:05:33.426685,AS33842,POLR,ok,0.1325,0.4017,,1,0
IN,facebook_messenger,2022-05-23 03:27:58.655731,AS22453,REL,ok,0.3883,0.8796,103.26,1,0
DE,web_connectivity,2022-05-23 07:50:23.884776,AS29338,HUMR,ok,0.276,1.5052,199.71,1,0
CN,telegram,2022-05-23 12:12:49.113822,AS15061,LGBT,failure,0.7382,0.1264,29.0,0,0
TR,web_connectivity,2022-05-23 16:35:14.342868,AS41628,POLR,ok,0.0132,0.0719,5.0,1,0
FR,web_connectivity,2022-05-23 20:57:39.571914,AS42772,COMM,ok,0.4495,0.2127,140.23,1,0
KZ,dns_consistency,2022-05-24 01:20:04.800960,AS20553,SRCH,ok,0.0008,0.2802,239.68,1,0
CN,http_header_field_manipulation,2022-05-24 05:42:30.030006,AS13266,REL,anomaly,0.4456,1.7294,70.21,0,0
CN,web_connectivity,2022-05-24 10:04:55.259051,AS10526,COMT,confirmed,0.8961,0.0386,,0,1
IR,telegram,2022-05-24 14:27:20.488097,AS57909,HUMR,anomaly,0.933,2.0446,35.72,0,1
FR,telegram,2022-05-24 18:49:45.717143,AS23883,POLR,ok,0.0009,0.3828,110.97,1,0
KZ,tcp_connect,2022-05-24 23:12:10.946189,AS44761,NEWS,ok,0.0755,0.194,5.0,1,0
BR,web_connectivity,2022-05-25 03:34:36.175235,AS11241,COMT,ok,0.156,0.2241,24.4,1,1
VN,web_connectivity,2022-05-25 07:57:01.404280,AS58842,HUMR,ok,0.1263,1.6636,5.0,1,0
PK,dns_consistency,2022-05-25 12:19:26.633326,AS33842,LGBT,ok,0.0983,0.5099,44.86,1,0
CN,tcp_connect,2022-05-25 16:41:51.862372,AS54883,HUMR,ok,0.0826,0.1611,13.85,1,0
TH,web_connectivity,2022-05-25 21:04:17.091418,AS49724,HUMR,ok,0.1599,0.8174,370.99,1,0
US,http_header_field_manipulation,2022-05-26 01:26:42.320464,AS15061,POLR,ok,,0.6376,233.53,1,0
RU,dns_consistency,2022-05-26 05:49:07.549509,AS41085,ECON,ok,0.2074,1.6819,38.98,1,0
IN,tcp_connect,2022-05-26 10:11:32.778555,AS35044,ANON,ok,,0.8225,277.94,1,1
NG,web_connectivity,2022-05-26 14:33:58.007601,AS6146,COMT,ok,0.0073,0.1778,275.1,1,0
TR,http_header_field_manipulation,2022-05-26 18:56:23.236647,AS7926,ECON,ok,0.0926,2.3652,19.37,1,0
VN,web_connectivity,2022-05-26 23:18:48.465693,AS53867,HUMR,ok,0.2102,0.0485,138.04,1,0
KZ,web_connectivity,2022-05-27 03:41:13.694738,AS41085,ANON,ok,0.0093,0.7998,43.86,1,0
PK,telegram,2022-05-27 08:03:38.923784,AS8947,LGBT,ok,0.1259,1.657,151.67,1,0
NG,web_connectivity,2022-05-27 12:26:04.152830,AS6146,POLR,ok,0.2682,0.9962,5.0,1,0
US,vanilla_tor,2022-05-27 16:48:29.381876,AS46987,ECON,ok,0.167,0.8071,210.86,1,0
CN,web_connectivity,2022-05-27 21:10:54.610922,AS41085,SRCH,ok,,0.5418,189.3,1,0
DE,dns_consistency,2022-05-28 01:33:19.839967,AS46987,REL,ok,0.0512,0.8839,49.2,1,0
TR,web_connectivity,2022-05-28 05:55:45.069013,AS39530,COMT,ok,0.0292,0.8694,100.74,1,0
TH,vanilla_tor,2022-05-28 10:18:10.298059,AS18345,HUMR,ok,,0.9231,49.52,1,0
KZ,vanilla_tor,2022-05-28 14:40:35.527105,AS23227,NEWS,ok,,2.4369,5.0,1,1
IR,web_connectivity,2022-05-28 19:03:00.756151,AS22895,COMT,confirmed,0.6463,0.0753,29.31,1,1
BY,web_connectivity,2022-05-28 23:25:25.985197,AS55961,ANON,confirmed,0.6103,0.3101,37.6,0,1
EG,tcp_connect,2022-05-29 03:47:51.214242,AS51947,HUMR,ok,0.256,0.8532,325.79,1,0
FR,whatsapp,2022-05-29 08:10:16.443288,AS52615,ECON,ok,0.0954,0.2167,216.98,1,0
DE,http_header_field_manipulation,2022-05-29 12:32:41.672334,AS1588,NEWS,ok,0.2756,0.3189,97.31,1,0
EG,whatsapp,2022-05-29 16:55:06.901380,AS49724,COMT,ok,0.0108,1.6989,45.49,1,0
US,web_connectivity,2022-05-29 21:17:32.130426,AS20553,COMT,ok,0.2364,0.2152,38.35,1,0
RU,http_header_field_manipulation,2022-05-30 01:39:57.359471,AS53867,SRCH,ok,0.2046,1.1925,159.77,1,1
RU,http_header_field_manipulation,2022-05-30 06:02:22.588517,AS52965,ANON,anomaly,0.6161,1.562,30.54,0,1
IR,web_connectivity,2022-05-30 10:24:47.817563,AS6970,ANON,confirmed,0.4711,0.2265,220.67,0,1
TR,tcp_connect,2022-05-30 14:47:13.046609,AS35044,SRCH,ok,0.0877,2.4215,56.08,1,0
CN,facebook_messenger,2022-05-30 19:09:38.275655,AS42772,ANON,anomaly,0.2818,0.2684,5.0,1,1
EG,telegram,2022-05-30 23:32:03.504700,AS58945,HUMR,failure,0.551,0.7193,37.37,0,1
EG,web_connectivity,2022-05-31 03:54:28.733746,AS9939,COMM,ok,0.1133,0.7295,,1,0
FR,web_connectivity,2022-05-31 08:16:53.962792,AS51222,LGBT,ok,0.0574,0.2212,135.29,1,0
TR,dns_consistency,2022-05-31 12:39:19.191838,AS57909,COMM,confirmed,0.6062,0.1682,33.83,1,0
TH,web_connectivity,2022-05-31 17:01:44.420884,AS17131,NEWS,ok,0.1937,0.4912,624.65,1,0
NG,facebook_messenger,2022-05-31 21:24:09.649929,AS59099,SRCH,ok,0.2522,1.553,15.27,1,0
US,web_connectivity,2022-06-01 01:46:34.878975,AS55374,HUMR,ok,0.0492,0.5185,27.13,1,0
VN,tcp_connect,2022-06-01 06:09:00.108021,AS8947,POLR,ok,0.0441,1.1499,87.65,1,0
EG,web_connectivity,2022-06-01 10:31:25.337067,AS29338,POLR,ok,0.1452,1.0654,70.94,1,0
IR,dns_consistency,2022-06-01 14:53:50.566113,AS13761,ECON,ok,0.0645,0.6524,55.11,1,0
PK,web_connectivity,2022-06-01 19:16:15.795159,AS23227,NEWS,ok,,1.7983,123.86,1,0
EG,web_connectivity,2022-06-01 23:38:41.024204,AS26441,ANON,ok,0.1273,1.157,269.53,1,0
FR,web_connectivity,2022-06-02 04:01:06.253250,AS23883,COMT,ok,0.0902,1.3953,86.58,1,1
UZ,http_header_field_manipulation,2022-06-02 08:23:31.482296,AS24775,COMT,ok,0.0079,0.5122,640.06,1,0
VN,tcp_connect,2022-06-02 12:45:56.711342,AS42135,ECON,ok,0.0884,0.5261,351.4,1,0
EG,web_connectivity,2022-06-02 17:08:21.940388,AS50368,COMM,ok,0.3913,2.0299,161.21,1,0
TH,web_connectivity,2022-06-02 21:30:47.169433,AS25884,COMM,ok,0.0274,0.7681,148.09,1,0
ID,tcp_connect,2022-06-03 01:53:12.398479,AS19698,COMT,ok,0.0706,1.5053,134.51,1,0
BY,tcp_connect,2022-06-03 06:15:37.627525,AS18345,COMT,ok,0.0711,1.3481,244.71,1,0
PK,web_connectivity,2022-06-03 10:38:02.856571,AS55374,ANON,ok,0.0712,0.9987,212.68,1,0
IR,web_connectivity,2022-06-03 15:00:28.085617,AS38379,COMM,ok,0.1211,1.5229,144.32,1,0
BY,web_connectivity,2022-06-03 19:22:53.314662,AS51222,HUMR,ok,0.0051,0.5775,213.5,1,0
CN,web_connectivity,2022-06-03 23:45:18.543708,AS59099,LGBT,confirmed,0.4862,0.5454,49.91,0,1
BR,web_connectivity,2022-06-04 04:07:43.772754,AS25581,SRCH,ok,0.0025,0.7075,76.54,1,0
IN,dns_consistency,2022-06-04 08:30:09.001800,AS42772,ECON,confirmed,0.8978,0.3158,265.97,1,0
TR,telegram,2022-06-04 12:52:34.230846,AS33842,POLR,failure,0.4408,0.674,149.5,0,1
TR,web_connectivity,2022-06-04 17:14:59.459891,AS41369,HUMR,anomaly,0.3944,0.7193,181.18,1,0
AZ,tcp_connect,2022-06-04 21:37:24.688937,AS10526,NEWS,ok,0.2599,0.3077,123.38,1,0
PK,dns_consistency,2022-06-05 01:59:49.917983,AS25581,LGBT,anomaly,0.4566,2.7935,,1,1
US,telegram,2022-06-05 06:22:15.147029,AS11241,HUMR,ok,0.0682,1.6731,36.32,1,0
VN,tcp_connect,2022-06-05 10:44:40.376075,AS50368,POLR,anomaly,0.2212,0.2902,140.23,1,1
FR,whatsapp,2022-06-05 15:07:05.605121,AS34008,ECON,ok,0.1079,0.6843,153.5,1,0
IN,http_header_field_manipulation,2022-06-05 19:29:30.834166,AS24775,SRCH,ok,0.1972,0.291,103.9,1,0
BR,tcp_connect,2022-06-05 23:51:56.063212,AS9939,ECON,ok,0.1176,0.269,18.45,1,0
US,web_connectivity,2022-06-06 04:14:21.292258,AS15061,POLR,ok,0.0938,0.8989,160.45,1,0
TH,web_connectivity,2022-06-06 08:36:46.521304,AS42135,POLR,ok,0.0114,0.0268,34.32,1,0
TR,telegram,2022-06-06 12:59:11.750350,AS19698,LGBT,ok,0.0778,0.562,,1,0
FR,tcp_connect,2022-06-06 17:21:36.979395,AS55874,POLR,ok,0.1255,0.3218,18.88,1,0
TR,web_connectivity,2022-06-06 21:44:02.208441,AS8640,SRCH,anomaly,0.9609,0.4223,86.69,0,1
IR,whatsapp,2022-06-07 02:06:27.437487,AS2592,REL,ok,0.1413,0.2665,166.82,1,0
CN,web_connectivity,2022-06-07 06:28:52.666533,AS22453,COMT,ok,0.2059,1.4172,5.0,1,0
IN,web_connectivity,2022-06-07 10:51:17.895579,AS36237,HUMR,ok,0.0543,0.428,161.06,1,0
NG,http_header_field_manipulation,2022-06-07 15:13:43.124624,AS45204,POLR,ok,0.2458,0.3251,25.94,1,0
US,dns_consistency,2022-06-07 19:36:08.353670,AS48048,COMT,ok,0.4816,0.2541,,1,0
IN,dns_consistency,2022-06-07 23:58:33.582716,AS4099,POLR,ok,0.0441,0.3305,5.0,1,0
BR,web_connectivity,2022-06-08 04:20:58.811762,AS49724,ANON,ok,0.0334,0.3487,30.02,1,0
BY,facebook_messenger,2022-06-08 08:43:24.040808,AS29606,REL,anomaly,0.3758,0.2701,107.79,0,0
BY,facebook_messenger,2022-06-08 13:05:49.269853,AS35011,HUMR,anomaly,0.7853,0.5568,816.07,0,1
EG,web_connectivity,2022-06-08 17:28:14.498899,AS6146,REL,ok,0.1069,1.1888,,1,1
ID,web_connectivity,2022-06-08 21:50:39.727945,AS35011,ECON,anomaly,0.8723,1.4874,147.66,0,1
BR,web_connectivity,2022-06-09 02:13:04.956991,AS6970,ANON,ok,0.0902,0.971,50.47,1,0
RU,whatsapp,2022-06-09 06:35:30.186037,AS23883,REL,ok,0.0206,0.364,9.58,1,0
TR,whatsapp,2022-06-09 10:57:55.415083,AS8947,LGBT,anomaly,0.7907,0.7175,156.76,0,0
TR,dns_consistency,2022-06-09 15:20:20.644128,AS4099,COMT,ok,0.0468,0.3221,10.34,1,0
US,whatsapp,2022-06-09 19:42:45.873174,AS36237,COMT,ok,0.0253,0.4842,187.92,1,0
KZ,http_header_field_manipulation,2022-06-10 00:05:11.102220,AS4099,POLR,anomaly,0.4713,0.4223,191.34,0,1
BY,dns_consistency,2022-06-10 04:27:36.331266,AS6146,ANON,ok,0.017,0.8021,35.21,1,0
CN,web_connectivity,2022-06-10 08:50:01.560312,AS23227,ECON,confirmed,0.3024,0.2935,179.83,0,1
US,web_connectivity,2022-06-10 13:12:26.789357,AS55374,NEWS,ok,0.0231,0.8475,264.07,1,0
VN,web_connectivity,2022-06-10 17:34:52.018403,AS4263,SRCH,ok,0.0238,0.0267,107.09,1,0
FR,dns_consistency,2022-06-10 21:57:17.247449,AS23227,REL,ok,0.0232,0.0073,29.48,1,0
RU,web_connectivity,2022-06-11 02:19:42.476495,AS32635,NEWS,ok,0.0438,1.096,109.82,1,0
DE,web_connectivity,2022-06-11 06:42:07.705541,AS28647,HUMR,ok,0.0007,1.5037,191.0,1,0
FR,web_connectivity,2022-06-11 11:04:32.934586,AS48048,COMM,ok,0.0126,0.0283,116.99,1,0
FR,http_header_field_manipulation,2022-06-11 15:26:58.163632,AS18345,SRCH,ok,0.1278,0.4563,,0,0
TR,vanilla_tor,2022-06-11 19:49:23.392678,AS42135,ECON,anomaly,0.5967,1.2518,27.84,1,1
RU,whatsapp,2022-06-12 00:11:48.621724,AS2072,POLR,failure,0.6986,1.1296,85.6,0,0
BR,http_header_field_manipulation,2022-06-12 04:34:13.850770,AS22895,HUMR,ok,0.0237,0.2225,28.76,1,0
AZ,tcp_connect,2022-06-12 08:56:39.079815,AS19111,COMM,ok,0.3222,1.3455,81.82,1,0
TR,web_connectivity,2022-06-12 13:19:04.308861,AS25581,ECON,ok,0.2229,0.49,139.24,1,0
TH,web_connectivity,2022-06-12 17:41:29.537907,AS13761,ECON,ok,0.0825,0.6165,56.98,1,0
TR,web_connectivity,2022-06-12 22:03:54.766953,AS42135,ANON,ok,0.0752,0.7648,170.24,1,0
NG,web_connectivity,2022-06-13 02:26:19.995999,AS11241,SRCH,anomaly,0.807,0.1297,126.24,1,1
EG,http_header_field_manipulation,2022-06-13 06:48:45.225045,AS20634,REL,ok,0.1615,1.336,103.52,1,0
TR,web_connectivity,2022-06-13 11:11:10.454090,AS24775,COMM,ok,0.0968,0.4582,85.74,1,0
TR,tcp_connect,2022-06-13 15:33:35.683136,AS4899,LGBT,ok,0.0393,1.227,69.31,1,0
DE,web_connectivity,2022-06-13 19:56:00.912182,AS50319,REL,ok,0.0066,0.2566,44.18,1,0
BY,web_connectivity,2022-06-14 00:18:26.141228,AS22453,POLR,ok,0.1804,1.6013,41.45,1,0
IR,facebook_messenger,2022-06-14 04:40:51.370274,AS58569,LGBT,failure,0.4952,1.3072,39.02,0,0
NG,web_connectivity,2022-06-14 09:03:16.599319,AS28910,ECON,ok,0.02,2.2582,214.07,1,0
VN,dns_consistency,2022-06-14 13:25:41.828365,AS15061,POLR,ok,0.16,0.3839,86.25,1,0
BR,web_connectivity,2022-06-14 17:48:07.057411,AS34008,ECON,ok,0.0381,1.6203,530.45,1,0
TH,web_connectivity,2022-06-14 22:10:32.286457,AS28647,POLR,ok,0.0415,0.8955,223.51,1,0
NG,http_header_field_manipulation,2022-06-15 02:32:57.515503,AS35011,NEWS,ok,0.3263,0.6002,20.48,1,0
NG,http_header_field_manipulation,2022-06-15 06:55:22.744548,AS58945,ANON,ok,0.109,1.3382,256.81,1,1
BR,web_connectivity,2022-06-15 11:17:47.973594,AS55874,LGBT,ok,0.0898,2.153,195.72,1,0
EG,whatsapp,2022-06-15 15:40:13.202640,AS50319,REL,ok,0.0043,0.2205,539.68,1,0
IR,http_header_field_manipulation,2022-06-15 20:02:38.431686,AS41085,LGBT,failure,0.7004,0.6899,1216.67,0,1
KZ,web_connectivity,2022-06-16 00:25:03.660732,AS53867,POLR,ok,0.1274,0.5211,45.99,1,0
RU,web_connectivity,2022-06-16 04:47:28.889777,AS50319,SRCH,anomaly,0.8798,1.0013,,0,0
NG,tcp_connect,2022-06-16 09:09:54.118823,AS6970,ECON,anomaly,0.2557,0.092,150.73,1,0
NG,tcp_connect,2022-06-16 13:32:19.347869,AS58653,ANON,ok,0.0105,1.0957,315.42,1,0
CN,web_connectivity,2022-06-16 17:54:44.576915,AS49977,LGBT,confirmed,0.2768,0.0621,34.17,0,1
RU,web_connectivity,2022-06-16 22:17:09.805961,AS34008,NEWS,anomaly,0.3488,1.2584,66.33,0,1
IR,web_connectivity,2022-06-17 02:39:35.035007,AS19698,POLR,anomaly,0.6602,0.2309,157.76,0,1
CN,web_connectivity,2022-06-17 07:02:00.264052,AS51947,LGBT,confirmed,0.6825,0.0037,5.0,0,1
KZ,web_connectivity,2022-06-17 11:24:25.493098,AS39530,ECON,ok,0.0135,0.9498,5.0,1,0
AZ,facebook_messenger,2022-06-17 15:46:50.722144,AS25294,COMT,ok,0.0246,1.1492,163.2,1,1
RU,tcp_connect,2022-06-17 20:09:15.951190,AS11241,REL,ok,0.021,0.2613,62.16,1,0
TR,tcp_connect,2022-06-18 00:31:41.180236,AS19698,COMT,confirmed,0.5167,0.5111,40.66,1,1
KZ,web_connectivity,2022-06-18 04:54:06.409281,AS2175,REL,ok,0.3693,0.4681,5.0,1,0
CN,web_connectivity,2022-06-18 09:16:31.638327,AS7926,ECON,failure,0.1478,0.0924,1191.17,1,1
FR,web_connectivity,2022-06-18 13:38:56.867373,AS32671,NEWS,ok,0.0643,1.6029,74.69,1,0
CN,dns_consistency,2022-06-18 18:01:22.096419,AS42135,NEWS,anomaly,0.6223,2.0546,46.62,0,1
EG,web_connectivity,2022-06-18 22:23:47.325465,AS4263,POLR,ok,0.066,0.7219,42.85,1,0
IN,web_connectivity,2022-06-19 02:46:12.554510,AS1588,LGBT,anomaly,0.5444,0.7601,165.21,0,1
IR,web_connectivity,2022-06-19 07:08:37.783556,AS25983,HUMR,anomaly,0.7395,0.8168,85.85,1,0
CN,whatsapp,2022-06-19 11:31:03.012602,AS8947,ECON,anomaly,0.401,0.0819,80.47,1,0
VN,http_header_field_manipulation,2022-06-19 15:53:28.241648,AS22453,COMM,confirmed,0.6115,0.9278,90.97,0,1
TR,web_connectivity,2022-06-19 20:15:53.470694,AS17131,REL,failure,0.5571,0.3381,70.66,0,0
NG,tcp_connect,2022-06-20 00:38:18.699739,AS18345,SRCH,ok,0.0038,2.3639,175.39,0,1
CN,tcp_connect,2022-06-20 05:00:43.928785,AS46987,LGBT,anomaly,0.6169,0.4915,31.41,1,0
DE,web_connectivity,2022-06-20 09:23:09.157831,AS29606,SRCH,ok,0.0708,2.498,296.25,1,0
US,web_connectivity,2022-06-20 13:45:34.386877,AS51947,NEWS,ok,0.2356,1.2514,94.81,1,0
IN,tcp_connect,2022-06-20 18:07:59.615923,AS25581,SRCH,ok,0.0002,0.9606,356.31,1,0
CN,web_connectivity,2022-06-20 22:30:24.844968,AS55961,LGBT,confirmed,0.6383,0.2751,75.73,0,0
DE,whatsapp,2022-06-21 02:52:50.074014,AS55961,POLR,ok,0.057,1.0978,479.05,1,0
VN,web_connectivity,2022-06-21 07:15:15.303060,AS25581,SRCH,ok,0.2708,2.1401,120.01,1,0
ID,dns_consistency,2022-06-21 11:37:40.532106,AS25294,REL,ok,0.1267,0.1352,25.7,1,0
MM,web_connectivity,2022-06-21 16:00:05.761152,AS44761,COMT,anomaly,0.8133,0.0417,111.64,1,1
IR,http_header_field_manipulation,2022-06-21 20:22:30.990198,AS39530,COMT,failure,0.6338,0.9138,36.38,0,0
CN,vanilla_tor,2022-06-22 00:44:56.219243,AS45204,REL,anomaly,0.2429,1.0738,34.59,1,1
RU,web_connectivity,2022-06-22 05:07:21.448289,AS32635,SRCH,ok,0.053,0.2874,137.86,1,0
IR,web_connectivity,2022-06-22 09:29:46.677335,AS20553,COMT,ok,0.0058,0.6415,17.78,1,0
CN,web_connectivity,2022-06-22 13:52:11.906381,AS36237,COMM,confirmed,0.5172,0.3677,35.36,0,1
CN,telegram,2022-06-22 18:14:37.135427,AS51222,NEWS,anomaly,0.9209,0.2934,182.4,1,1
CN,tcp_connect,2022-06-22 22:37:02.364472,AS11241,SRCH,anomaly,0.805,0.2157,38.7,0,1
CN,web_connectivity,2022-06-23 02:59:27.593518,AS53867,LGBT,ok,0.0542,0.256,201.99,1,1
TR,facebook_messenger,2022-06-23 07:21:52.822564,AS2182,POLR,ok,0.0457,0.5576,102.88,1,0
IR,http_header_field_manipulation,2022-06-23 11:44:18.051610,AS28647,POLR,failure,,0.5003,259.02,0,1
CN,web_connectivity,2022-06-23 16:06:43.280656,AS28910,ECON,confirmed,0.8928,0.5975,55.79,0,1
VN,dns_consistency,2022-06-23 20:29:08.509701,AS38379,COMT,ok,0.0057,2.4213,376.87,1,0
CN,dns_consistency,2022-06-24 00:51:33.738747,AS20553,NEWS,anomaly,0.6213,1.2939,123.13,1,1
IR,tcp_connect,2022-06-24 05:13:58.967793,AS23227,COMM,failure,0.8528,0.5069,83.76,1,1
RU,web_connectivity,2022-06-24 09:36:24.196839,AS49977,ECON,ok,0.0564,0.241,92.97,1,0
US,whatsapp,2022-06-24 13:58:49.425885,AS2072,LGBT,ok,0.1194,1.7925,14.28,1,0
BY,tcp_connect,2022-06-24 18:21:14.654930,AS2072,NEWS,ok,0.1667,1.6918,175.59,1,0
RU,http_header_field_manipulation,2022-06-24 22:43:39.883976,AS38379,HUMR,confirmed,0.5513,0.1273,35.35,1,1
US,web_connectivity,2022-06-25 03:06:05.113022,AS22895,COMM,ok,0.1233,0.0186,5.0,1,1
VN,facebook_messenger,2022-06-25 07:28:30.342068,AS18345,ECON,ok,0.0208,0.995,613.07,1,0
BR,dns_consistency,2022-06-25 11:50:55.571114,AS25294,NEWS,ok,0.3127,0.1682,74.99,1,0
AZ,telegram,2022-06-25 16:13:20.800160,AS52965,SRCH,ok,0.0572,0.5433,5.0,1,0
AZ,web_connectivity,2022-06-25 20:35:46.029205,AS58569,LGBT,ok,0.0382,0.1334,,1,0
RU,vanilla_tor,2022-06-26 00:58:11.258251,AS29606,POLR,ok,0.1057,0.9696,58.01,1,0
IN,tcp_connect,2022-06-26 05:20:36.487297,AS22453,COMM,ok,0.0195,0.6273,145.47,1,0
VN,facebook_messenger,2022-06-26 09:43:01.716343,AS49724,REL,ok,0.0817,0.3225,5.0,1,0
ID,web_connectivity,2022-06-26 14:05:26.945389,AS55374,ANON,ok,0.0456,0.9384,25.96,1,0
MM,web_connectivity,2022-06-26 18:27:52.174434,AS34008,SRCH,ok,0.0181,0.2685,59.49,1,0
IR,web_connectivity,2022-06-26 22:50:17.403480,AS4099,COMM,anomaly,0.8968,0.119,63.66,1,1
CN,web_connectivity,2022-06-27 03:12:42.632526,AS11241,ECON,failure,0.6274,0.1382,447.06,0,1
PK,web_connectivity,2022-06-27 07:35:07.861572,AS8640,SRCH,ok,,0.6086,29.96,1,1
DE,facebook_messenger,2022-06-27 11:57:33.090618,AS19698,SRCH,ok,0.1551,1.9801,59.69,1,0
US,http_header_field_manipulation,2022-06-27 16:19:58.319663,AS58945,POLR,ok,0.0089,1.2197,66.77,1,0
NG,web_connectivity,2022-06-27 20:42:23.548709,AS35044,POLR,ok,0.0585,0.7365,355.93,1,0
IR,facebook_messenger,2022-06-28 01:04:48.777755,AS2072,ANON,confirmed,0.8851,0.0907,86.6,1,1
AZ,tcp_connect,2022-06-28 05:27:14.006801,AS52615,COMM,ok,0.0068,0.7742,70.0,1,0
AZ,telegram,2022-06-28 09:49:39.235847,AS53867,SRCH,ok,0.0395,2.1639,5.0,1,0
DE,telegram,2022-06-28 14:12:04.464892,AS42135,HUMR,ok,,0.1179,5.0,0,0
NG,tcp_connect,2022-06-28 18:34:29.693938,AS38379,POLR,ok,0.1423,0.0145,198.77,1,1
VN,web_connectivity,2022-06-28 22:56:54.922984,AS40389,ANON,anomaly,0.4137,1.1213,381.42,0,1
IR,vanilla_tor,2022-06-29 03:19:20.152030,AS58653,COMM,confirmed,0.8507,0.0778,45.92,1,0
IR,web_connectivity,2022-06-29 07:41:45.381076,AS49724,SRCH,anomaly,0.7621,1.2085,381.81,0,1
RU,http_header_field_manipulation,2022-06-29 12:04:10.610122,AS50319,ECON,anomaly,0.8483,0.6032,51.6,0,1
UZ,whatsapp,2022-06-29 16:26:35.839167,AS47656,POLR,ok,0.0154,0.7506,368.81,1,0
TR,web_connectivity,2022-06-29 20:49:01.068213,AS29338,COMM,anomaly,0.5197,0.8819,103.17,1,0
RU,http_header_field_manipulation,2022-06-30 01:11:26.297259,AS2182,ANON,ok,0.0565,0.4278,7.16,1,0
DE,web_connectivity,2022-06-30 05:33:51.526305,AS20553,ECON,ok,0.6235,2.2547,5.0,1,0
RU,web_connectivity,2022-06-30 09:56:16.755351,AS22453,LGBT,failure,0.8672,0.0615,1109.94,0,1
RU,web_connectivity,2022-06-30 14:18:41.984396,AS41369,SRCH,ok,0.098,0.1627,66.13,1,0
DE,whatsapp,2022-06-30 18:41:07.213442,AS32671,HUMR,ok,0.2377,0.8595,5.0,1,0
US,web_connectivity,2022-06-30 23:03:32.442488,AS58653,COMM,ok,0.1601,2.2056,11.47,1,0
BR,whatsapp,2022-07-01 03:25:57.671534,AS28910,HUMR,ok,0.0349,1.255,84.62,1,0
VN,http_header_field_manipulation,2022-07-01 07:48:22.900580,AS8640,COMM,ok,0.1766,0.6681,5.0,1,0
VN,http_header_field_manipulation,2022-07-01 12:10:48.129625,AS41369,COMT,ok,0.0538,1.5198,186.33,1,0
DE,whatsapp,2022-07-01 16:33:13.358671,AS25294,HUMR,ok,0.1152,0.5119,248.09,1,0
NG,dns_consistency,2022-07-01 20:55:38.587717,AS49977,COMT,ok,0.098,0.2588,44.78,1,0
TR,web_connectivity,2022-07-02 01:18:03.816763,AS40389,COMM,confirmed,0.7277,0.0838,151.63,0,1
DE,web_connectivity,2022-07-02 05:40:29.045809,AS33842,POLR,ok,0.1992,0.8648,189.16,1,0
IN,dns_consistency,2022-07-02 10:02:54.274854,AS57909,COMM,ok,0.0089,0.5105,91.49,1,0
TR,dns_consistency,2022-07-02 14:25:19.503900,AS10526,NEWS,ok,0.1343,0.6367,31.66,1,0
CN,web_connectivity,2022-07-02 18:47:44.732946,AS51222,HUMR,ok,0.212,1.7061,184.46,1,0
RU,http_header_field_manipulation,2022-07-02 23:10:09.961992,AS25884,ANON,ok,0.0635,0.6713,16.46,0,0
US,web_connectivity,2022-07-03 03:32:35.191038,AS59099,REL,ok,0.0673,0.4513,8.23,1,0
US,tcp_connect,2022-07-03 07:55:00.420084,AS15539,NEWS,ok,0.1129,0.4912,34.34,1,0
TR,dns_consistency,2022-07-03 12:17:25.649129,AS19698,ANON,ok,0.0032,0.956,61.44,1,0
FR,telegram,2022-07-03 16:39:50.878175,AS4263,SRCH,confirmed,0.7868,0.3754,78.6,1,0
BR,dns_consistency,2022-07-03 21:02:16.107221,AS49724,POLR,confirmed,0.396,0.012,38.76,1,1
KZ,whatsapp,2022-07-04 01:24:41.336267,AS15539,ANON,ok,0.0118,1.3805,13.67,1,0
BR,dns_consistency,2022-07-04 05:47:06.565313,AS26441,HUMR,ok,0.2341,2.9252,99.06,1,0
IR,dns_consistency,2022-07-04 10:09:31.794358,AS22895,COMT,anomaly,0.3943,0.0518,64.92,1,1
FR,web_connectivity,2022-07-04 14:31:57.023404,AS15061,POLR,ok,0.0801,0.5214,249.94,1,0
KZ,web_connectivity,2022-07-04 18:54:22.252450,AS42135,ANON,ok,0.0275,0.4569,312.77,1,0
DE,telegram,2022-07-04 23:16:47.481496,AS10526,NEWS,ok,0.1253,1.1202,52.27,1,0
CN,web_connectivity,2022-07-05 03:39:12.710542,AS28910,ANON,confirmed,0.3373,0.0198,408.97,0,1
CN,web_connectivity,2022-07-05 08:01:37.939587,AS42772,NEWS,anomaly,0.6861,1.4138,88.27,0,1
MM,whatsapp,2022-07-05 12:24:03.168633,AS15631,REL,failure,0.8611,0.3874,1465.26,0,1
RU,dns_consistency,2022-07-05 16:46:28.397679,AS25884,HUMR,ok,0.2539,0.8353,7.61,1,0
NG,web_connectivity,2022-07-05 21:08:53.626725,AS24775,SRCH,confirmed,0.8956,0.6257,30.65,0,1
NG,web_connectivity,2022-07-06 01:31:18.855771,AS22895,REL,ok,0.0407,2.3621,87.57,1,0
IR,dns_consistency,2022-07-06 05:53:44.084816,AS4263,POLR,confirmed,0.4021,0.637,111.61,1,0
EG,dns_consistency,2022-07-06 10:16:09.313862,AS58569,SRCH,ok,,0.8602,93.71,1,0
EG,whatsapp,2022-07-06 14:38:34.542908,AS36237,NEWS,anomaly,0.8163,1.069,7.47,1,1
TR,web_connectivity,2022-07-06 19:00:59.771954,AS48048,COMM,confirmed,0.5479,0.5576,103.04,0,1
DE,http_header_field_manipulation,2022-07-06 23:23:25.001000,AS41628,HUMR,ok,0.0228,0.4948,154.01,1,0
BY,whatsapp,2022-07-07 03:45:50.230046,AS2175,ANON,anomaly,0.6339,0.4701,10.57,1,1
US,whatsapp,2022-07-07 08:08:15.459091,AS54883,ANON,ok,0.1629,0.1248,92.36,1,0
NG,web_connectivity,2022-07-07 12:30:40.688137,AS4099,NEWS,ok,0.0062,0.9436,46.79,1,0
IN,web_connectivity,2022-07-07 16:53:05.917183,AS33842,COMM,ok,0.4329,0.7845,250.9,1,0
IR,dns_consistency,2022-07-07 21:15:31.146229,AS2592,LGBT,failure,0.7593,0.9305,1364.39,1,1
FR,whatsapp,2022-07-08 01:37:56.375275,AS58945,LGBT,ok,0.0784,0.7679,115.36,1,0
US,tcp_connect,2022-07-08 06:00:21.604320,AS55374,COMM,ok,0.1072,0.6727,5.0,1,0
TR,dns_consistency,2022-07-08 10:22:46.833366,AS58569,ECON,ok,0.051,0.1375,375.02,1,0
EG,vanilla_tor,2022-07-08 14:45:12.062412,AS28910,NEWS,anomaly,,0.445,173.32,0,0
NG,web_connectivity,2022-07-08 19:07:37.291458,AS20634,SRCH,ok,0.18,0.2419,14.12,1,0
CN,whatsapp,2022-07-08 23:30:02.520504,AS15061,NEWS,anomaly,0.6226,0.1701,133.54,0,0
AZ,tcp_connect,2022-07-09 03:52:27.749549,AS42135,SRCH,anomaly,0.5343,0.7758,121.96,0,0
RU,telegram,2022-07-09 08:14:52.978595,AS25581,ECON,ok,0.225,1.3681,75.18,1,0
NG,vanilla_tor,2022-07-09 12:37:18.207641,AS32671,HUMR,ok,0.1693,0.1507,108.44,1,0
DE,dns_consistency,2022-07-09 16:59:43.436687,AS47656,ECON,ok,0.0069,1.1833,5.0,1,0
TR,web_connectivity,2022-07-09 21:22:08.665733,AS52965,NEWS,ok,0.1134,0.2027,61.7,1,0
BY,dns_consistency,2022-07-10 01:44:33.894778,AS2182,COMT,ok,0.0365,0.1261,350.98,1,1
VN,whatsapp,2022-07-10 06:06:59.123824,AS8947,COMM,ok,0.2933,0.0307,217.01,1,0
PK,whatsapp,2022-07-10 10:29:24.352870,AS8947,HUMR,ok,0.0972,0.281,,1,1
IN,web_connectivity,2022-07-10 14:51:49.581916,AS26441,HUMR,failure,0.5421,0.0416,301.83,0,0
TH,web_connectivity,2022-07-10 19:14:14.810962,AS4099,ANON,ok,0.0262,0.9445,69.54,1,0
TR,dns_consistency,2022-07-10 23:36:40.040008,AS35011,LGBT,ok,0.2272,0.6307,50.99,1,0
US,dns_consistency,2022-07-11 03:59:05.269053,AS42135,LGBT,ok,0.2931,0.0851,5.0,1,0
TH,web_connectivity,2022-07-11 08:21:30.498099,AS58653,REL,confirmed,0.3748,0.0984,333.47,0,0
RU,tcp_connect,2022-07-11 12:43:55.727145,AS32671,NEWS,anomaly,,0.8232,154.59,1,0
IR,web_connectivity,2022-07-11 17:06:20.956191,AS1588,ECON,anomaly,0.8964,0.0772,68.96,0,1
FR,http_header_field_manipulation,2022-07-11 21:28:46.185237,AS26441,REL,ok,0.0,0.3627,127.61,1,0
FR,web_connectivity,2022-07-12 01:51:11.414282,AS42772,POLR,ok,0.1294,0.8872,175.83,1,0
PK,whatsapp,2022-07-12 06:13:36.643328,AS54883,COMT,failure,0.6795,1.0171,871.83,0,0
DE,tcp_connect,2022-07-12 10:36:01.872374,AS2175,ANON,ok,0.1765,0.3439,57.46,1,0
US,web_connectivity,2022-07-12 14:58:27.101420,AS55961,ECON,ok,0.0365,1.1158,5.0,1,1
CN,http_header_field_manipulation,2022-07-12 19:20:52.330466,AS57909,POLR,ok,0.2678,0.2822,5.34,1,0
DE,web_connectivity,2022-07-12 23:43:17.559511,AS52615,REL,ok,0.0004,2.2845,63.99,1,0
DE,vanilla_tor,2022-07-13 04:05:42.788557,AS2175,REL,ok,0.1881,0.0735,307.67,1,0
RU,tcp_connect,2022-07-13 08:28:08.017603,AS25884,COMT,ok,0.3594,0.3048,5.0,1,0
DE,tcp_connect,2022-07-13 12:50:33.246649,AS19698,POLR,ok,0.0018,0.4926,,1,0
DE,web_connectivity,2022-07-13 17:12:58.475695,AS9939,POLR,ok,0.0018,1.0335,,1,1
VN,web_connectivity,2022-07-13 21:35:23.704740,AS53867,ECON,failure,0.7826,1.7603,1283.69,1,0
US,dns_consistency,2022-07-14 01:57:48.933786,AS57909,ECON,ok,0.0069,1.0176,,1,0
AZ,web_connectivity,2022-07-14 06:20:14.162832,AS50319,POLR,ok,0.0751,1.1445,,1,0
IN,tcp_connect,2022-07-14 10:42:39.391878,AS2072,SRCH,ok,0.0598,0.9696,9.58,0,1
IN,web_connectivity,2022-07-14 15:05:04.620924,AS20634,HUMR,ok,0.0982,0.9672,146.03,1,0
BR,web_connectivity,2022-07-14 19:27:29.849969,AS17131,REL,ok,0.0054,1.4591,104.58,1,0
CN,web_connectivity,2022-07-14 23:49:55.079015,AS39530,HUMR,ok,0.0582,0.3479,478.58,1,0
IN,vanilla_tor,2022-07-15 04:12:20.308061,AS19111,ECON,ok,0.0397,0.7473,77.29,1,1
VN,facebook_messenger,2022-07-15 08:34:45.537107,AS7926,COMT,ok,0.0422,0.5432,41.6,1,0
IN,web_connectivity,2022-07-15 12:57:10.766153,AS20634,ECON,confirmed,0.5599,0.036,227.8,0,1
KZ,web_connectivity,2022-07-15 17:19:35.995199,AS32635,LGBT,ok,0.0868,0.4366,285.68,1,0
NG,web_connectivity,2022-07-15 21:42:01.224244,AS25884,LGBT,ok,0.0013,0.0291,5.64,0,0
IR,web_connectivity,2022-07-16 02:04:26.453290,AS19111,ANON,ok,0.0529,0.5544,182.18,1,0
DE,telegram,2022-07-16 06:26:51.682336,AS25884,NEWS,ok,0.3653,0.2432,11.75,1,0
PK,tcp_connect,2022-07-16 10:49:16.911382,AS57909,LGBT,ok,0.2238,0.637,86.82,1,0
NG,facebook_messenger,2022-07-16 15:11:42.140428,AS58569,SRCH,ok,0.0524,0.8424,125.36,1,0
KZ,whatsapp,2022-07-16 19:34:07.369473,AS15539,ECON,ok,,0.3307,280.05,1,0
PK,tcp_connect,2022-07-16 23:56:32.598519,AS23883,HUMR,confirmed,0.7175,0.1218,33.72,1,0
RU,http_header_field_manipulation,2022-07-17 04:18:57.827565,AS36237,POLR,anomaly,0.783,0.9031,5.0,0,1
IR,whatsapp,2022-07-17 08:41:23.056611,AS52965,LGBT,confirmed,0.7038,0.1082,100.54,0,1
NG,http_header_field_manipulation,2022-07-17 13:03:48.285657,AS32671,POLR,ok,0.071,0.8271,101.37,1,0
CN,web_connectivity,2022-07-17 17:26:13.514702,AS22453,REL,anomaly,0.5381,1.6107,390.92,0,1
BR,http_header_field_manipulation,2022-07-17 21:48:38.743748,AS24775,SRCH,ok,0.0464,1.0188,42.52,1,0
MM,dns_consistency,2022-07-18 02:11:03.972794,AS13266,ANON,ok,0.0162,1.6244,73.16,1,0
BR,vanilla_tor,2022-07-18 06:33:29.201840,AS54883,ANON,ok,0.1639,1.3819,141.04,1,0
IN,dns_consistency,2022-07-18 10:55:54.430886,AS4263,HUMR,failure,0.477,1.1851,413.76,0,0
NG,web_connectivity,2022-07-18 15:18:19.659931,AS42135,REL,ok,0.1734,0.0724,352.39,1,0
IR,web_connectivity,2022-07-18 19:40:44.888977,AS19111,HUMR,ok,0.2822,1.2541,5.0,1,0
EG,telegram,2022-07-19 00:03:10.118023,AS26441,ANON,confirmed,,0.0601,35.32,0,1
VN,facebook_messenger,2022-07-19 04:25:35.347069,AS6146,COMM,ok,0.0246,0.2769,90.65,1,0
US,tcp_connect,2022-07-19 08:48:00.576115,AS4099,POLR,ok,0.0708,0.0413,146.48,1,0
CN,web_connectivity,2022-07-19 13:10:25.805161,AS10526,COMT,anomaly,0.8382,0.4794,105.86,1,0
MM,web_connectivity,2022-07-19 17:32:51.034206,AS25983,ANON,ok,0.0111,0.7369,166.42,1,0
US,dns_consistency,2022-07-19 21:55:16.263252,AS47656,ECON,ok,0.0603,0.3465,53.53,1,0
RU,vanilla_tor,2022-07-20 02:17:41.492298,AS25884,POLR,ok,0.2256,1.4371,51.23,1,0
UZ,whatsapp,2022-07-20 06:40:06.721344,AS36237,POLR,ok,0.0123,0.0424,5.0,1,0
PK,telegram,2022-07-20 11:02:31.950390,AS4263,POLR,ok,0.0776,0.8718,79.98,1,0
BR,http_header_field_manipulation,2022-07-20 15:24:57.179435,AS59099,POLR,ok,0.2412,0.1759,200.28,1,0
DE,whatsapp,2022-07-20 19:47:22.408481,AS8640,LGBT,ok,0.1016,0.016,5.0,1,0
ID,web_connectivity,2022-07-21 00:09:47.637527,AS47656,ECON,ok,0.0012,0.1891,7.07,1,0
PK,web_connectivity,2022-07-21 04:32:12.866573,AS26441,NEWS,ok,0.0398,0.5564,230.65,1,0
US,telegram,2022-07-21 08:54:38.095619,AS22453,POLR,ok,0.0672,1.1466,5.0,0,0
VN,web_connectivity,2022-07-21 13:17:03.324664,AS53867,ECON,ok,0.147,0.1299,17.58,1,0
TR,tcp_connect,2022-07-21 17:39:28.553710,AS2175,ECON,ok,0.2352,1.1242,90.07,1,0
CN,http_header_field_manipulation,2022-07-21 22:01:53.782756,AS50319,ANON,anomaly,0.7032,0.8416,82.84,0,1
CN,web_connectivity,2022-07-22 02:24:19.011802,AS33842,COMT,failure,0.732,0.5184,974.56,1,1
TR,web_connectivity,2022-07-22 06:46:44.240848,AS20553,COMT,ok,0.0611,0.2343,124.61,1,0
EG,web_connectivity,2022-07-22 11:09:09.469893,AS41628,REL,ok,0.0065,0.6694,8.67,1,0
IR,tcp_connect,2022-07-22 15:31:34.698939,AS32635,REL,ok,0.2215,0.706,70.79,1,0
PK,web_connectivity,2022-07-22 19:53:59.927985,AS42772,SRCH,ok,0.1226,0.6696,24.65,1,0
US,web_connectivity,2022-07-23 00:16:25.157031,AS4099,ECON,ok,0.2332,1.4662,,1,0
IN,http_header_field_manipulation,2022-07-23 04:38:50.386077,AS52965,COMM,ok,0.1858,0.7682,485.24,1,0
TR,web_connectivity,2022-07-23 09:01:15.615123,AS49977,LGBT,ok,0.3405,1.9015,5.0,1,0
US,web_connectivity,2022-07-23 13:23:40.844168,AS57909,POLR,ok,0.1072,0.9971,32.37,1,0
TR,web_connectivity,2022-07-23 17:46:06.073214,AS49977,POLR,ok,0.0748,1.2826,50.92,1,1
IN,web_connectivity,2022-07-23 22:08:31.302260,AS33842,HUMR,confirmed,0.2131,0.5591,130.5,0,0
EG,http_header_field_manipulation,2022-07-24 02:30:56.531306,AS8640,COMT,ok,0.0306,1.0563,348.81,1,0
NG,facebook_messenger,2022-07-24 06:53:21.760352,AS19698,COMM,ok,0.2342,1.0166,61.94,1,0
PK,web_connectivity,2022-07-24 11:15:46.989397,AS42135,COMT,ok,0.0541,0.6341,28.54,1,0
EG,telegram,2022-07-24 15:38:12.218443,AS44761,SRCH,ok,0.003,1.3666,77.32,1,0
MM,web_connectivity,2022-07-24 20:00:37.447489,AS7926,ECON,ok,0.1769,1.0896,177.36,1,0
CN,http_header_field_manipulation,2022-07-25 00:23:02.676535,AS55374,ECON,confirmed,0.5448,0.2791,43.19,1,0
FR,whatsapp,2022-07-25 04:45:27.905581,AS50368,ANON,ok,0.008,0.0443,13.12,1,0
DE,dns_consistency,2022-07-25 09:07:53.134626,AS15539,NEWS,ok,0.1981,0.3752,162.99,1,0
EG,web_connectivity,2022-07-25 13:30:18.363672,AS35044,COMT,ok,0.0946,0.9875,72.1,1,0
VN,web_connectivity,2022-07-25 17:52:43.592718,AS52965,HUMR,anomaly,0.7478,1.3047,115.25,1,0
BR,tcp_connect,2022-07-25 22:15:08.821764,AS49977,NEWS,ok,0.1932,0.5116,24.86,1,0
FR,web_connectivity,2022-07-26 02:37:34.050810,AS20634,REL,ok,0.1031,1.8376,178.94,1,0
CN,dns_consistency,2022-07-26 06:59:59.279855,AS55874,COMT,anomaly,0.7607,0.9224,73.2,1,0
IN,web_connectivity,2022-07-26 11:22:24.508901,AS53867,REL,ok,0.087,1.7234,126.29,1,0
IR,web_connectivity,2022-07-26 15:44:49.737947,AS2072,ANON,failure,0.3468,0.3691,302.14,0,1
IR,tcp_connect,2022-07-26 20:07:14.966993,AS41628,POLR,anomaly,0.5341,0.5898,97.89,0,0
EG,tcp_connect,2022-07-27 00:29:40.196039,AS23883,COMT,ok,0.1109,1.0064,68.23,1,0
RU,http_header_field_manipulation,2022-07-27 04:52:05.425085,AS2072,LGBT,failure,0.4308,0.5572,1327.08,0,1
KZ,web_connectivity,2022-07-27 09:14:30.654130,AS47656,NEWS,ok,0.014,2.0337,5.0,1,0
NG,web_connectivity,2022-07-27 13:36:55.883176,AS15539,REL,ok,0.0149,0.3065,28.47,1,0
DE,dns_consistency,2022-07-27 17:59:21.112222,AS25294,LGBT,ok,0.0342,0.5786,80.54,1,0
TR,tcp_connect,2022-07-27 22:21:46.341268,AS41628,HUMR,ok,0.301,0.2226,61.61,1,0
IR,dns_consistency,2022-07-28 02:44:11.570314,AS49724,ECON,anomaly,0.7171,0.2768,292.41,0,1
UZ,facebook_messenger,2022-07-28 07:06:36.799359,AS58569,POLR,anomaly,0.267,0.9451,219.86,1,1
EG,web_connectivity,2022-07-28 11:29:02.028405,AS38379,SRCH,ok,0.1662,0.623,225.96,1,0
TR,vanilla_tor,2022-07-28 15:51:27.257451,AS7926,REL,ok,0.0054,0.2916,46.92,1,0
RU,http_header_field_manipulation,2022-07-28 20:13:52.486497,AS33842,SRCH,ok,0.0139,2.2205,69.45,1,0
TR,whatsapp,2022-07-29 00:36:17.715543,AS6970,LGBT,ok,0.0031,2.0783,158.32,0,1
IR,web_connectivity,2022-07-29 04:58:42.944588,AS11241,NEWS,anomaly,0.6497,0.311,281.67,1,1
MM,dns_consistency,2022-07-29 09:21:08.173634,AS2175,HUMR,ok,0.0516,0.0956,337.42,1,0
EG,tcp_connect,2022-07-29 13:43:33.402680,AS29606,COMM,ok,0.207,1.0571,69.87,1,0
US,tcp_connect,2022-07-29 18:05:58.631726,AS2592,POLR,ok,0.0268,0.6931,106.25,1,0
KZ,web_connectivity,2022-07-29 22:28:23.860772,AS25983,HUMR,ok,0.0779,0.8015,167.47,1,0
IR,web_connectivity,2022-07-30 02:50:49.089817,AS51222,SRCH,ok,0.1214,1.1489,257.98,1,0
DE,http_header_field_manipulation,2022-07-30 07:13:14.318863,AS40389,LGBT,ok,0.0064,0.6752,205.64,1,0
EG,telegram,2022-07-30 11:35:39.547909,AS6970,NEWS,ok,0.1655,0.2574,41.97,1,0
RU,web_connectivity,2022-07-30 15:58:04.776955,AS6970,REL,ok,0.2955,1.4262,146.89,1,0
IN,web_connectivity,2022-07-30 20:20:30.006001,AS23883,REL,ok,0.2027,0.6154,32.13,1,0
BR,telegram,2022-07-31 00:42:55.235047,AS48048,ANON,ok,0.101,1.0603,533.03,0,0
IN,http_header_field_manipulation,2022-07-31 05:05:20.464092,AS25983,COMT,ok,0.0486,0.3847,65.29,1,1
DE,web_connectivity,2022-07-31 09:27:45.693138,AS20553,SRCH,ok,0.0654,1.2189,43.9,1,0
NG,web_connectivity,2022-07-31 13:50:10.922184,AS41369,COMM,ok,0.0902,0.1527,122.77,1,1
IN,tcp_connect,2022-07-31 18:12:36.151230,AS13761,SRCH,failure,0.6496,1.0774,100.0,0,1
IR,web_connectivity,2022-07-31 22:35:01.380276,AS46987,COMM,anomaly,0.6138,0.3373,114.26,1,1
IR,web_connectivity,2022-08-01 02:57:26.609321,AS42135,POLR,ok,0.0028,0.6399,5.0,0,0
US,http_header_field_manipulation,2022-08-01 07:19:51.838367,AS15631,POLR,ok,0.0746,1.9197,511.49,1,0
IR,web_connectivity,2022-08-01 11:42:17.067413,AS49724,ECON,ok,0.1267,0.0541,225.8,1,0
KZ,web_connectivity,2022-08-01 16:04:42.296459,AS10526,POLR,confirmed,0.5421,0.3968,90.24,1,1
BY,dns_consistency,2022-08-01 20:27:07.525505,AS58653,ECON,ok,0.0969,0.615,133.28,1,0
TR,http_header_field_manipulation,2022-08-02 00:49:32.754550,AS28910,SRCH,anomaly,0.8282,0.027,5.0,1,1
BY,web_connectivity,2022-08-02 05:11:57.983596,AS28647,NEWS,ok,0.0658,0.0151,5.0,1,0
US,web_connectivity,2022-08-02 09:34:23.212642,AS2072,REL,ok,0.0205,0.5897,5.0,1,0
IR,web_connectivity,2022-08-02 13:56:48.441688,AS25983,REL,anomaly,,1.3671,177.91,1,1
NG,web_connectivity,2022-08-02 18:19:13.670734,AS26441,LGBT,ok,0.0067,0.1324,118.95,1,0
VN,http_header_field_manipulation,2022-08-02 22:41:38.899779,AS32635,HUMR,confirmed,0.6696,0.0299,246.41,0,1
RU,facebook_messenger,2022-08-03 03:04:04.128825,AS2175,COMM,ok,0.0288,1.4214,134.33,1,0
TR,http_header_field_manipulation,2022-08-03 07:26:29.357871,AS36237,COMM,anomaly,0.7528,1.4495,40.11,1,1
RU,web_connectivity,2022-08-03 11:48:54.586917,AS22895,SRCH,anomaly,0.7571,0.6502,259.78,0,0
TR,web_connectivity,2022-08-03 16:11:19.815963,AS8947,COMT,anomaly,0.6073,0.7862,93.53,1,1
TR,web_connectivity,2022-08-03 20:33:45.045009,AS41628,POLR,ok,0.1519,1.5641,32.27,1,0
NG,web_connectivity,2022-08-04 00:56:10.274054,AS32635,HUMR,anomaly,0.8234,1.064,283.19,0,1
CN,web_connectivity,2022-08-04 05:18:35.503100,AS9939,ECON,anomaly,0.4688,1.8609,238.46,0,1
RU,web_connectivity,2022-08-04 09:41:00.732146,AS28910,NEWS,ok,,2.1369,168.13,1,0
TR,telegram,2022-08-04 14:03:25.961192,AS2072,POLR,ok,0.0505,0.4385,342.27,1,0
BY,whatsapp,2022-08-04 18:25:51.190238,AS8640,COMT,anomaly,0.3062,1.5178,82.9,1,0
IN,http_header_field_manipulation,2022-08-04 22:48:16.419283,AS4899,COMT,ok,0.089,0.6682,252.27,1,0
IN,web_connectivity,2022-08-05 03:10:41.648329,AS6146,COMM,ok,0.2833,0.3189,332.57,1,0
DE,tcp_connect,2022-08-05 07:33:06.877375,AS10526,HUMR,ok,0.2497,0.2966,189.19,1,0
PK,web_connectivity,2022-08-05 11:55:32.106421,AS51947,POLR,ok,0.1081,0.3296,127.35,1,0
DE,web_connectivity,2022-08-05 16:17:57.335467,AS8947,COMM,ok,,0.1439,67.9,1,0
RU,web_connectivity,2022-08-05 20:40:22.564512,AS55874,COMT,ok,0.0648,0.6098,82.94,1,0
CN,web_connectivity,2022-08-06 01:02:47.793558,AS29338,REL,anomaly,0.1399,0.4089,264.83,1,0
IR,web_connectivity,2022-08-06 05:25:13.022604,AS35011,SRCH,anomaly,0.7907,0.4875,52.05,0,0
US,web_connectivity,2022-08-06 09:47:38.251650,AS50319,ECON,ok,0.0753,1.8505,5.0,1,0
RU,web_connectivity,2022-08-06 14:10:03.480696,AS36237,POLR,ok,0.0285,2.0968,138.53,1,0
TR,whatsapp,2022-08-06 18:32:28.709741,AS26441,REL,ok,0.3543,1.2272,57.83,1,0
NG,web_connectivity,2022-08-06 22:54:53.938787,AS55374,ANON,ok,0.1055,0.8101,146.75,1,0
TR,web_connectivity,2022-08-07 03:17:19.167833,AS33842,LGBT,ok,0.0348,1.2965,711.08,1,0
EG,dns_consistency,2022-08-07 07:39:44.396879,AS41628,REL,anomaly,0.5122,0.5499,16.72,0,1
IN,web_connectivity,2022-08-07 12:02:09.625925,AS25294,ECON,ok,0.0319,0.652,25.46,1,0
FR,http_header_field_manipulation,2022-08-07 16:24:34.854970,AS55961,HUMR,ok,0.0421,0.0536,114.71,1,0
ID,web_connectivity,2022-08-07 20:47:00.084016,AS32635,ECON,anomaly,0.2318,0.1322,118.72,1,0
MM,dns_consistency,2022-08-08 01:09:25.313062,AS2175,LGBT,ok,0.4406,1.0455,607.51,1,0
ID,http_header_field_manipulation,2022-08-08 05:31:50.542108,AS20553,SRCH,confirmed,0.2827,0.0424,107.39,1,1
CN,tcp_connect,2022-08-08 09:54:15.771154,AS15061,SRCH,failure,0.5978,0.8483,146.71,1,1
PK,web_connectivity,2022-08-08 14:16:41.000200,AS29606,ECON,ok,0.0875,0.7438,248.55,1,0
TR,dns_consistency,2022-08-08 18:39:06.229245,AS2072,ANON,confirmed,0.551,0.0253,167.79,0,0
EG,facebook_messenger,2022-08-08 23:01:31.458291,AS55374,ECON,ok,0.1489,1.2801,103.61,1,0
IN,tcp_connect,2022-08-09 03:23:56.687337,AS6970,COMM,ok,0.112,0.9059,245.79,1,0
TR,facebook_messenger,2022-08-09 07:46:21.916383,AS18345,ANON,ok,0.0146,0.8342,5.0,1,0
ID,telegram,2022-08-09 12:08:47.145429,AS42135,SRCH,ok,0.0886,0.415,90.22,1,0
CN,http_header_field_manipulation,2022-08-09 16:31:12.374474,AS20553,NEWS,confirmed,0.8528,0.7991,278.49,1,0
PK,web_connectivity,2022-08-09 20:53:37.603520,AS25581,COMT,failure,0.7565,0.6151,14.96,1,1
VN,tcp_connect,2022-08-10 01:16:02.832566,AS15061,ANON,ok,0.1875,0.405,84.45,1,0
TR,http_header_field_manipulation,2022-08-10 05:38:28.061612,AS29338,ANON,anomaly,0.3264,1.414,22.3,0,1
DE,dns_consistency,2022-08-10 10:00:53.290658,AS20553,ECON,ok,0.1442,0.4933,95.47,1,0
IR,http_header_field_manipulation,2022-08-10 14:23:18.519703,AS58653,SRCH,anomaly,0.755,0.4044,5.0,1,1
UZ,http_header_field_manipulation,2022-08-10 18:45:43.748749,AS22895,SRCH,ok,0.2163,0.5157,95.49,1,0
ID,dns_consistency,2022-08-10 23:08:08.977795,AS26441,COMT,anomaly,0.3939,0.812,122.8,0,0
EG,web_connectivity,2022-08-11 03:30:34.206841,AS11241,LGBT,ok,0.2181,2.1953,7.45,1,0
BY,web_connectivity,2022-08-11 07:52:59.435887,AS29338,LGBT,anomaly,0.4893,0.3903,55.74,0,1
RU,whatsapp,2022-08-11 12:15:24.664932,AS10526,POLR,anomaly,0.5024,0.1258,18.47,0,1
IN,whatsapp,2022-08-11 16:37:49.893978,AS28647,REL,ok,0.1022,1.4146,,1,1
TR,dns_consistency,2022-08-11 21:00:15.123024,AS23883,COMT,ok,0.0973,0.5403,37.01,1,0
BR,web_connectivity,2022-08-12 01:22:40.352070,AS2175,ANON,ok,0.1059,0.6998,41.11,1,0
IR,web_connectivity,2022-08-12 05:45:05.581116,AS57909,COMT,ok,0.0169,0.032,103.09,1,0
BR,web_connectivity,2022-08-12 10:07:30.810162,AS51947,SRCH,ok,0.0913,0.6106,5.0,1,0
VN,web_connectivity,2022-08-12 14:29:56.039207,AS26441,ANON,ok,0.0358,1.7795,281.12,1,1
IR,web_connectivity,2022-08-12 18:52:21.268253,AS52615,REL,ok,0.0319,0.8502,32.28,1,0
IR,web_connectivity,2022-08-12 23:14:46.497299,AS19111,REL,anomaly,0.7344,0.1064,217.75,0,0
RU,web_connectivity,2022-08-13 03:37:11.726345,AS42772,COMT,anomaly,0.4647,0.1331,81.1,1,0
PK,http_header_field_manipulation,2022-08-13 07:59:36.955391,AS29606,ECON,ok,,1.45,40.61,0,0
TR,facebook_messenger,2022-08-13 12:22:02.184436,AS17131,POLR,ok,0.0017,0.542,111.15,1,0
CN,web_connectivity,2022-08-13 16:44:27.413482,AS20634,REL,anomaly,0.6459,1.3556,126.49,0,1
PK,dns_consistency,2022-08-13 21:06:52.642528,AS58569,SRCH,ok,0.3866,0.1255,119.98,1,0
IR,vanilla_tor,2022-08-14 01:29:17.871574,AS54883,REL,failure,0.5909,1.0033,278.05,1,1
IN,telegram,2022-08-14 05:51:43.100620,AS50368,NEWS,anomaly,0.9359,0.0305,47.56,1,1
PK,web_connectivity,2022-08-14 10:14:08.329665,AS18345,NEWS,ok,0.0278,0.9726,125.36,1,0
BR,web_connectivity,2022-08-14 14:36:33.558711,AS55374,SRCH,ok,0.1152,1.4899,56.44,1,0
BR,web_connectivity,2022-08-14 18:58:58.787757,AS42135,LGBT,ok,0.0964,0.1672,76.43,1,0
IR,web_connectivity,2022-08-14 23:21:24.016803,AS28647,ANON,ok,0.2954,1.2182,213.61,1,0
IR,dns_consistency,2022-08-15 03:43:49.245849,AS39530,ANON,ok,0.0202,1.2261,386.63,1,0
BR,web_connectivity,2022-08-15 08:06:14.474894,AS2592,POLR,ok,0.0092,0.6787,106.66,1,0
RU,tcp_connect,2022-08-15 12:28:39.703940,AS15631,REL,ok,0.3747,0.8407,255.75,1,0
AZ,web_connectivity,2022-08-15 16:51:04.932986,AS11241,NEWS,ok,0.0605,1.0076,181.61,1,0
TR,tcp_connect,2022-08-15 21:13:30.162032,AS26441,SRCH,ok,0.2897,0.3638,100.03,1,0
IN,web_connectivity,2022-08-16 01:35:55.391078,AS17131,HUMR,ok,0.0897,0.661,107.45,1,0
CN,dns_consistency,2022-08-16 05:58:20.620124,AS38379,HUMR,ok,0.2057,0.8612,29.99,1,0
AZ,http_header_field_manipulation,2022-08-16 10:20:45.849169,AS40389,REL,ok,0.0534,1.43,136.18,1,0
NG,http_header_field_manipulation,2022-08-16 14:43:11.078215,AS44761,ECON,ok,0.0251,0.233,31.79,1,0
DE,web_connectivity,2022-08-16 19:05:36.307261,AS2182,HUMR,ok,0.1221,0.0114,338.98,1,0
BR,web_connectivity,2022-08-16 23:28:01.536307,AS41369,REL,ok,0.1351,0.1355,111.24,1,1
IN,web_connectivity,2022-08-17 03:50:26.765353,AS44761,COMT,ok,0.132,0.5715,108.98,1,0
DE,dns_consistency,2022-08-17 08:12:51.994398,AS52965,COMM,ok,0.2206,0.3989,310.26,1,0
TR,web_connectivity,2022-08-17 12:35:17.223444,AS25983,COMT,failure,0.8711,1.2937,837.79,1,0
IN,dns_consistency,2022-08-17 16:57:42.452490,AS6970,REL,ok,0.022,0.9797,44.8,1,0
TR,web_connectivity,2022-08-17 21:20:07.681536,AS8640,ECON,ok,0.1522,0.9752,193.49,1,0
RU,web_connectivity,2022-08-18 01:42:32.910582,AS8947,REL,ok,0.3199,1.2628,288.42,1,0
RU,http_header_field_manipulation,2022-08-18 06:04:58.139627,AS33842,POLR,ok,0.0184,0.0724,373.92,1,0
IR,web_connectivity,2022-08-18 10:27:23.368673,AS15061,ECON,ok,0.1239,1.0185,40.55,1,0
CN,web_connectivity,2022-08-18 14:49:48.597719,AS8640,NEWS,anomaly,0.7182,0.86,86.27,0,1
KZ,http_header_field_manipulation,2022-08-18 19:12:13.826765,AS35011,COMT,ok,0.0022,0.4722,144.46,1,0
NG,tcp_connect,2022-08-18 23:34:39.055811,AS42772,ECON,failure,0.5595,0.2873,2876.11,0,1
ID,web_connectivity,2022-08-19 03:57:04.284856,AS8640,LGBT,ok,0.0493,1.4004,54.18,1,0
TR,web_connectivity,2022-08-19 08:19:29.513902,AS4263,ANON,confirmed,0.728,0.1649,170.95,0,0
IN,http_header_field_manipulation,2022-08-19 12:41:54.742948,AS39530,SRCH,ok,0.1329,0.8412,77.77,1,0
EG,facebook_messenger,2022-08-19 17:04:19.971994,AS49724,SRCH,ok,0.12,1.1192,216.23,0,0
BR,web_connectivity,2022-08-19 21:26:45.201040,AS15631,COMM,ok,0.0835,0.2584,156.04,1,0
US,http_header_field_manipulation,2022-08-20 01:49:10.430086,AS44761,ECON,ok,0.2735,0.863,79.86,1,1
BR,telegram,2022-08-20 06:11:35.659131,AS36237,POLR,ok,0.0223,0.5947,343.6,1,0
BR,dns_consistency,2022-08-20 10:34:00.888177,AS45204,HUMR,anomaly,0.5397,0.2994,63.7,0,1
PK,web_connectivity,2022-08-20 14:56:26.117223,AS25581,REL,ok,0.118,0.2682,61.18,1,0
VN,http_header_field_manipulation,2022-08-20 19:18:51.346269,AS19698,HUMR,confirmed,0.5949,0.1144,160.1,0,0
ID,web_connectivity,2022-08-20 23:41:16.575315,AS15061,REL,ok,0.2656,0.5161,39.64,1,0
TH,web_connectivity,2022-08-21 04:03:41.804360,AS48048,ECON,ok,0.044,0.851,168.22,1,0
IN,web_connectivity,2022-08-21 08:26:07.033406,AS39530,LGBT,failure,0.796,1.5193,597.36,1,0
RU,web_connectivity,2022-08-21 12:48:32.262452,AS34008,NEWS,confirmed,0.726,0.2663,172.96,1,1
RU,web_connectivity,2022-08-21 17:10:57.491498,AS55874,POLR,confirmed,0.3868,0.0986,,0,1
IR,tcp_connect,2022-08-21 21:33:22.720544,AS9939,ECON,anomaly,0.8119,0.2182,75.12,0,0
RU,facebook_messenger,2022-08-22 01:55:47.949589,AS58653,HUMR,failure,0.6324,0.1924,365.15,0,0
IN,web_connectivity,2022-08-22 06:18:13.178635,AS58945,LGBT,ok,0.0437,0.5515,9.16,1,1
RU,web_connectivity,2022-08-22 10:40:38.407681,AS19111,HUMR,confirmed,0.7586,0.0433,91.53,1,0
NG,http_header_field_manipulation,2022-08-22 15:03:03.636727,AS7926,ECON,ok,0.1147,1.3563,39.87,1,0
CN,dns_consistency,2022-08-22 19:25:28.865773,AS34008,SRCH,confirmed,0.7509,0.4663,59.51,0,1
US,tcp_connect,2022-08-22 23:47:54.094818,AS33842,ECON,ok,0.1121,0.5001,261.45,1,0
IR,http_header_field_manipulation,2022-08-23 04:10:19.323864,AS18345,NEWS,confirmed,0.3851,0.1176,39.59,1,1
BY,telegram,2022-08-23 08:32:44.552910,AS25294,ANON,ok,0.1208,0.1656,80.84,0,0
PK,web_connectivity,2022-08-23 12:55:09.781956,AS25294,REL,ok,0.0977,1.0598,71.65,1,0
IN,web_connectivity,2022-08-23 17:17:35.011002,AS19111,NEWS,ok,0.0406,2.1766,115.82,1,0
UZ,web_connectivity,2022-08-23 21:40:00.240048,AS8640,LGBT,ok,0.0558,0.1055,424.88,1,0
IR,dns_consistency,2022-08-24 02:02:25.469093,AS51947,HUMR,anomaly,0.6995,0.3836,86.95,0,1
MM,telegram,2022-08-24 06:24:50.698139,AS19111,HUMR,confirmed,0.8049,0.3222,109.11,0,1
US,telegram,2022-08-24 10:47:15.927185,AS10526,ANON,ok,0.1496,0.0936,5.0,1,1
TR,whatsapp,2022-08-24 15:09:41.156231,AS45204,HUMR,ok,0.0973,0.6698,295.05,1,0
RU,web_connectivity,2022-08-24 19:32:06.385277,AS4099,ANON,ok,0.0229,0.9298,37.87,1,0
IR,tcp_connect,2022-08-24 23:54:31.614322,AS29338,NEWS,confirmed,0.6983,0.0605,5.02,0,1
AZ,web_connectivity,2022-08-25 04:16:56.843368,AS54883,ANON,ok,0.1763,1.1137,49.25,1,0
NG,telegram,2022-08-25 08:39:22.072414,AS22895,POLR,anomaly,0.9376,2.2171,204.08,1,1
CN,web_connectivity,2022-08-25 13:01:47.301460,AS6970,HUMR,anomaly,0.9547,0.5273,86.89,1,1
US,web_connectivity,2022-08-25 17:24:12.530506,AS2182,LGBT,ok,0.1379,0.4834,76.88,1,0
IR,whatsapp,2022-08-25 21:46:37.759551,AS41628,NEWS,failure,0.5123,0.0699,27.3,1,0
RU,http_header_field_manipulation,2022-08-26 02:09:02.988597,AS20553,POLR,ok,,0.0698,444.24,1,0
KZ,whatsapp,2022-08-26 06:31:28.217643,AS6146,NEWS,ok,0.0424,0.0866,67.2,1,0
DE,web_connectivity,2022-08-26 10:53:53.446689,AS55874,COMT,ok,0.1641,0.4111,5.0,1,0
IN,whatsapp,2022-08-26 15:16:18.675735,AS41628,ANON,confirmed,0.6869,0.1475,15.19,1,0
TH,http_header_field_manipulation,2022-08-26 19:38:43.904780,AS7926,NEWS,ok,0.0179,0.7582,133.65,1,1
IN,http_header_field_manipulation,2022-08-27 00:01:09.133826,AS2592,HUMR,anomaly,0.3105,0.5657,88.96,1,1
TR,dns_consistency,2022-08-27 04:23:34.362872,AS32671,REL,ok,0.0421,0.3376,30.62,1,1
CN,tcp_connect,2022-08-27 08:45:59.591918,AS50319,COMM,ok,0.077,0.1863,12.52,1,0
BR,web_connectivity,2022-08-27 13:08:24.820964,AS26441,POLR,ok,0.0671,0.3535,69.05,1,0
BR,web_connectivity,2022-08-27 17:30:50.050010,AS15631,NEWS,ok,0.4463,1.8271,,1,0
RU,dns_consistency,2022-08-27 21:53:15.279055,AS38379,HUMR,anomaly,0.8091,0.1467,5.0,1,1
VN,tcp_connect,2022-08-28 02:15:40.508101,AS38379,COMM,ok,0.0047,0.6345,5.97,1,0
MM,web_connectivity,2022-08-28 06:38:05.737147,AS45204,COMT,ok,0.0052,0.6043,47.37,1,0
NG,web_connectivity,2022-08-28 11:00:30.966193,AS15539,ANON,ok,0.0992,1.1532,72.98,1,0
AZ,http_header_field_manipulation,2022-08-28 15:22:56.195239,AS39530,LGBT,ok,0.0759,0.1352,113.05,1,0
CN,web_connectivity,2022-08-28 19:45:21.424284,AS15539,ECON,ok,0.1042,0.1896,103.11,1,0
CN,web_connectivity,2022-08-29 00:07:46.653330,AS36237,LGBT,failure,0.739,1.9413,1532.61,0,1
VN,whatsapp,2022-08-29 04:30:11.882376,AS29338,ANON,confirmed,0.5619,0.8216,45.31,0,0
IR,web_connectivity,2022-08-29 08:52:37.111422,AS7926,COMM,confirmed,0.4928,0.3092,7.78,0,0
RU,web_connectivity,2022-08-29 13:15:02.340468,AS10526,COMM,ok,0.0967,0.8585,12.91,0,0
RU,web_connectivity,2022-08-29 17:37:27.569513,AS49724,LGBT,ok,0.0365,0.2436,57.9,1,1
PK,dns_consistency,2022-08-29 21:59:52.798559,AS2182,NEWS,ok,0.04,0.2372,270.57,1,0
RU,web_connectivity,2022-08-30 02:22:18.027605,AS46987,ANON,anomaly,0.265,1.1182,160.93,0,1
TR,telegram,2022-08-30 06:44:43.256651,AS41085,COMM,confirmed,0.3769,0.1319,99.12,0,1
IR,http_header_field_manipulation,2022-08-30 11:07:08.485697,AS4899,LGBT,confirmed,0.8153,0.3514,158.17,0,1
PK,web_connectivity,2022-08-30 15:29:33.714742,AS58945,COMM,ok,0.0332,1.9144,35.25,1,0
US,web_connectivity,2022-08-30 19:51:58.943788,AS53867,COMT,confirmed,0.203,0.1807,40.2,0,1
CN,dns_consistency,2022-08-31 00:14:24.172834,AS58653,HUMR,ok,0.2971,2.1999,191.05,1,0
PK,web_connectivity,2022-08-31 04:36:49.401880,AS46987,HUMR,anomaly,0.3586,0.5267,5.0,0,1
PK,telegram,2022-08-31 08:59:14.630926,AS39530,ANON,ok,0.0377,0.7922,49.44,1,1
US,web_connectivity,2022-08-31 13:21:39.859971,AS9939,POLR,ok,0.0257,0.8209,352.96,1,0
CN,http_header_field_manipulation,2022-08-31 17:44:05.089017,AS6146,LGBT,anomaly,0.6295,0.6947,130.16,1,1
BR,tcp_connect,2022-08-31 22:06:30.318063,AS6970,NEWS,ok,0.0675,1.0621,147.22,1,0
TH,whatsapp,2022-09-01 02:28:55.547109,AS55874,LGBT,ok,0.0244,0.7979,,1,0
RU,web_connectivity,2022-09-01 06:51:20.776155,AS15631,LGBT,confirmed,0.8733,1.133,5.0,1,1
CN,dns_consistency,2022-09-01 11:13:46.005201,AS47656,LGBT,ok,0.0249,0.8685,140.76,1,0
TR,web_connectivity,2022-09-01 15:36:11.234246,AS26441,POLR,confirmed,0.7551,1.2657,81.61,1,1
NG,tcp_connect,2022-09-01 19:58:36.463292,AS25294,HUMR,failure,0.8374,1.5694,37.89,0,0
VN,dns_consistency,2022-09-02 00:21:01.692338,AS1588,LGBT,anomaly,0.9649,0.6564,234.8,0,0
CN,web_connectivity,2022-09-02 04:43:26.921384,AS8640,COMT,failure,0.8746,0.0455,157.98,1,1
CN,http_header_field_manipulation,2022-09-02 09:05:52.150430,AS32635,POLR,ok,0.1628,0.461,13.69,1,1
UZ,web_connectivity,2022-09-02 13:28:17.379475,AS59099,SRCH,anomaly,0.2789,0.1798,17.68,1,0
PK,web_connectivity,2022-09-02 17:50:42.608521,AS55374,HUMR,ok,0.1185,0.343,,1,0
TH,dns_consistency,2022-09-02 22:13:07.837567,AS35044,NEWS,ok,0.2267,0.4833,107.86,1,0
BY,web_connectivity,2022-09-03 02:35:33.066613,AS38379,COMM,anomaly,0.1463,0.0429,25.04,0,0
IN,facebook_messenger,2022-09-03 06:57:58.295659,AS15061,SRCH,ok,0.0326,1.9807,68.39,1,0
IR,web_connectivity,2022-09-03 11:20:23.524704,AS33842,ECON,anomaly,0.7319,0.0372,36.65,1,1
NG,dns_consistency,2022-09-03 15:42:48.753750,AS42135,LGBT,ok,0.0017,1.0381,15.58,1,0
TR,facebook_messenger,2022-09-03 20:05:13.982796,AS36237,COMM,failure,0.6429,0.0102,663.9,0,0
IN,web_connectivity,2022-09-04 00:27:39.211842,AS44761,SRCH,ok,0.1234,0.4422,115.43,1,1
IN,web_connectivity,2022-09-04 04:50:04.440888,AS47656,HUMR,ok,0.0637,1.26,82.77,1,0
TH,web_connectivity,2022-09-04 09:12:29.669933,AS50368,LGBT,anomaly,0.4931,1.6964,62.97,0,1
RU,telegram,2022-09-04 13:34:54.898979,AS34008,REL,confirmed,0.6739,0.167,155.8,1,1
CN,tcp_connect,2022-09-04 17:57:20.128025,AS8947,COMT,confirmed,0.6808,0.2268,41.58,0,1
NG,web_connectivity,2022-09-04 22:19:45.357071,AS51947,SRCH,ok,0.0281,0.4191,27.2,1,0
KZ,web_connectivity,2022-09-05 02:42:10.586117,AS48048,NEWS,ok,0.133,1.0133,78.98,1,0
UZ,telegram,2022-09-05 07:04:35.815163,AS58653,COMM,ok,0.0676,1.7027,305.75,1,0
BR,dns_consistency,2022-09-05 11:27:01.044208,AS55874,NEWS,ok,0.1027,1.7725,94.1,1,1
RU,dns_consistency,2022-09-05 15:49:26.273254,AS33842,COMT,anomaly,0.738,1.2101,283.98,1,1
IN,http_header_field_manipulation,2022-09-05 20:11:51.502300,AS2072,POLR,ok,0.0414,1.1201,17.86,1,0
UZ,tcp_connect,2022-09-06 00:34:16.731346,AS35011,REL,ok,0.0125,1.8008,42.21,1,0
US,telegram,2022-09-06 04:56:41.960392,AS13266,ANON,ok,0.0335,0.8612,110.51,1,1
EG,tcp_connect,2022-09-06 09:19:07.189437,AS15631,SRCH,ok,0.1183,0.6476,5.0,1,1
CN,telegram,2022-09-06 13:41:32.418483,AS25884,LGBT,ok,0.1524,2.2847,33.37,0,0
RU,whatsapp,2022-09-06 18:03:57.647529,AS29606,SRCH,confirmed,0.4231,0.2427,7.7,0,1
BR,web_connectivity,2022-09-06 22:26:22.876575,AS15539,REL,ok,0.2238,0.8935,69.8,1,0
BY,web_connectivity,2022-09-07 02:48:48.105621,AS52965,COMM,ok,0.2111,0.7726,278.99,1,0
FR,whatsapp,2022-09-07 07:11:13.334666,AS17131,HUMR,ok,0.2137,0.5311,5.0,1,0
BY,web_connectivity,2022-09-07 11:33:38.563712,AS13761,SRCH,ok,0.2483,1.0205,8.2,1,0
BR,tcp_connect,2022-09-07 15:56:03.792758,AS2592,REL,ok,0.0191,0.9577,160.61,1,0
NG,whatsapp,2022-09-07 20:18:29.021804,AS55374,COMT,ok,0.0483,0.5517,26.4,1,0
BY,web_connectivity,2022-09-08 00:40:54.250850,AS22453,NEWS,ok,0.0701,0.1296,284.85,1,0
RU,web_connectivity,2022-09-08 05:03:19.479895,AS41369,ANON,anomaly,0.6121,0.8998,67.15,0,1
ID,web_connectivity,2022-09-08 09:25:44.708941,AS8947,SRCH,ok,0.2796,0.1427,5.0,1,0
US,web_connectivity,2022-09-08 13:48:09.937987,AS22895,REL,ok,0.0735,2.3815,5.0,1,0
ID,tcp_connect,2022-09-08 18:10:35.167033,AS53867,LGBT,ok,0.0313,0.2547,99.99,1,0
PK,web_connectivity,2022-09-08 22:33:00.396079,AS41628,NEWS,ok,0.2844,1.1116,51.97,1,0
IR,facebook_messenger,2022-09-09 02:55:25.625125,AS23883,SRCH,anomaly,0.8582,0.7511,93.3,0,1
IR,web_connectivity,2022-09-09 07:17:50.854170,AS4263,REL,anomaly,0.8285,0.7026,56.36,1,0
TR,tcp_connect,2022-09-09 11:40:16.083216,AS19698,SRCH,ok,0.2392,0.4668,96.48,1,0
CN,web_connectivity,2022-09-09 16:02:41.312262,AS40389,COMM,confirmed,0.8166,0.1587,267.35,1,0
DE,dns_consistency,2022-09-09 20:25:06.541308,AS13266,ECON,ok,0.013,2.174,148.96,1,0
NG,web_connectivity,2022-09-10 00:47:31.770354,AS35011,LGBT,ok,0.0746,1.2983,102.91,1,0
DE,web_connectivity,2022-09-10 05:09:56.999399,AS6970,HUMR,ok,0.0704,0.2205,62.42,1,1
RU,http_header_field_manipulation,2022-09-10 09:32:22.228445,AS38379,POLR,anomaly,0.6489,0.5192,488.19,0,1
FR,facebook_messenger,2022-09-10 13:54:47.457491,AS15631,NEWS,ok,0.0729,0.1062,334.76,1,0
IN,web_connectivity,2022-09-10 18:17:12.686537,AS15631,HUMR,ok,0.0577,0.261,5.0,1,1
AZ,web_connectivity,2022-09-10 22:39:37.915583,AS11241,COMM,ok,0.0564,0.2742,100.73,1,0
RU,http_header_field_manipulation,2022-09-11 03:02:03.144628,AS1588,REL,ok,0.0055,0.4536,48.48,0,0
MM,whatsapp,2022-09-11 07:24:28.373674,AS55374,REL,anomaly,,0.1863,19.9,0,1
IR,web_connectivity,2022-09-11 11:46:53.602720,AS58653,REL,anomaly,0.6001,0.3059,353.08,0,1
VN,web_connectivity,2022-09-11 16:09:18.831766,AS8947,NEWS,ok,0.0224,0.5057,7.38,1,0
VN,web_connectivity,2022-09-11 20:31:44.060812,AS25294,COMM,ok,0.1003,0.7701,,1,0
KZ,web_connectivity,2022-09-12 00:54:09.289857,AS58842,COMM,ok,0.0059,0.3691,88.26,1,0
TR,web_connectivity,2022-09-12 05:16:34.518903,AS15539,REL,ok,0.226,1.6824,69.44,1,0
IR,web_connectivity,2022-09-12 09:38:59.747949,AS20553,REL,anomaly,0.8417,0.3057,5.0,0,1
AZ,web_connectivity,2022-09-12 14:01:24.976995,AS50368,NEWS,ok,0.1522,0.2578,372.89,1,0
TR,dns_consistency,2022-09-12 18:23:50.206041,AS26441,ECON,anomaly,0.205,0.9738,5.0,0,1
CN,web_connectivity,2022-09-12 22:46:15.435087,AS42135,ANON,ok,0.0434,1.3289,104.79,1,0
DE,dns_consistency,2022-09-13 03:08:40.664132,AS52615,HUMR,ok,0.2789,0.4284,76.06,1,0
IR,web_connectivity,2022-09-13 07:31:05.893178,AS17131,SRCH,confirmed,0.5821,0.2636,15.61,0,1
TR,web_connectivity,2022-09-13 11:53:31.122224,AS59099,HUMR,failure,0.7208,1.3755,71.28,0,0
IN,web_connectivity,2022-09-13 16:15:56.351270,AS49724,SRCH,anomaly,0.2876,0.6081,,0,1
CN,web_connectivity,2022-09-13 20:38:21.580316,AS57909,COMM,failure,0.3699,0.1625,486.6,0,0
DE,tcp_connect,2022-09-14 01:00:46.809361,AS53867,SRCH,ok,0.1513,1.4239,5.0,1,0
IN,web_connectivity,2022-09-14 05:23:12.038407,AS2175,NEWS,ok,0.104,0.481,191.88,1,0
PK,tcp_connect,2022-09-14 09:45:37.267453,AS26441,LGBT,ok,0.0692,0.7125,28.94,1,0
UZ,dns_consistency,2022-09-14 14:08:02.496499,AS41085,POLR,ok,0.1354,0.1829,102.09,1,0
IR,dns_consistency,2022-09-14 18:30:27.725545,AS42135,ANON,anomaly,0.3976,0.6161,15.81,0,1
BY,http_header_field_manipulation,2022-09-14 22:52:52.954590,AS41369,COMM,ok,0.0061,1.4585,62.45,1,1
TH,web_connectivity,2022-09-15 03:15:18.183636,AS46987,POLR,confirmed,0.9412,0.0892,114.29,0,1
VN,web_connectivity,2022-09-15 07:37:43.412682,AS55374,NEWS,failure,0.8035,0.351,280.78,0,1
FR,web_connectivity,2022-09-15 12:00:08.641728,AS57909,REL,ok,0.0214,2.7856,243.56,1,0
TR,web_connectivity,2022-09-15 16:22:33.870774,AS55374,SRCH,ok,,0.6694,33.47,1,0
BY,web_connectivity,2022-09-15 20:44:59.099819,AS2175,SRCH,ok,0.0691,0.1621,70.38,1,0
VN,http_header_field_manipulation,2022-09-16 01:07:24.328865,AS22453,LGBT,ok,0.1805,1.0174,12.3,1,0
TR,web_connectivity,2022-09-16 05:29:49.557911,AS41628,NEWS,ok,0.0837,0.3979,248.81,1,0
EG,facebook_messenger,2022-09-16 09:52:14.786957,AS2072,REL,confirmed,0.8369,0.0261,44.93,0,1
US,web_connectivity,2022-09-16 14:14:40.016003,AS50319,ECON,ok,0.0535,1.0473,64.17,1,0
IR,web_connectivity,2022-09-16 18:37:05.245049,AS29338,COMM,ok,0.4743,1.3099,149.26,1,0
IR,telegram,2022-09-16 22:59:30.474094,AS1588,ECON,anomaly,0.8014,0.2694,64.15,1,0
EG,web_connectivity,2022-09-17 03:21:55.703140,AS8947,COMM,anomaly,0.5334,0.2844,64.58,1,0
EG,vanilla_tor,2022-09-17 07:44:20.932186,AS52965,COMM,ok,0.2664,1.196,950.37,1,0
US,web_connectivity,2022-09-17 12:06:46.161232,AS42772,COMM,ok,0.0214,0.7269,62.23,1,0
US,web_connectivity,2022-09-17 16:29:11.390278,AS46987,COMT,confirmed,0.5213,0.0617,25.08,0,0
IR,web_connectivity,2022-09-17 20:51:36.619323,AS15631,COMT,anomaly,0.7745,0.2332,186.61,0,0
IN,web_connectivity,2022-09-18 01:14:01.848369,AS2182,POLR,ok,0.0175,0.8822,5.0,1,0
AZ,dns_consistency,2022-09-18 05:36:27.077415,AS22895,COMT,failure,0.6603,1.2668,370.76,0,1
AZ,web_connectivity,2022-09-18 09:58:52.306461,AS23227,LGBT,ok,0.0731,1.1057,147.71,1,0
VN,web_connectivity,2022-09-18 14:21:17.535507,AS25294,COMM,ok,0.0519,0.8391,295.54,1,0
FR,web_connectivity,2022-09-18 18:43:42.764552,AS57909,ANON,ok,0.0679,1.01,111.17,1,1
KZ,web_connectivity,2022-09-18 23:06:07.993598,AS29606,LGBT,ok,0.0744,1.5427,106.96,1,0
IR,telegram,2022-09-19 03:28:33.222644,AS48048,LGBT,anomaly,0.5137,0.5754,92.57,0,1
IN,web_connectivity,2022-09-19 07:50:58.451690,AS18345,SRCH,ok,0.0445,2.8921,38.25,0,0
IR,tcp_connect,2022-09-19 12:13:23.680736,AS41085,HUMR,anomaly,0.883,0.7301,72.31,1,1
DE,web_connectivity,2022-09-19 16:35:48.909781,AS13266,ANON,ok,0.0058,1.4989,313.21,1,0
PK,web_connectivity,2022-09-19 20:58:14.138827,AS19111,COMT,ok,0.1312,0.6046,212.16,1,0
IR,dns_consistency,2022-09-20 01:20:39.367873,AS25294,HUMR,ok,0.1438,2.1003,43.25,1,0
KZ,whatsapp,2022-09-20 05:43:04.596919,AS48048,ANON,ok,0.0751,1.2705,5.0,1,0
BR,telegram,2022-09-20 10:05:29.825965,AS55874,COMM,ok,0.2043,0.5471,145.97,1,0
PK,dns_consistency,2022-09-20 14:27:55.055011,AS55961,ANON,failure,0.2418,0.294,753.56,0,0
RU,web_connectivity,2022-09-20 18:50:20.284056,AS39530,ECON,confirmed,0.5701,0.039,159.01,0,1
RU,web_connectivity,2022-09-20 23:12:45.513102,AS6146,REL,anomaly,0.4142,0.9927,59.91,1,1
NG,http_header_field_manipulation,2022-09-21 03:35:10.742148,AS28910,REL,ok,0.2036,0.0165,126.28,1,0
BY,web_connectivity,2022-09-21 07:57:35.971194,AS20634,COMT,ok,0.0641,0.9278,113.89,1,1
AZ,whatsapp,2022-09-21 12:20:01.200240,AS2182,REL,anomaly,0.5375,0.1739,5.0,1,1
VN,http_header_field_manipulation,2022-09-21 16:42:26.429285,AS22453,HUMR,anomaly,0.7152,0.8012,168.27,1,0
CN,whatsapp,2022-09-21 21:04:51.658331,AS28910,POLR,ok,0.0172,0.3467,137.22,1,1
CN,dns_consistency,2022-09-22 01:27:16.887377,AS2592,LGBT,anomaly,0.3057,0.194,61.26,0,0
KZ,tcp_connect,2022-09-22 05:49:42.116423,AS41085,ANON,ok,0.0491,0.2979,16.41,0,0
IR,web_connectivity,2022-09-22 10:12:07.345469,AS4263,ECON,anomaly,0.6336,0.5099,52.84,0,0
VN,dns_consistency,2022-09-22 14:34:32.574514,AS6146,HUMR,confirmed,0.6802,0.4583,237.84,0,1
US,web_connectivity,2022-09-22 18:56:57.803560,AS11241,ECON,ok,0.0644,1.8738,60.9,1,0
IN,http_header_field_manipulation,2022-09-22 23:19:23.032606,AS33842,LGBT,ok,0.0272,0.8218,498.39,1,0
DE,dns_consistency,2022-09-23 03:41:48.261652,AS36237,LGBT,ok,0.2021,1.3933,170.8,1,0
TH,tcp_connect,2022-09-23 08:04:13.490698,AS15061,ANON,failure,0.5231,0.2595,1634.7,0,1
AZ,tcp_connect,2022-09-23 12:26:38.719743,AS2175,SRCH,ok,0.2317,0.3788,85.45,1,0
AZ,http_header_field_manipulation,2022-09-23 16:49:03.948789,AS42772,NEWS,ok,0.0347,0.6997,50.75,1,0
IN,web_connectivity,2022-09-23 21:11:29.177835,AS17131,SRCH,ok,0.1295,0.3343,73.13,1,0
IR,telegram,2022-09-24 01:33:54.406881,AS23227,REL,confirmed,0.7226,0.9474,96.12,0,1
FR,web_connectivity,2022-09-24 05:56:19.635927,AS29606,POLR,ok,0.0524,1.6628,199.08,1,0
IR,tcp_connect,2022-09-24 10:18:44.864972,AS28647,HUMR,anomaly,0.3597,1.6179,131.73,1,1
US,dns_consistency,2022-09-24 14:41:10.094018,AS25983,COMT,ok,,1.2343,6.18,1,0
CN,tcp_connect,2022-09-24 19:03:35.323064,AS39530,HUMR,confirmed,0.6565,0.1771,15.85,0,0
US,dns_consistency,2022-09-24 23:26:00.552110,AS59099,COMT,ok,0.148,1.0246,95.67,1,0
TR,http_header_field_manipulation,2022-09-25 03:48:25.781156,AS4099,ECON,ok,0.1107,0.5256,11.24,1,0
KZ,web_connectivity,2022-09-25 08:10:51.010202,AS13266,LGBT,ok,0.0112,0.7292,45.47,1,0
ID,tcp_connect,2022-09-25 12:33:16.239247,AS28910,REL,ok,0.0877,0.4289,28.75,1,0
IN,web_connectivity,2022-09-25 16:55:41.468293,AS8640,LGBT,ok,0.008,0.3145,241.76,1,0
RU,http_header_field_manipulation,2022-09-25 21:18:06.697339,AS41628,NEWS,ok,0.0517,1.3409,129.63,1,0
VN,web_connectivity,2022-09-26 01:40:31.926385,AS58945,COMT,ok,0.1758,1.3424,11.16,1,0
IN,tcp_connect,2022-09-26 06:02:57.155431,AS17131,NEWS,ok,0.2554,1.3922,85.64,1,0
FR,web_connectivity,2022-09-26 10:25:22.384476,AS53867,ANON,ok,0.0292,0.2539,178.97,1,0
RU,web_connectivity,2022-09-26 14:47:47.613522,AS8947,COMM,ok,0.1088,1.2436,9.75,1,0
IR,tcp_connect,2022-09-26 19:10:12.842568,AS28647,POLR,failure,0.4498,3.1906,485.45,0,0
VN,tcp_connect,2022-09-26 23:32:38.071614,AS4263,SRCH,ok,0.2293,0.2487,132.33,1,0
PK,http_header_field_manipulation,2022-09-27 03:55:03.300660,AS58945,NEWS,ok,0.0511,1.8441,36.16,1,0
DE,telegram,2022-09-27 08:17:28.529705,AS49724,SRCH,ok,0.0746,1.2053,308.93,0,0
CN,web_connectivity,2022-09-27 12:39:53.758751,AS58653,ANON,failure,0.6873,1.8588,260.8,0,1
TR,web_connectivity,2022-09-27 17:02:18.987797,AS50319,HUMR,anomaly,0.9622,1.0206,130.35,0,1
TR,web_connectivity,2022-09-27 21:24:44.216843,AS25294,LGBT,anomaly,0.4727,0.5648,47.87,0,1
CN,web_connectivity,2022-09-28 01:47:09.445889,AS57909,COMM,ok,0.0251,2.5415,178.88,1,0
AZ,web_connectivity,2022-09-28 06:09:34.674934,AS13761,SRCH,ok,0.0341,1.186,127.68,1,0
RU,http_header_field_manipulation,2022-09-28 10:31:59.903980,AS1588,ECON,ok,0.1786,0.6113,301.55,1,0
IN,web_connectivity,2022-09-28 14:54:25.133026,AS55961,SRCH,confirmed,0.7654,0.0246,82.14,0,1
PK,web_connectivity,2022-09-28 19:16:50.362072,AS19111,REL,ok,0.4071,0.0096,77.36,1,0
RU,dns_consistency,2022-09-28 23:39:15.591118,AS15061,HUMR,anomaly,0.5635,0.1421,103.33,0,0
AZ,web_connectivity,2022-09-29 04:01:40.820164,AS45204,NEWS,ok,0.0187,0.7261,142.92,1,0
EG,web_connectivity,2022-09-29 08:24:06.049209,AS13761,HUMR,ok,0.0093,0.6833,153.18,1,0
RU,web_connectivity,2022-09-29 12:46:31.278255,AS50368,POLR,anomaly,0.4259,0.4265,36.84,1,0
KZ,facebook_messenger,2022-09-29 17:08:56.507301,AS17131,REL,ok,0.0563,0.4875,118.2,1,0
DE,web_connectivity,2022-09-29 21:31:21.736347,AS54883,ECON,ok,0.3645,0.1323,,1,0
VN,whatsapp,2022-09-30 01:53:46.965393,AS33842,REL,ok,0.0131,0.6537,74.14,1,1
KZ,dns_consistency,2022-09-30 06:16:12.194438,AS8947,ANON,ok,0.0126,1.1968,105.77,1,0
KZ,web_connectivity,2022-09-30 10:38:37.423484,AS20553,COMM,anomaly,0.4109,0.358,53.32,0,1
IN,web_connectivity,2022-09-30 15:01:02.652530,AS49724,POLR,ok,0.1733,1.3658,5.0,1,0
CN,http_header_field_manipulation,2022-09-30 19:23:27.881576,AS20634,ECON,ok,0.2052,0.521,5.0,1,0
CN,facebook_messenger,2022-09-30 23:45:53.110622,AS4263,HUMR,confirmed,0.4925,0.4593,85.36,0,1
PK,web_connectivity,2022-10-01 04:08:18.339667,AS2175,SRCH,ok,,0.8071,69.22,1,0
UZ,web_connectivity,2022-10-01 08:30:43.568713,AS32671,SRCH,ok,0.0399,0.3826,27.0,1,0
RU,web_connectivity,2022-10-01 12:53:08.797759,AS57909,ANON,ok,0.0383,0.9395,148.44,1,1
RU,web_connectivity,2022-10-01 17:15:34.026805,AS19698,NEWS,anomaly,0.187,0.9371,119.52,0,0
BY,tcp_connect,2022-10-01 21:37:59.255851,AS22453,ECON,ok,0.0046,2.1559,272.54,1,0
IN,dns_consistency,2022-10-02 02:00:24.484896,AS4263,HUMR,ok,0.354,1.6328,215.23,1,0
CN,web_connectivity,2022-10-02 06:22:49.713942,AS26441,COMM,failure,0.8795,0.617,539.32,0,1
IR,telegram,2022-10-02 10:45:14.942988,AS23883,ECON,confirmed,0.4043,0.1195,168.55,0,0
TR,web_connectivity,2022-10-02 15:07:40.172034,AS49724,HUMR,anomaly,0.7232,0.4868,260.47,1,1
FR,http_header_field_manipulation,2022-10-02 19:30:05.401080,AS2592,ANON,ok,0.6141,0.3311,,1,0
FR,http_header_field_manipulation,2022-10-02 23:52:30.630126,AS22453,ECON,ok,0.0137,0.7118,55.13,1,0
TR,web_connectivity,2022-10-03 04:14:55.859171,AS20553,LGBT,ok,0.0554,0.3676,113.8,1,0
ID,web_connectivity,2022-10-03 08:37:21.088217,AS55961,ECON,confirmed,0.8538,0.1836,214.23,0,0
TR,web_connectivity,2022-10-03 12:59:46.317263,AS17131,NEWS,anomaly,0.1057,1.6025,21.76,0,1
AZ,facebook_messenger,2022-10-03 17:22:11.546309,AS57909,ANON,ok,0.0436,0.0363,191.89,1,0
CN,tcp_connect,2022-10-03 21:44:36.775355,AS40389,NEWS,anomaly,,0.1862,10.95,0,1
BY,web_connectivity,2022-10-04 02:07:02.004400,AS41085,POLR,ok,0.0603,1.0792,5.0,1,0
TR,http_header_field_manipulation,2022-10-04 06:29:27.233446,AS42772,REL,ok,0.0376,0.9702,168.03,1,0
CN,http_header_field_manipulation,2022-10-04 10:51:52.462492,AS58842,COMM,ok,0.1278,0.2493,137.58,1,0
TH,web_connectivity,2022-10-04 15:14:17.691538,AS53867,HUMR,ok,0.0494,0.2679,269.79,1,0
CN,web_connectivity,2022-10-04 19:36:42.920584,AS57909,ANON,anomaly,0.9485,0.9807,162.2,0,0
FR,http_header_field_manipulation,2022-10-04 23:59:08.149629,AS41085,LGBT,ok,0.1934,0.4074,52.82,1,1
IR,web_connectivity,2022-10-05 04:21:33.378675,AS29338,COMM,confirmed,0.6728,0.0116,281.2,1,1
RU,whatsapp,2022-10-05 08:43:58.607721,AS10526,LGBT,ok,0.1297,0.9829,269.36,1,0
AZ,http_header_field_manipulation,2022-10-05 13:06:23.836767,AS10526,REL,ok,0.0151,1.5754,333.59,1,0
BR,web_connectivity,2022-10-05 17:28:49.065813,AS50319,POLR,ok,0.1112,0.0995,148.5,1,0
IN,whatsapp,2022-10-05 21:51:14.294858,AS13761,SRCH,ok,0.1517,1.8442,234.5,1,0
RU,web_connectivity,2022-10-06 02:13:39.523904,AS41369,ANON,anomaly,0.5469,1.5204,14.51,0,0
BR,whatsapp,2022-10-06 06:36:04.752950,AS49724,ECON,ok,0.0104,2.1654,146.21,1,0
IN,web_connectivity,2022-10-06 10:58:29.981996,AS25884,COMT,ok,0.1258,0.0866,35.23,1,1
DE,http_header_field_manipulation,2022-10-06 15:20:55.211042,AS36237,NEWS,ok,0.4478,1.9135,55.7,1,0
NG,tcp_connect,2022-10-06 19:43:20.440088,AS55374,ECON,ok,0.13,0.6685,224.09,1,0
NG,web_connectivity,2022-10-07 00:05:45.669133,AS22453,HUMR,confirmed,0.518,0.3843,171.94,0,1
ID,web_connectivity,2022-10-07 04:28:10.898179,AS18345,COMM,ok,0.1165,0.1611,325.09,0,0
VN,dns_consistency,2022-10-07 08:50:36.127225,AS59099,NEWS,ok,0.1817,1.4812,179.27,1,1
TR,dns_consistency,2022-10-07 13:13:01.356271,AS4263,ANON,ok,0.1712,0.1397,46.75,1,1
TR,web_connectivity,2022-10-07 17:35:26.585317,AS54883,COMT,ok,0.1151,1.6591,248.68,1,0
DE,vanilla_tor,2022-10-07 21:57:51.814362,AS58945,ECON,ok,0.1938,0.7217,11.67,1,0
CN,tcp_connect,2022-10-08 02:20:17.043408,AS25581,ANON,ok,0.0456,0.0584,37.34,1,0
IN,web_connectivity,2022-10-08 06:42:42.272454,AS23227,ANON,anomaly,0.9938,1.5236,7.48,1,1
BY,http_header_field_manipulation,2022-10-08 11:05:07.501500,AS19111,REL,ok,0.1302,0.9542,220.15,1,0
AZ,web_connectivity,2022-10-08 15:27:32.730546,AS25983,ANON,ok,0.1309,0.0689,317.97,1,0
NG,whatsapp,2022-10-08 19:49:57.959591,AS33842,NEWS,ok,0.215,0.2637,102.49,1,0
BR,web_connectivity,2022-10-09 00:12:23.188637,AS48048,POLR,ok,0.1597,0.3312,314.86,1,0
IN,web_connectivity,2022-10-09 04:34:48.417683,AS2182,ANON,ok,0.1082,0.7263,,1,0
NG,web_connectivity,2022-10-09 08:57:13.646729,AS39530,COMT,ok,0.0764,1.0872,321.91,1,0
MM,vanilla_tor,2022-10-09 13:19:38.875775,AS10526,ECON,ok,0.1878,0.3073,57.13,1,0
EG,web_connectivity,2022-10-09 17:42:04.104820,AS41085,HUMR,ok,0.0341,1.4486,438.55,1,0
RU,web_connectivity,2022-10-09 22:04:29.333866,AS19111,LGBT,ok,0.1583,1.0096,12.01,0,0
EG,dns_consistency,2022-10-10 02:26:54.562912,AS20634,LGBT,ok,0.0468,0.3664,26.22,1,0
EG,web_connectivity,2022-10-10 06:49:19.791958,AS22895,POLR,confirmed,0.621,0.2356,41.69,0,1
RU,web_connectivity,2022-10-10 11:11:45.021004,AS23883,SRCH,ok,0.1328,0.3835,19.97,1,0
IR,http_header_field_manipulation,2022-10-10 15:34:10.250050,AS8640,ECON,failure,0.4875,1.8464,686.53,0,1
MM,web_connectivity,2022-10-10 19:56:35.479095,AS39530,HUMR,ok,0.2042,0.9996,108.8,1,0
BR,dns_consistency,2022-10-11 00:19:00.708141,AS57909,POLR,ok,0.026,0.1295,153.18,1,0
BY,web_connectivity,2022-10-11 04:41:25.937187,AS2182,HUMR,ok,0.1426,0.3203,69.66,1,0
IR,dns_consistency,2022-10-11 09:03:51.166233,AS2592,ECON,confirmed,0.7064,0.5629,276.81,1,1
RU,web_connectivity,2022-10-11 13:26:16.395279,AS50319,COMT,ok,0.0015,0.9383,197.07,1,1
IR,dns_consistency,2022-10-11 17:48:41.624324,AS1588,HUMR,confirmed,0.9453,0.1937,164.16,1,1
DE,web_connectivity,2022-10-11 22:11:06.853370,AS23227,ANON,ok,0.1428,0.6616,462.44,1,0
US,web_connectivity,2022-10-12 02:33:32.082416,AS52965,LGBT,ok,0.1031,0.6825,5.0,1,0
AZ,web_connectivity,2022-10-12 06:55:57.311462,AS32635,NEWS,ok,0.3424,0.5015,518.4,1,0
EG,web_connectivity,2022-10-12 11:18:22.540508,AS52965,COMM,anomaly,0.8421,1.1136,25.47,0,1
FR,web_connectivity,2022-10-12 15:40:47.769553,AS17131,SRCH,ok,0.0089,0.2547,26.29,1,0
RU,http_header_field_manipulation,2022-10-12 20:03:12.998599,AS48048,ECON,ok,0.0185,0.5426,93.1,1,0
IR,http_header_field_manipulation,2022-10-13 00:25:38.227645,AS2592,NEWS,anomaly,0.5723,0.9343,87.36,0,1
RU,web_connectivity,2022-10-13 04:48:03.456691,AS39530,REL,ok,,0.5135,31.02,1,0
US,web_connectivity,2022-10-13 09:10:28.685737,AS50368,LGBT,ok,0.1349,0.0052,66.41,0,0
CN,dns_consistency,2022-10-13 13:32:53.914782,AS42135,NEWS,failure,0.6757,0.1834,87.43,1,0
VN,facebook_messenger,2022-10-13 17:55:19.143828,AS10526,COMT,failure,0.597,0.4182,40.16,1,1
IR,web_connectivity,2022-10-13 22:17:44.372874,AS40389,NEWS,ok,0.0016,0.0504,234.75,1,0
IR,web_connectivity,2022-10-14 02:40:09.601920,AS36237,HUMR,confirmed,0.5289,0.5207,75.29,0,0
DE,web_connectivity,2022-10-14 07:02:34.830966,AS20553,ANON,ok,0.0567,0.3209,37.11,1,0
IN,web_connectivity,2022-10-14 11:25:00.060012,AS52615,NEWS,ok,0.0463,1.1476,58.69,1,0
BY,web_connectivity,2022-10-14 15:47:25.289057,AS15061,NEWS,ok,0.1122,0.8208,5.0,1,0
BY,whatsapp,2022-10-14 20:09:50.518103,AS59099,SRCH,confirmed,0.9065,0.2696,18.49,0,1
IR,dns_consistency,2022-10-15 00:32:15.747149,AS26441,NEWS,anomaly,0.77,0.0083,92.56,0,0
MM,web_connectivity,2022-10-15 04:54:40.976195,AS6970,ANON,ok,0.3827,0.1747,,0,0
BR,facebook_messenger,2022-10-15 09:17:06.205241,AS18345,ECON,ok,0.0619,0.2038,129.93,1,0
US,web_connectivity,2022-10-15 13:39:31.434286,AS58945,ANON,ok,0.0518,0.8489,83.76,1,0
RU,web_connectivity,2022-10-15 18:01:56.663332,AS13266,HUMR,ok,0.0251,0.9081,5.0,1,0
EG,web_connectivity,2022-10-15 22:24:21.892378,AS4899,POLR,anomaly,0.6152,0.6024,109.49,1,1
RU,web_connectivity,2022-10-16 02:46:47.121424,AS1588,POLR,ok,0.1381,0.535,138.82,0,0
CN,tcp_connect,2022-10-16 07:09:12.350470,AS13761,POLR,confirmed,0.4602,0.2645,98.6,1,1
RU,web_connectivity,2022-10-16 11:31:37.579515,AS50368,POLR,ok,0.2591,0.5576,30.17,1,0
US,tcp_connect,2022-10-16 15:54:02.808561,AS55961,LGBT,ok,0.0264,0.9747,5.0,0,0
NG,tcp_connect,2022-10-16 20:16:28.037607,AS45204,ECON,ok,0.0869,0.289,54.87,1,0
KZ,web_connectivity,2022-10-17 00:38:53.266653,AS51222,NEWS,ok,0.0332,0.1509,125.88,1,0
EG,dns_consistency,2022-10-17 05:01:18.495699,AS22895,LGBT,confirmed,0.6211,0.2171,5.0,1,1
ID,dns_consistency,2022-10-17 09:23:43.724744,AS4263,LGBT,ok,0.234,1.0403,265.97,1,0
PK,whatsapp,2022-10-17 13:46:08.953790,AS45204,COMT,ok,0.0974,0.6688,54.28,1,0
TR,web_connectivity,2022-10-17 18:08:34.182836,AS25884,LGBT,ok,0.0737,0.7967,7.21,1,0
US,web_connectivity,2022-10-17 22:30:59.411882,AS28910,ANON,ok,0.1001,0.9155,46.9,1,0
DE,whatsapp,2022-10-18 02:53:24.640928,AS55374,LGBT,ok,0.0397,0.0675,293.18,1,0
BR,web_connectivity,2022-10-18 07:15:49.869973,AS29606,ANON,ok,0.3863,0.7114,354.05,1,0
BR,web_connectivity,2022-10-18 11:38:15.099019,AS8947,POLR,ok,0.3826,1.0955,252.75,1,0
EG,dns_consistency,2022-10-18 16:00:40.328065,AS8947,POLR,ok,,0.0486,174.19,1,0
RU,web_connectivity,2022-10-18 20:23:05.557111,AS32635,COMT,ok,0.0186,1.2225,21.08,0,0
PK,dns_consistency,2022-10-19 00:45:30.786157,AS50368,NEWS,ok,0.0233,0.6398,188.24,1,0
IR,whatsapp,2022-10-19 05:07:56.015203,AS15631,POLR,anomaly,0.6547,0.7035,29.99,0,1
RU,dns_consistency,2022-10-19 09:30:21.244248,AS25294,HUMR,ok,0.012,0.0369,39.54,1,0
US,dns_consistency,2022-10-19 13:52:46.473294,AS54883,ECON,ok,0.1884,0.4728,24.2,1,1
BR,web_connectivity,2022-10-19 18:15:11.702340,AS58842,SRCH,ok,,1.3468,125.34,1,0
RU,tcp_connect,2022-10-19 22:37:36.931386,AS46987,COMT,ok,0.0815,0.8684,204.67,1,0
US,tcp_connect,2022-10-20 03:00:02.160432,AS2182,SRCH,ok,0.0689,0.4816,134.07,1,0
US,web_connectivity,2022-10-20 07:22:27.389477,AS6146,LGBT,ok,0.4403,0.6947,45.44,1,0
RU,web_connectivity,2022-10-20 11:44:52.618523,AS25581,POLR,ok,0.0236,1.3685,111.44,1,0
EG,tcp_connect,2022-10-20 16:07:17.847569,AS33842,LGBT,confirmed,0.8404,0.1566,142.87,1,1
CN,web_connectivity,2022-10-20 20:29:43.076615,AS4899,COMT,ok,0.0129,0.1443,106.1,0,0
MM,web_connectivity,2022-10-21 00:52:08.305661,AS8640,REL,anomaly,0.615,1.2686,5.15,1,1
TR,web_connectivity,2022-10-21 05:14:33.534706,AS24775,COMT,ok,0.1942,2.0473,5.0,1,0
DE,web_connectivity,2022-10-21 09:36:58.763752,AS22895,REL,ok,0.1427,1.0206,,1,0
KZ,web_connectivity,2022-10-21 13:59:23.992798,AS55874,COMT,ok,0.0757,0.2405,377.37,1,0
MM,tcp_connect,2022-10-21 18:21:49.221844,AS13266,ANON,ok,0.0099,0.1267,244.99,1,0
MM,dns_consistency,2022-10-21 22:44:14.450890,AS4263,ANON,ok,0.017,0.014,17.64,1,0
IR,dns_consistency,2022-10-22 03:06:39.679935,AS8947,NEWS,confirmed,0.4026,0.0361,5.0,0,1
RU,web_connectivity,2022-10-22 07:29:04.908981,AS20553,COMT,confirmed,0.5149,0.2388,69.8,0,0
NG,web_connectivity,2022-10-22 11:51:30.138027,AS35011,HUMR,ok,0.2362,2.2585,85.71,1,1
IN,web_connectivity,2022-10-22 16:13:55.367073,AS52965,SRCH,ok,0.1156,1.2074,5.0,1,0
KZ,web_connectivity,2022-10-22 20:36:20.596119,AS2072,SRCH,ok,0.0757,1.4845,228.08,1,0
TR,dns_consistency,2022-10-23 00:58:45.825165,AS4263,ECON,ok,0.357,0.7705,173.63,1,0
IN,web_connectivity,2022-10-23 05:21:11.054210,AS8947,LGBT,ok,0.1036,0.7619,88.71,1,0
US,web_connectivity,2022-10-23 09:43:36.283256,AS58945,REL,failure,0.8268,1.106,1090.18,1,1
MM,vanilla_tor,2022-10-23 14:06:01.512302,AS51222,POLR,ok,0.008,1.0922,113.38,1,0
CN,web_connectivity,2022-10-23 18:28:26.741348,AS58653,COMT,confirmed,0.6191,0.4704,16.53,1,1
TH,tcp_connect,2022-10-23 22:50:51.970394,AS32671,HUMR,ok,0.0039,0.832,78.17,1,0
US,web_connectivity,2022-10-24 03:13:17.199439,AS19111,ANON,ok,0.1073,0.9626,81.07,1,0
BY,web_connectivity,2022-10-24 07:35:42.428485,AS41085,SRCH,ok,0.109,0.8866,181.51,1,0
US,dns_consistency,2022-10-24 11:58:07.657531,AS58842,HUMR,ok,0.147,1.8568,55.37,1,0
PK,web_connectivity,2022-10-24 16:20:32.886577,AS28647,COMM,ok,0.1345,1.0389,20.96,1,0
RU,web_connectivity,2022-10-24 20:42:58.115623,AS15061,ANON,anomaly,0.9735,0.7859,327.09,0,1
MM,web_connectivity,2022-10-25 01:05:23.344668,AS36237,ECON,failure,0.7081,0.1426,1180.52,1,1
US,web_connectivity,2022-10-25 05:27:48.573714,AS4899,LGBT,ok,0.0368,0.1344,274.33,0,0
DE,dns_consistency,2022-10-25 09:50:13.802760,AS32635,LGBT,ok,0.0116,0.0134,69.89,1,0
IR,http_header_field_manipulation,2022-10-25 14:12:39.031806,AS11241,HUMR,failure,0.6899,0.1373,771.29,0,1
PK,web_connectivity,2022-10-25 18:35:04.260852,AS25581,REL,ok,0.125,0.5517,350.47,1,0
IR,web_connectivity,2022-10-25 22:57:29.489897,AS54883,NEWS,ok,0.4024,1.2807,414.89,1,0
CN,whatsapp,2022-10-26 03:19:54.718943,AS25581,NEWS,anomaly,0.5526,2.0148,90.0,1,0
IR,web_connectivity,2022-10-26 07:42:19.947989,AS32671,LGBT,ok,0.1314,1.0721,6.16,1,0
RU,http_header_field_manipulation,2022-10-26 12:04:45.177035,AS58842,POLR,confirmed,0.4947,0.2644,70.98,1,0
VN,telegram,2022-10-26 16:27:10.406081,AS20553,REL,ok,0.0382,1.9537,248.73,1,0
CN,web_connectivity,2022-10-26 20:49:35.635127,AS22453,COMM,ok,0.0382,0.4389,107.38,1,0
IR,web_connectivity,2022-10-27 01:12:00.864172,AS11241,HUMR,ok,0.0701,0.5866,196.95,1,0
TR,facebook_messenger,2022-10-27 05:34:26.093218,AS28910,LGBT,ok,0.1127,0.2434,64.66,1,0
US,web_connectivity,2022-10-27 09:56:51.322264,AS2182,ANON,ok,0.0061,0.5565,167.82,1,0
US,web_connectivity,2022-10-27 14:19:16.551310,AS8640,ECON,ok,0.0001,1.8819,18.79,1,0
IN,dns_consistency,2022-10-27 18:41:41.780356,AS2072,LGBT,ok,0.015,1.2572,207.84,1,0
US,web_connectivity,2022-10-27 23:04:07.009401,AS49977,LGBT,ok,0.1897,1.1355,177.05,0,1
IN,vanilla_tor,2022-10-28 03:26:32.238447,AS53867,LGBT,ok,0.1445,0.8404,34.84,1,1
BY,web_connectivity,2022-10-28 07:48:57.467493,AS2592,COMT,anomaly,0.8242,0.0542,310.3,0,0
RU,dns_consistency,2022-10-28 12:11:22.696539,AS42135,COMM,ok,0.0662,0.0821,5.0,0,1
AZ,dns_consistency,2022-10-28 16:33:47.925585,AS25884,LGBT,confirmed,0.8907,0.2159,168.26,0,1
CN,dns_consistency,2022-10-28 20:56:13.154630,AS59099,NEWS,ok,0.1602,1.875,232.43,1,0
EG,dns_consistency,2022-10-29 01:18:38.383676,AS55374,SRCH,ok,0.0676,1.1877,196.71,1,0
IN,vanilla_tor,2022-10-29 05:41:03.612722,AS53867,ANON,ok,0.0602,0.763,26.3,0,0
TR,whatsapp,2022-10-29 10:03:28.841768,AS42135,ANON,ok,0.0967,1.4525,5.0,1,0
NG,web_connectivity,2022-10-29 14:25:54.070814,AS48048,SRCH,ok,0.2385,0.3553,16.91,1,0
PK,dns_consistency,2022-10-29 18:48:19.299859,AS13761,COMT,ok,0.0297,0.3865,32.49,1,0
DE,web_connectivity,2022-10-29 23:10:44.528905,AS58945,SRCH,ok,0.2127,1.2645,93.41,1,0
DE,web_connectivity,2022-10-30 03:33:09.757951,AS10526,SRCH,ok,0.0823,0.1955,42.4,1,0
RU,web_connectivity,2022-10-30 07:55:34.986997,AS46987,COMM,ok,0.3014,0.0335,259.29,1,0
UZ,http_header_field_manipulation,2022-10-30 12:18:00.216043,AS25294,COMT,ok,0.0473,0.772,12.51,1,0
BY,web_connectivity,2022-10-30 16:40:25.445089,AS40389,LGBT,anomaly,0.4311,0.7336,148.86,0,1
IN,tcp_connect,2022-10-30 21:02:50.674134,AS23227,COMM,ok,0.0811,1.5532,288.5,1,0
PK,web_connectivity,2022-10-31 01:25:15.903180,AS13761,COMT,ok,0.1131,0.7297,388.83,1,1
TR,telegram,2022-10-31 05:47:41.132226,AS11241,SRCH,anomaly,0.4262,1.6103,197.89,0,1
EG,web_connectivity,2022-10-31 10:10:06.361272,AS46987,REL,anomaly,0.6946,1.4754,26.95,0,0
US,whatsapp,2022-10-31 14:32:31.590318,AS26441,SRCH,ok,0.2561,0.2257,114.07,1,0
DE,http_header_field_manipulation,2022-10-31 18:54:56.819363,AS48048,LGBT,ok,0.1637,0.9873,17.99,1,0
RU,facebook_messenger,2022-10-31 23:17:22.048409,AS26441,SRCH,confirmed,0.3883,0.2297,91.89,0,1
ID,tcp_connect,2022-11-01 03:39:47.277455,AS15631,HUMR,ok,0.2854,0.1007,50.55,1,0
BY,tcp_connect,2022-11-01 08:02:12.506501,AS29606,COMT,ok,0.0401,0.0592,65.92,1,1
MM,web_connectivity,2022-11-01 12:24:37.735547,AS15631,SRCH,ok,0.2253,0.2859,89.03,1,0
TR,dns_consistency,2022-11-01 16:47:02.964592,AS2072,LGBT,failure,0.4919,0.4437,75.89,0,1
TR,web_connectivity,2022-11-01 21:09:28.193638,AS38379,COMM,ok,0.0868,0.3173,36.13,1,0
BR,web_connectivity,2022-11-02 01:31:53.422684,AS23883,COMT,ok,0.0187,0.9986,31.32,1,0
BY,http_header_field_manipulation,2022-11-02 05:54:18.651730,AS51947,POLR,ok,0.1371,1.0703,110.17,1,0
TH,web_connectivity,2022-11-02 10:16:43.880776,AS36237,ECON,anomaly,,1.682,133.46,0,0
CN,web_connectivity,2022-11-02 14:39:09.109821,AS1588,POLR,anomaly,0.7281,0.0186,81.31,1,1
NG,web_connectivity,2022-11-02 19:01:34.338867,AS55874,ECON,ok,0.1128,0.4364,209.62,1,0
EG,web_connectivity,2022-11-02 23:23:59.567913,AS28910,POLR,ok,0.0933,0.6398,143.07,1,0
CN,web_connectivity,2022-11-03 03:46:24.796959,AS55874,POLR,ok,0.1211,0.8843,192.95,1,0
IN,web_connectivity,2022-11-03 08:08:50.026005,AS20634,HUMR,ok,0.2137,0.9915,106.15,1,0
IR,web_connectivity,2022-11-03 12:31:15.255051,AS28910,ANON,confirmed,0.8431,0.2479,29.9,0,1
VN,dns_consistency,2022-11-03 16:53:40.484096,AS41628,SRCH,ok,0.035,2.3425,39.69,1,0
AZ,web_connectivity,2022-11-03 21:16:05.713142,AS4899,NEWS,ok,0.0277,0.2573,75.35,1,0
AZ,facebook_messenger,2022-11-04 01:38:30.942188,AS52965,SRCH,ok,0.2993,0.6618,232.17,0,0
VN,facebook_messenger,2022-11-04 06:00:56.171234,AS46987,COMM,ok,0.153,0.9388,209.95,1,0
TR,web_connectivity,2022-11-04 10:23:21.400280,AS58653,HUMR,ok,0.1432,2.0031,5.0,1,0
VN,web_connectivity,2022-11-04 14:45:46.629325,AS51947,NEWS,ok,0.0673,0.4973,197.15,1,0
AZ,web_connectivity,2022-11-04 19:08:11.858371,AS59099,COMM,ok,0.0646,0.8695,230.14,1,0
NG,telegram,2022-11-04 23:30:37.087417,AS8947,SRCH,confirmed,0.6178,0.2073,104.46,0,1
IN,dns_consistency,2022-11-05 03:53:02.316463,AS25294,POLR,ok,0.076,0.251,146.65,1,0
UZ,http_header_field_manipulation,2022-11-05 08:15:27.545509,AS15539,HUMR,ok,0.0311,1.1034,306.75,1,0
BY,telegram,2022-11-05 12:37:52.774554,AS32635,HUMR,confirmed,0.9189,0.1355,72.57,1,1
KZ,telegram,2022-11-05 17:00:18.003600,AS18345,HUMR,ok,0.1308,0.2101,179.28,1,1
KZ,whatsapp,2022-11-05 21:22:43.232646,AS44761,COMT,ok,0.0191,0.6652,367.95,1,0
IN,tcp_connect,2022-11-06 01:45:08.461692,AS40389,NEWS,ok,0.0221,1.0371,64.69,1,0
AZ,whatsapp,2022-11-06 06:07:33.690738,AS58945,POLR,ok,0.0534,1.1907,,1,0
BR,whatsapp,2022-11-06 10:29:58.919783,AS50319,COMT,ok,0.0027,2.0767,127.08,1,0
RU,web_connectivity,2022-11-06 14:52:24.148829,AS7926,SRCH,ok,,0.6003,55.75,1,0
NG,facebook_messenger,2022-11-06 19:14:49.377875,AS18345,COMM,ok,0.0217,0.9862,55.13,1,0
DE,http_header_field_manipulation,2022-11-06 23:37:14.606921,AS15539,HUMR,ok,0.0236,1.2843,111.04,1,0
CN,web_connectivity,2022-11-07 03:59:39.835967,AS9939,REL,confirmed,0.5551,0.0547,193.96,0,1
FR,web_connectivity,2022-11-07 08:22:05.065013,AS2175,COMM,ok,0.2626,1.7805,19.46,1,0
RU,http_header_field_manipulation,2022-11-07 12:44:30.294058,AS10526,POLR,ok,0.0289,1.6278,13.96,1,0
TH,web_connectivity,2022-11-07 17:06:55.523104,AS6146,REL,ok,0.0446,1.0014,602.89,1,0
IR,whatsapp,2022-11-07 21:29:20.752150,AS15061,POLR,anomaly,0.3608,0.4384,239.84,0,1
IN,web_connectivity,2022-11-08 01:51:45.981196,AS39530,ECON,ok,0.125,1.359,667.36,1,0
IN,telegram,2022-11-08 06:14:11.210242,AS46987,COMT,ok,0.0694,1.4187,,1,0
EG,web_connectivity,2022-11-08 10:36:36.439287,AS20634,COMM,confirmed,0.8578,0.1376,98.04,1,1
CN,web_connectivity,2022-11-08 14:59:01.668333,AS29338,POLR,anomaly,0.6368,0.599,5.0,0,1
FR,whatsapp,2022-11-08 19:21:26.897379,AS22453,ANON,ok,0.0263,0.0955,31.15,1,0
PK,web_connectivity,2022-11-08 23:43:52.126425,AS58842,COMM,ok,0.1696,0.5333,50.99,1,0
MM,whatsapp,2022-11-09 04:06:17.355471,AS42135,POLR,ok,0.0888,1.0077,5.0,1,0
IR,web_connectivity,2022-11-09 08:28:42.584516,AS8947,HUMR,failure,0.9883,1.5853,165.66,1,1
DE,telegram,2022-11-09 12:51:07.813562,AS18345,REL,ok,0.1145,0.5282,50.98,1,1
TH,web_connectivity,2022-11-09 17:13:33.042608,AS28647,HUMR,ok,0.223,0.2515,104.94,1,0
CN,web_connectivity,2022-11-09 21:35:58.271654,AS8640,POLR,anomaly,0.5451,0.1485,139.14,0,1
IR,telegram,2022-11-10 01:58:23.500700,AS32635,NEWS,ok,0.0605,1.4885,123.38,1,0
DE,web_connectivity,2022-11-10 06:20:48.729745,AS7926,NEWS,ok,0.0,0.1199,120.92,1,0
TH,facebook_messenger,2022-11-10 10:43:13.958791,AS6146,NEWS,ok,0.0158,0.0781,22.36,1,0
DE,whatsapp,2022-11-10 15:05:39.187837,AS53867,ECON,ok,0.0301,0.8127,286.16,1,0
IN,web_connectivity,2022-11-10 19:28:04.416883,AS54883,POLR,ok,0.0411,0.7756,207.99,1,1
VN,web_connectivity,2022-11-10 23:50:29.645929,AS15061,SRCH,ok,0.0364,1.4532,131.6,1,0
TH,web_connectivity,2022-11-11 04:12:54.874974,AS22453,ECON,ok,0.2079,0.2694,227.32,1,0
RU,web_connectivity,2022-11-11 08:35:20.104020,AS58569,POLR,anomaly,0.6185,1.2135,236.01,0,1
IR,web_connectivity,2022-11-11 12:57:45.333066,AS33842,LGBT,anomaly,,1.1771,10.17,0,0
IR,dns_consistency,2022-11-11 17:20:10.562112,AS11241,HUMR,anomaly,0.3621,1.6812,48.42,0,1
RU,facebook_messenger,2022-11-11 21:42:35.791158,AS39530,COMM,anomaly,0.861,0.5991,16.09,1,0
TR,web_connectivity,2022-11-12 02:05:01.020204,AS25983,LGBT,ok,0.0044,1.6584,97.69,1,0
CN,web_connectivity,2022-11-12 06:27:26.249249,AS35044,NEWS,anomaly,0.6754,0.2786,152.81,0,1
US,dns_consistency,2022-11-12 10:49:51.478295,AS4099,LGBT,ok,0.0993,0.4271,5.0,1,0
TR,web_connectivity,2022-11-12 15:12:16.707341,AS35011,LGBT,ok,0.0285,0.5326,97.64,1,0
IN,http_header_field_manipulation,2022-11-12 19:34:41.936387,AS52965,POLR,ok,0.1414,1.3592,197.37,1,0
TH,web_connectivity,2022-11-12 23:57:07.165433,AS26441,COMT,ok,0.1005,0.1919,130.93,1,0
IR,facebook_messenger,2022-11-13 04:19:32.394478,AS2592,COMM,failure,0.7001,1.215,891.93,1,1
IN,http_header_field_manipulation,2022-11-13 08:41:57.623524,AS2592,ECON,ok,0.0131,2.4473,72.81,1,0
CN,web_connectivity,2022-11-13 13:04:22.852570,AS55961,ECON,anomaly,0.9424,0.8781,51.5,0,1
US,http_header_field_manipulation,2022-11-13 17:26:48.081616,AS2182,POLR,anomaly,0.4561,1.0934,69.23,1,1
EG,whatsapp,2022-11-13 21:49:13.310662,AS42772,LGBT,ok,0.1428,1.4739,,1,0
MM,tcp_connect,2022-11-14 02:11:38.539707,AS28910,COMT,anomaly,0.5355,0.4363,130.34,1,1
US,web_connectivity,2022-11-14 06:34:03.768753,AS34008,ECON,ok,0.0815,0.2166,166.07,1,0
AZ,web_connectivity,2022-11-14 10:56:28.997799,AS11241,POLR,anomaly,0.3381,0.3149,5.0,1,1
MM,dns_consistency,2022-11-14 15:18:54.226845,AS28910,ANON,ok,,0.0393,34.04,1,0
IR,web_connectivity,2022-11-14 19:41:19.455891,AS58842,ANON,failure,0.5319,0.9504,2654.22,0,0
CN,web_connectivity,2022-11-15 00:03:44.684936,AS23883,ANON,ok,0.272,1.675,34.61,1,0
VN,tcp_connect,2022-11-15 04:26:09.913982,AS58569,ANON,anomaly,0.7188,0.2612,140.63,0,1
FR,web_connectivity,2022-11-15 08:48:35.143028,AS13266,REL,ok,,0.1966,,1,0
IN,web_connectivity,2022-11-15 13:11:00.372074,AS55961,ECON,ok,0.0443,1.0167,5.0,1,0
CN,web_connectivity,2022-11-15 17:33:25.601120,AS25581,ANON,ok,0.2265,0.1204,12.4,1,0
AZ,web_connectivity,2022-11-15 21:55:50.830166,AS41085,REL,ok,0.3452,1.4167,231.53,1,0
CN,web_connectivity,2022-11-16 02:18:16.059211,AS58653,REL,anomaly,0.4927,0.2068,92.78,1,1
VN,tcp_connect,2022-11-16 06:40:41.288257,AS57909,ECON,ok,0.1063,2.4149,5.0,1,0
RU,facebook_messenger,2022-11-16 11:03:06.517303,AS55374,LGBT,anomaly,0.8414,1.7615,51.65,0,0
RU,dns_consistency,2022-11-16 15:25:31.746349,AS28910,REL,ok,0.2452,0.3339,69.45,1,0
DE,web_connectivity,2022-11-16 19:47:56.975395,AS41085,HUMR,ok,0.188,1.0335,103.57,1,0
VN,whatsapp,2022-11-17 00:10:22.204440,AS23883,POLR,ok,0.0418,0.5741,38.48,1,0
IR,web_connectivity,2022-11-17 04:32:47.433486,AS40389,NEWS,ok,0.0176,0.8361,179.88,1,0
PK,web_connectivity,2022-11-17 08:55:12.662532,AS25294,COMM,ok,0.1613,0.8186,21.16,1,0
IR,web_connectivity,2022-11-17 13:17:37.891578,AS26441,ECON,ok,0.039,0.1995,68.88,0,0
US,web_connectivity,2022-11-17 17:40:03.120624,AS46987,REL,ok,0.0704,1.0431,76.8,1,0
TR,tcp_connect,2022-11-17 22:02:28.349669,AS19111,POLR,ok,0.0171,1.1258,5.0,1,0
PK,telegram,2022-11-18 02:24:53.578715,AS32671,COMT,ok,0.0307,0.6091,86.52,1,0
MM,dns_consistency,2022-11-18 06:47:18.807761,AS51222,NEWS,failure,0.6597,0.8755,695.57,1,0
RU,dns_consistency,2022-11-18 11:09:44.036807,AS40389,SRCH,ok,0.2678,0.2267,32.53,1,0
CN,web_connectivity,2022-11-18 15:32:09.265853,AS58569,SRCH,confirmed,0.4812,0.0865,231.05,1,1
KZ,dns_consistency,2022-11-18 19:54:34.494898,AS7926,ANON,ok,0.0545,0.425,33.09,1,0
IN,telegram,2022-11-19 00:16:59.723944,AS49724,LGBT,ok,0.1464,0.192,233.46,1,0
DE,web_connectivity,2022-11-19 04:39:24.952990,AS41628,POLR,ok,0.0023,0.7329,126.02,1,0
IR,web_connectivity,2022-11-19 09:01:50.182036,AS9939,LGBT,failure,0.6833,1.196,49.72,0,1
FR,web_connectivity,2022-11-19 13:24:15.411082,AS48048,COMM,ok,0.1175,1.1771,128.24,1,0
UZ,dns_consistency,2022-11-19 17:46:40.640128,AS13761,COMM,ok,0.1545,0.4407,59.38,1,0
RU,dns_consistency,2022-11-19 22:09:05.869173,AS6146,POLR,confirmed,0.6661,0.2969,176.12,0,1
BR,web_connectivity,2022-11-20 02:31:31.098219,AS35011,ECON,ok,0.1488,0.4793,93.22,1,0
AZ,tcp_connect,2022-11-20 06:53:56.327265,AS23227,POLR,anomaly,0.7847,0.5067,163.02,0,1
DE,dns_consistency,2022-11-20 11:16:21.556311,AS32671,POLR,ok,0.0473,0.337,143.54,1,0
DE,http_header_field_manipulation,2022-11-20 15:38:46.785357,AS15061,ANON,ok,0.026,1.0526,5.0,1,0
IN,whatsapp,2022-11-20 20:01:12.014402,AS35044,NEWS,ok,0.0664,1.5415,426.21,1,0
RU,whatsapp,2022-11-21 00:23:37.243448,AS22453,ECON,ok,0.1963,1.0517,67.19,1,0
MM,web_connectivity,2022-11-21 04:46:02.472494,AS58945,COMM,confirmed,0.378,0.9128,278.25,1,1
DE,http_header_field_manipulation,2022-11-21 09:08:27.701540,AS19698,COMT,ok,0.2446,0.3674,21.24,1,0
US,http_header_field_manipulation,2022-11-21 13:30:52.930586,AS33842,COMM,ok,0.0435,0.1667,35.64,1,0
CN,web_connectivity,2022-11-21 17:53:18.159631,AS24775,COMT,anomaly,0.6795,0.1685,,0,1
MM,whatsapp,2022-11-21 22:15:43.388677,AS18345,REL,ok,0.1899,1.0782,282.96,1,0
MM,web_connectivity,2022-11-22 02:38:08.617723,AS4099,LGBT,anomaly,0.5402,0.3016,162.95,0,1
BR,tcp_connect,2022-11-22 07:00:33.846769,AS58945,POLR,ok,0.059,0.7298,41.66,1,0
KZ,web_connectivity,2022-11-22 11:22:59.075815,AS23227,COMM,confirmed,0.6802,0.0263,124.2,0,1
IR,tcp_connect,2022-11-22 15:45:24.304860,AS2072,REL,anomaly,0.3649,2.2019,29.67,1,0
MM,web_connectivity,2022-11-22 20:07:49.533906,AS19698,REL,ok,0.3422,0.6062,137.43,1,1
BR,web_connectivity,2022-11-23 00:30:14.762952,AS32671,COMT,confirmed,0.5665,0.0612,409.78,0,1
CN,web_connectivity,2022-11-23 04:52:39.991998,AS9939,POLR,ok,0.0458,0.9213,34.47,1,0
IR,web_connectivity,2022-11-23 09:15:05.221044,AS6146,SRCH,ok,0.2413,0.6748,86.97,1,0
TR,vanilla_tor,2022-11-23 13:37:30.450090,AS4263,HUMR,ok,0.0524,0.3455,73.85,1,0
AZ,web_connectivity,2022-11-23 17:59:55.679135,AS29606,SRCH,ok,0.1411,0.0943,5.0,1,0
MM,web_connectivity,2022-11-23 22:22:20.908181,AS58569,ANON,ok,0.1667,0.1828,367.61,1,0
NG,http_header_field_manipulation,2022-11-24 02:44:46.137227,AS25983,LGBT,ok,0.0744,0.6307,75.45,1,0
RU,web_connectivity,2022-11-24 07:07:11.366273,AS51947,POLR,confirmed,0.704,0.1438,411.67,1,1
ID,web_connectivity,2022-11-24 11:29:36.595319,AS52615,COMT,ok,0.0408,1.0234,148.8,1,0
TR,web_connectivity,2022-11-24 15:52:01.824364,AS7926,ECON,ok,0.0585,1.117,5.0,1,1
NG,http_header_field_manipulation,2022-11-24 20:14:27.053410,AS7926,SRCH,ok,0.1109,1.8896,102.84,1,1
MM,telegram,2022-11-25 00:36:52.282456,AS4899,REL,confirmed,0.7975,0.0851,55.13,0,1
IR,whatsapp,2022-11-25 04:59:17.511502,AS28647,POLR,anomaly,0.8594,0.481,5.0,0,1
VN,vanilla_tor,2022-11-25 09:21:42.740548,AS54883,ANON,ok,0.0741,1.6242,5.0,1,0
RU,dns_consistency,2022-11-25 13:44:07.969593,AS7926,LGBT,ok,0.0003,0.5563,5.0,1,0
IR,facebook_messenger,2022-11-25 18:06:33.198639,AS2182,SRCH,ok,0.0959,0.5086,98.76,1,0
EG,web_connectivity,2022-11-25 22:28:58.427685,AS58945,HUMR,ok,0.0171,0.1114,20.77,1,0
IR,web_connectivity,2022-11-26 02:51:23.656731,AS9939,SRCH,anomaly,0.4118,1.3848,,0,0
DE,web_connectivity,2022-11-26 07:13:48.885777,AS22453,POLR,ok,0.074,0.2572,31.61,1,0
CN,web_connectivity,2022-11-26 11:36:14.114822,AS15539,COMT,failure,0.302,1.6882,1594.96,0,1
IN,whatsapp,2022-11-26 15:58:39.343868,AS32635,ECON,ok,,0.6198,82.56,1,0
RU,web_connectivity,2022-11-26 20:21:04.572914,AS18345,ECON,anomaly,0.5827,1.1368,108.94,1,1
PK,tcp_connect,2022-11-27 00:43:29.801960,AS23883,SRCH,ok,0.235,0.4145,16.78,1,0
RU,web_connectivity,2022-11-27 05:05:55.031006,AS29338,COMT,confirmed,0.355,0.0831,162.69,0,1
BY,web_connectivity,2022-11-27 09:28:20.260052,AS50319,COMM,confirmed,0.652,0.8674,470.36,0,1
VN,web_connectivity,2022-11-27 13:50:45.489097,AS50319,SRCH,ok,0.0456,0.2591,43.29,1,0
IN,web_connectivity,2022-11-27 18:13:10.718143,AS52615,REL,ok,0.008,0.6232,156.29,1,0
AZ,facebook_messenger,2022-11-27 22:35:35.947189,AS29606,REL,ok,0.0672,0.7959,142.36,1,0
IR,http_header_field_manipulation,2022-11-28 02:58:01.176235,AS9939,ECON,confirmed,0.7859,0.83,31.9,0,0
CN,dns_consistency,2022-11-28 07:20:26.405281,AS49724,ECON,confirmed,0.702,0.2039,66.94,1,1
IR,web_connectivity,2022-11-28 11:42:51.634326,AS55374,LGBT,anomaly,0.8402,0.6973,5.0,0,1
IN,web_connectivity,2022-11-28 16:05:16.863372,AS8947,COMT,ok,0.4217,1.6342,358.66,1,0
FR,web_connectivity,2022-11-28 20:27:42.092418,AS10526,POLR,ok,0.0186,1.8891,63.84,1,0
IR,tcp_connect,2022-11-29 00:50:07.321464,AS49977,ANON,ok,0.1848,1.8657,61.54,1,0
BY,web_connectivity,2022-11-29 05:12:32.550510,AS20553,POLR,ok,0.094,1.4972,239.72,1,0
VN,dns_consistency,2022-11-29 09:34:57.779555,AS41085,ECON,ok,0.1497,0.4984,5.0,1,0
RU,http_header_field_manipulation,2022-11-29 13:57:23.008601,AS6146,LGBT,ok,0.0388,1.5674,166.28,1,0
TH,web_connectivity,2022-11-29 18:19:48.237647,AS33842,ANON,anomaly,0.7054,0.532,5.0,1,0
FR,http_header_field_manipulation,2022-11-29 22:42:13.466693,AS46987,COMT,ok,0.158,0.415,183.63,1,0
UZ,tcp_connect,2022-11-30 03:04:38.695739,AS32671,ECON,ok,0.0528,0.598,145.01,1,0
US,web_connectivity,2022-11-30 07:27:03.924784,AS50319,COMT,ok,0.0411,1.3489,122.51,1,0
CN,http_header_field_manipulation,2022-11-30 11:49:29.153830,AS55874,POLR,failure,0.9535,0.9508,636.81,0,1
IN,tcp_connect,2022-11-30 16:11:54.382876,AS18345,COMT,ok,0.1124,0.2575,69.36,1,1
NG,web_connectivity,2022-11-30 20:34:19.611922,AS23227,ECON,ok,,0.0709,272.64,1,0
IN,web_connectivity,2022-12-01 00:56:44.840968,AS38379,LGBT,ok,0.0744,0.9665,5.0,1,0
EG,web_connectivity,2022-12-01 05:19:10.070014,AS6970,HUMR,anomaly,0.3151,0.7242,254.21,0,1
MM,telegram,2022-12-01 09:41:35.299059,AS59099,POLR,failure,0.5808,0.298,135.85,0,0
CN,web_connectivity,2022-12-01 14:04:00.528105,AS15631,COMT,confirmed,0.5794,0.7685,45.51,0,1
IN,web_connectivity,2022-12-01 18:26:25.757151,AS45204,ANON,ok,0.0054,0.7075,109.24,0,0
ID,web_connectivity,2022-12-01 22:48:50.986197,AS15539,HUMR,ok,0.063,0.4496,31.35,1,0
CN,web_connectivity,2022-12-02 03:11:16.215243,AS17131,COMM,confirmed,0.4029,0.1861,95.29,0,1
TR,web_connectivity,2022-12-02 07:33:41.444288,AS13761,ANON,failure,0.5926,1.7485,555.26,0,1
RU,dns_consistency,2022-12-02 11:56:06.673334,AS55961,SRCH,ok,0.0262,0.3464,58.92,1,0
TR,web_connectivity,2022-12-02 16:18:31.902380,AS36237,HUMR,ok,0.1889,0.6321,44.07,1,0
IN,whatsapp,2022-12-02 20:40:57.131426,AS42772,COMM,ok,0.0306,0.9988,157.38,0,0
RU,whatsapp,2022-12-03 01:03:22.360472,AS52965,NEWS,ok,0.0059,1.3915,64.79,1,0
RU,dns_consistency,2022-12-03 05:25:47.589517,AS29338,ECON,ok,0.0718,1.0296,31.99,1,0
BR,whatsapp,2022-12-03 09:48:12.818563,AS36237,ECON,ok,0.1322,0.4855,147.48,1,0
TR,dns_consistency,2022-12-03 14:10:38.047609,AS52965,ANON,failure,0.9148,1.7086,1294.54,0,1
RU,http_header_field_manipulation,2022-12-03 18:33:03.276655,AS49977,REL,confirmed,0.5116,0.0009,42.58,0,1
AZ,web_connectivity,2022-12-03 22:55:28.505701,AS58569,COMM,anomaly,0.7457,1.0846,335.84,0,0
BR,web_connectivity,2022-12-04 03:17:53.734746,AS50319,REL,ok,,0.7917,5.0,1,0
IR,web_connectivity,2022-12-04 07:40:18.963792,AS32671,REL,confirmed,0.5773,0.3164,45.29,0,1
AZ,web_connectivity,2022-12-04 12:02:44.192838,AS51222,NEWS,ok,0.0222,0.934,,1,0
CN,tcp_connect,2022-12-04 16:25:09.421884,AS2182,COMT,ok,0.0196,0.2545,43.36,1,0
CN,web_connectivity,2022-12-04 20:47:34.650930,AS57909,COMM,failure,0.7535,1.0012,410.51,1,1
KZ,web_connectivity,2022-12-05 01:09:59.879975,AS13266,HUMR,ok,0.1216,0.1061,6.09,1,0
IR,telegram,2022-12-05 05:32:25.109021,AS13761,POLR,ok,0.038,1.4937,87.22,1,0
AZ,http_header_field_manipulation,2022-12-05 09:54:50.338067,AS32635,SRCH,confirmed,0.8775,0.2427,113.35,1,0
MM,dns_consistency,2022-12-05 14:17:15.567113,AS25983,POLR,failure,0.8739,0.753,414.26,0,1
TR,web_connectivity,2022-12-05 18:39:40.796159,AS7926,COMT,confirmed,0.5396,0.3244,23.34,0,1
RU,whatsapp,2022-12-05 23:02:06.025205,AS10526,LGBT,ok,0.026,0.5119,5.0,1,0
RU,web_connectivity,2022-12-06 03:24:31.254250,AS42135,COMM,ok,0.0446,1.281,76.63,1,0
IR,http_header_field_manipulation,2022-12-06 07:46:56.483296,AS28910,LGBT,anomaly,0.5766,0.6485,5.0,0,0
KZ,http_header_field_manipulation,2022-12-06 12:09:21.712342,AS28910,HUMR,ok,0.0843,0.5847,46.26,1,1
IN,web_connectivity,2022-12-06 16:31:46.941388,AS29606,COMM,failure,0.6473,1.2322,392.06,0,0
RU,telegram,2022-12-06 20:54:12.170434,AS47656,COMT,failure,0.6509,0.1216,260.17,0,0
BR,web_connectivity,2022-12-07 01:16:37.399479,AS28910,NEWS,anomaly,0.861,0.7328,5.0,1,1
CN,tcp_connect,2022-12-07 05:39:02.628525,AS19698,ANON,ok,0.262,0.2298,132.72,1,0
CN,dns_consistency,2022-12-07 10:01:27.857571,AS33842,ECON,confirmed,0.5425,0.1433,96.18,1,0
IR,http_header_field_manipulation,2022-12-07 14:23:53.086617,AS42772,COMT,confirmed,0.6263,0.5705,5.0,0,1
PK,vanilla_tor,2022-12-07 18:46:18.315663,AS25294,NEWS,ok,0.0492,1.2211,148.99,1,0
RU,dns_consistency,2022-12-07 23:08:43.544708,AS35011,POLR,ok,0.1036,0.883,264.82,1,0
DE,tcp_connect,2022-12-08 03:31:08.773754,AS19698,HUMR,ok,0.0843,0.3108,176.04,1,0
RU,web_connectivity,2022-12-08 07:53:34.002800,AS52965,POLR,ok,,0.8913,476.01,1,0
BR,tcp_connect,2022-12-08 12:15:59.231846,AS49724,POLR,anomaly,0.7074,0.1506,41.51,0,1
TR,tcp_connect,2022-12-08 16:38:24.460892,AS45204,POLR,ok,0.0485,1.1559,57.96,1,0
RU,facebook_messenger,2022-12-08 21:00:49.689937,AS28647,NEWS,ok,0.082,0.0415,29.36,1,0
DE,telegram,2022-12-09 01:23:14.918983,AS4099,POLR,confirmed,0.6425,0.2293,466.92,0,0
BR,web_connectivity,2022-12-09 05:45:40.148029,AS32671,HUMR,failure,0.711,0.5283,381.01,0,0
CN,dns_consistency,2022-12-09 10:08:05.377075,AS28647,REL,confirmed,0.619,0.2675,341.15,0,1
PK,telegram,2022-12-09 14:30:30.606121,AS58569,ECON,anomaly,0.7345,0.0046,75.16,0,1
IN,http_header_field_manipulation,2022-12-09 18:52:55.835167,AS36237,COMT,confirmed,0.2699,0.3431,202.06,0,1
PK,dns_consistency,2022-12-09 23:15:21.064212,AS53867,SRCH,confirmed,0.9418,0.281,420.5,0,0
BR,web_connectivity,2022-12-10 03:37:46.293258,AS15631,COMM,ok,0.0683,1.396,33.17,1,0
AZ,web_connectivity,2022-12-10 08:00:11.522304,AS51947,NEWS,anomaly,0.6985,1.0137,201.81,0,1
US,http_header_field_manipulation,2022-12-10 12:22:36.751350,AS54883,COMM,ok,0.2331,0.1079,273.55,1,0
IR,tcp_connect,2022-12-10 16:45:01.980396,AS55874,COMT,anomaly,0.833,0.1868,70.32,0,1
BY,web_connectivity,2022-12-10 21:07:27.209441,AS50319,COMT,confirmed,0.292,0.0956,154.32,0,1
MM,web_connectivity,2022-12-11 01:29:52.438487,AS35011,SRCH,anomaly,0.8655,0.6529,62.08,0,1
FR,http_header_field_manipulation,2022-12-11 05:52:17.667533,AS19698,COMM,ok,0.3049,0.9622,65.64,1,0
RU,telegram,2022-12-11 10:14:42.896579,AS8640,HUMR,ok,0.0368,0.0697,21.65,1,0
BR,dns_consistency,2022-12-11 14:37:08.125625,AS36237,LGBT,ok,0.0696,1.1733,177.11,1,0
US,telegram,2022-12-11 18:59:33.354670,AS9939,COMT,ok,0.0762,0.9132,13.44,1,0
VN,web_connectivity,2022-12-11 23:21:58.583716,AS51222,LGBT,ok,0.0304,0.899,48.95,1,0
FR,whatsapp,2022-12-12 03:44:23.812762,AS4899,COMT,ok,0.0104,1.8063,41.11,1,0
US,tcp_connect,2022-12-12 08:06:49.041808,AS6146,ECON,ok,0.0356,1.0696,88.03,1,0
VN,facebook_messenger,2022-12-12 12:29:14.270854,AS6146,LGBT,ok,0.1876,0.9448,149.71,1,0
TR,tcp_connect,2022-12-12 16:51:39.499899,AS39530,REL,ok,0.0809,0.6981,106.42,1,0
TR,web_connectivity,2022-12-12 21:14:04.728945,AS39530,NEWS,confirmed,0.5221,0.0818,29.94,0,0
TR,telegram,2022-12-13 01:36:29.957991,AS41369,SRCH,failure,,0.8862,48.24,0,0
RU,http_header_field_manipulation,2022-12-13 05:58:55.187037,AS20634,NEWS,ok,0.1816,2.142,123.59,1,0
TR,web_connectivity,2022-12-13 10:21:20.416083,AS49977,SRCH,ok,0.0274,0.7941,71.69,1,1
IR,web_connectivity,2022-12-13 14:43:45.645129,AS39530,LGBT,ok,0.0145,1.3113,5.0,1,0
DE,web_connectivity,2022-12-13 19:06:10.874174,AS20634,COMT,ok,0.073,2.1766,158.49,1,0
DE,tcp_connect,2022-12-13 23:28:36.103220,AS25884,COMT,ok,0.2396,0.0985,20.35,1,0
PK,http_header_field_manipulation,2022-12-14 03:51:01.332266,AS52615,REL,ok,0.0031,0.7803,9.11,1,0
US,dns_consistency,2022-12-14 08:13:26.561312,AS28910,COMM,ok,0.1361,0.5227,18.51,1,0
DE,web_connectivity,2022-12-14 12:35:51.790358,AS49977,COMT,ok,0.0933,0.4404,67.95,1,0
CN,web_connectivity,2022-12-14 16:58:17.019403,AS25294,POLR,ok,0.2443,0.3481,311.38,1,0
AZ,web_connectivity,2022-12-14 21:20:42.248449,AS7926,ECON,anomaly,0.9156,1.6358,211.34,1,1
RU,dns_consistency,2022-12-15 01:43:07.477495,AS55961,LGBT,anomaly,0.3295,0.1706,17.07,0,0
FR,vanilla_tor,2022-12-15 06:05:32.706541,AS10526,LGBT,ok,0.066,2.8902,53.49,1,0
DE,whatsapp,2022-12-15 10:27:57.935587,AS20634,SRCH,ok,0.0222,0.4177,46.65,1,0
IR,web_connectivity,2022-12-15 14:50:23.164632,AS15539,COMM,confirmed,0.6706,0.5172,251.09,0,1
TR,dns_consistency,2022-12-15 19:12:48.393678,AS19698,REL,ok,0.0907,0.4283,198.82,1,0
RU,dns_consistency,2022-12-15 23:35:13.622724,AS4263,ECON,ok,0.0949,0.1424,401.54,1,0
IR,web_connectivity,2022-12-16 03:57:38.851770,AS39530,SRCH,confirmed,0.6005,0.0298,91.39,0,0
TR,vanilla_tor,2022-12-16 08:20:04.080816,AS41628,HUMR,ok,0.0428,0.381,9.76,1,0
BR,web_connectivity,2022-12-16 12:42:29.309861,AS48048,ECON,ok,0.0327,0.5335,319.28,1,0
IR,dns_consistency,2022-12-16 17:04:54.538907,AS23227,ECON,ok,0.121,0.1102,12.5,1,0
VN,http_header_field_manipulation,2022-12-16 21:27:19.767953,AS20634,COMM,failure,0.6766,0.5932,1490.02,1,0
BY,web_connectivity,2022-12-17 01:49:44.996999,AS23227,ECON,ok,0.3414,0.312,78.1,1,0
BR,web_connectivity,2022-12-17 06:12:10.226045,AS13266,REL,ok,0.073,0.7545,387.85,1,0
TR,web_connectivity,2022-12-17 10:34:35.455091,AS55874,COMT,confirmed,0.6848,1.4585,22.36,1,1
IR,web_connectivity,2022-12-17 14:57:00.684136,AS2182,LGBT,anomaly,0.3337,0.2804,86.3,0,0
RU,web_connectivity,2022-12-17 19:19:25.913182,AS49977,HUMR,ok,0.0316,0.1134,8.21,1,0
EG,telegram,2022-12-17 23:41:51.142228,AS49724,COMT,anomaly,0.8369,0.986,87.63,1,1
NG,http_header_field_manipulation,2022-12-18 04:04:16.371274,AS13761,SRCH,ok,0.1479,1.2463,41.18,1,0
DE,telegram,2022-12-18 08:26:41.600320,AS41369,COMT,ok,0.1185,0.1335,5.0,1,0
IR,whatsapp,2022-12-18 12:49:06.829365,AS49977,REL,anomaly,0.5122,2.0727,154.79,1,0
CN,http_header_field_manipulation,2022-12-18 17:11:32.058411,AS2072,POLR,ok,0.1248,0.4708,5.0,1,0
MM,web_connectivity,2022-12-18 21:33:57.287457,AS57909,COMT,anomaly,0.786,0.2318,461.57,0,0
DE,http_header_field_manipulation,2022-12-19 01:56:22.516503,AS35044,ECON,ok,0.0229,0.8248,75.88,1,1
ID,web_connectivity,2022-12-19 06:18:47.745549,AS51222,COMT,ok,0.3103,1.5392,87.34,1,0
FR,web_connectivity,2022-12-19 10:41:12.974594,AS17131,ANON,ok,0.3002,0.0786,49.37,1,0
MM,http_header_field_manipulation,2022-12-19 15:03:38.203640,AS2175,SRCH,ok,0.1236,0.3587,57.35,1,0
CN,http_header_field_manipulation,2022-12-19 19:26:03.432686,AS35044,ANON,anomaly,0.5565,1.4365,275.44,0,0
CN,web_connectivity,2022-12-19 23:48:28.661732,AS25983,SRCH,failure,0.853,0.5283,1130.49,0,1
CN,web_connectivity,2022-12-20 04:10:53.890778,AS48048,NEWS,anomaly,0.6352,1.3897,44.43,1,0
FR,web_connectivity,2022-12-20 08:33:19.119823,AS32671,ECON,ok,0.0725,0.147,5.0,1,0
TR,http_header_field_manipulation,2022-12-20 12:55:44.348869,AS58569,ECON,ok,0.2031,0.1912,,1,0
EG,vanilla_tor,2022-12-20 17:18:09.577915,AS1588,ECON,ok,0.1185,1.8866,207.7,1,0
ID,tcp_connect,2022-12-20 21:40:34.806961,AS53867,HUMR,ok,0.1343,0.549,74.81,1,0
MM,whatsapp,2022-12-21 02:03:00.036007,AS35044,COMT,ok,0.2056,0.4158,188.49,1,0
BR,dns_consistency,2022-12-21 06:25:25.265053,AS20634,NEWS,ok,0.0701,0.5383,241.46,1,0
IR,web_connectivity,2022-12-21 10:47:50.494098,AS44761,REL,anomaly,0.2548,1.262,202.98,0,0
IR,tcp_connect,2022-12-21 15:10:15.723144,AS4899,COMM,ok,0.1221,0.4494,88.38,1,0
US,web_connectivity,2022-12-21 19:32:40.952190,AS29606,NEWS,ok,0.0265,0.4036,5.0,1,0
ID,web_connectivity,2022-12-21 23:55:06.181236,AS46987,ANON,ok,0.0341,0.2202,131.01,1,0
KZ,http_header_field_manipulation,2022-12-22 04:17:31.410282,AS45204,HUMR,ok,0.1331,0.2841,45.7,1,0
IR,telegram,2022-12-22 08:39:56.639327,AS44761,NEWS,confirmed,0.624,0.0034,156.86,1,1
TR,dns_consistency,2022-12-22 13:02:21.868373,AS2592,NEWS,ok,0.0147,0.482,21.7,1,0
BR,facebook_messenger,2022-12-22 17:24:47.097419,AS39530,ANON,failure,0.553,0.8852,417.42,0,1
DE,dns_consistency,2022-12-22 21:47:12.326465,AS2182,LGBT,anomaly,0.7524,0.0233,12.86,0,1
IR,web_connectivity,2022-12-23 02:09:37.555511,AS50368,ANON,confirmed,0.7592,0.427,184.37,0,1
IN,dns_consistency,2022-12-23 06:32:02.784556,AS15631,SRCH,ok,0.0435,0.0814,37.97,1,0
ID,whatsapp,2022-12-23 10:54:28.013602,AS45204,NEWS,confirmed,0.5104,0.4526,408.59,1,1
ID,dns_consistency,2022-12-23 15:16:53.242648,AS22895,HUMR,failure,0.5988,2.0425,439.08,1,1
BR,tcp_connect,2022-12-23 19:39:18.471694,AS47656,HUMR,ok,0.1304,1.0697,35.89,1,1
NG,dns_consistency,2022-12-24 00:01:43.700740,AS29606,ANON,ok,0.0408,1.2063,11.7,1,0
CN,dns_consistency,2022-12-24 04:24:08.929785,AS4899,ECON,ok,0.0582,0.6073,539.27,0,0
PK,web_connectivity,2022-12-24 08:46:34.158831,AS49977,REL,ok,0.0235,0.4929,52.21,1,0
RU,web_connectivity,2022-12-24 13:08:59.387877,AS41369,COMM,ok,0.2146,0.3038,118.1,1,0
CN,web_connectivity,2022-12-24 17:31:24.616923,AS23883,ECON,anomaly,0.4683,1.5678,62.7,0,1
RU,web_connectivity,2022-12-24 21:53:49.845969,AS25884,LGBT,ok,0.0134,0.3095,5.0,1,0
IN,tcp_connect,2022-12-25 02:16:15.075015,AS50319,ANON,ok,0.6036,0.8173,87.76,1,0
AZ,whatsapp,2022-12-25 06:38:40.304060,AS41628,COMM,anomaly,0.9021,0.0109,,0,0
FR,web_connectivity,2022-12-25 11:01:05.533106,AS28647,ECON,ok,0.1469,0.3797,57.45,1,0
VN,dns_consistency,2022-12-25 15:23:30.762152,AS15539,REL,ok,0.2354,0.4922,130.78,1,0
PK,web_connectivity,2022-12-25 19:45:55.991198,AS51222,ECON,ok,0.0753,1.4653,5.0,1,0
CN,dns_consistency,2022-12-26 00:08:21.220244,AS55874,COMM,anomaly,0.2549,0.5157,,0,1
US,http_header_field_manipulation,2022-12-26 04:30:46.449289,AS55874,HUMR,ok,0.0172,1.1707,58.79,1,0
EG,web_connectivity,2022-12-26 08:53:11.678335,AS19111,LGBT,ok,,1.2289,20.42,1,0
US,telegram,2022-12-26 13:15:36.907381,AS51947,ECON,ok,0.1964,1.251,138.19,1,0
RU,telegram,2022-12-26 17:38:02.136427,AS55374,LGBT,confirmed,0.829,0.0743,114.12,0,0
PK,web_connectivity,2022-12-26 22:00:27.365473,AS47656,REL,ok,0.1442,1.881,54.22,1,0
CN,http_header_field_manipulation,2022-12-27 02:22:52.594518,AS41628,COMT,anomaly,0.6808,1.1194,20.76,0,1
RU,web_connectivity,2022-12-27 06:45:17.823564,AS19698,SRCH,ok,0.0139,1.0449,47.85,1,0
DE,web_connectivity,2022-12-27 11:07:43.052610,AS6146,COMT,ok,0.0617,1.9918,206.75,1,0
RU,facebook_messenger,2022-12-27 15:30:08.281656,AS15061,COMM,anomaly,0.7494,1.0271,85.18,1,0
NG,http_header_field_manipulation,2022-12-27 19:52:33.510702,AS10526,COMT,ok,0.3074,0.1088,296.22,1,0
NG,web_connectivity,2022-12-28 00:14:58.739747,AS28647,COMM,ok,0.198,0.4377,27.05,1,0
CN,http_header_field_manipulation,2022-12-28 04:37:23.968793,AS44761,HUMR,ok,0.0905,0.9765,47.96,0,0
ID,whatsapp,2022-12-28 08:59:49.197839,AS8640,SRCH,ok,0.0059,0.8316,273.08,1,0
BY,whatsapp,2022-12-28 13:22:14.426885,AS19111,LGBT,ok,0.0998,1.2106,129.93,1,0
IR,web_connectivity,2022-12-28 17:44:39.655931,AS52615,LGBT,confirmed,0.4013,0.8635,25.45,0,1
PK,tcp_connect,2022-12-28 22:07:04.884976,AS53867,ECON,confirmed,0.3472,0.2105,91.11,0,0
TR,whatsapp,2022-12-29 02:29:30.114022,AS22895,SRCH,failure,0.4177,0.3862,30.44,0,1
PK,dns_consistency,2022-12-29 06:51:55.343068,AS41628,COMT,anomaly,0.658,0.6413,36.28,0,1
MM,dns_consistency,2022-12-29 11:14:20.572114,AS20634,ANON,ok,0.101,1.442,38.83,1,0
IR,web_connectivity,2022-12-29 15:36:45.801160,AS51947,POLR,anomaly,0.3187,0.2614,239.37,0,0
VN,web_connectivity,2022-12-29 19:59:11.030206,AS40389,NEWS,ok,0.4078,0.873,24.69,1,0
AZ,dns_consistency,2022-12-30 00:21:36.259251,AS23227,ANON,ok,0.3728,2.6557,166.89,1,0
TR,whatsapp,2022-12-30 04:44:01.488297,AS13266,POLR,ok,0.0462,0.3574,26.78,1,0
RU,tcp_connect,2022-12-30 09:06:26.717343,AS28910,POLR,anomaly,0.7153,0.0481,73.83,0,1
RU,dns_consistency,2022-12-30 13:28:51.946389,AS23227,LGBT,ok,0.12,0.4702,37.98,1,0
IR,tcp_connect,2022-12-30 17:51:17.175435,AS49724,REL,failure,0.8773,0.6273,125.67,1,0
RU,tcp_connect,2022-12-30 22:13:42.404480,AS15539,LGBT,ok,0.103,0.4319,118.82,1,0
TR,dns_consistency,2022-12-31 02:36:07.633526,AS36237,ANON,ok,0.001,0.0173,5.0,1,0
TR,web_connectivity,2022-12-31 06:58:32.862572,AS4099,ECON,ok,0.1385,2.3839,170.8,1,0
IR,web_connectivity,2022-12-31 11:20:58.091618,AS13761,ANON,confirmed,0.4325,1.0301,218.91,1,1
VN,web_connectivity,2022-12-31 15:43:23.320664,AS57909,NEWS,confirmed,0.5255,0.1622,21.11,0,1
FR,web_connectivity,2022-12-31 20:05:48.549709,AS41628,COMM,ok,0.2752,0.1092,245.63,1,0
KZ,web_connectivity,2023-01-01 00:28:13.778755,AS55961,HUMR,ok,0.0304,0.8989,162.0,1,0
CN,tcp_connect,2023-01-01 04:50:39.007801,AS26441,SRCH,ok,0.079,0.4587,226.01,1,1
PK,web_connectivity,2023-01-01 09:13:04.236847,AS41085,LGBT,anomaly,0.9099,2.3801,205.15,0,0
TH,web_connectivity,2023-01-01 13:35:29.465893,AS50319,ANON,ok,0.0974,0.2906,5.0,1,0
KZ,vanilla_tor,2023-01-01 17:57:54.694938,AS35044,ANON,anomaly,0.7335,0.0585,125.75,1,1
KZ,tcp_connect,2023-01-01 22:20:19.923984,AS55874,LGBT,ok,0.1432,1.7034,57.15,1,0
MM,tcp_connect,2023-01-02 02:42:45.153030,AS53867,HUMR,anomaly,0.5682,0.5512,524.82,0,0
TR,web_connectivity,2023-01-02 07:05:10.382076,AS4899,COMT,anomaly,0.3576,0.7823,95.14,1,0
RU,http_header_field_manipulation,2023-01-02 11:27:35.611122,AS41085,NEWS,anomaly,0.3102,0.2004,97.15,0,1
DE,dns_consistency,2023-01-02 15:50:00.840168,AS19111,REL,ok,,0.8844,903.45,1,0
RU,http_header_field_manipulation,2023-01-02 20:12:26.069213,AS29606,SRCH,ok,0.0273,1.8703,56.68,1,0
FR,web_connectivity,2023-01-03 00:34:51.298259,AS57909,LGBT,ok,0.4105,0.7497,197.19,1,0
TR,dns_consistency,2023-01-03 04:57:16.527305,AS8947,SRCH,ok,0.0851,0.2664,5.0,1,0
ID,vanilla_tor,2023-01-03 09:19:41.756351,AS47656,REL,confirmed,0.7545,0.1216,87.75,0,1
PK,web_connectivity,2023-01-03 13:42:06.985397,AS15539,REL,ok,0.1232,0.4164,175.77,1,0
IN,web_connectivity,2023-01-03 18:04:32.214442,AS42772,POLR,ok,0.2543,1.9652,37.2,1,0
IR,web_connectivity,2023-01-03 22:26:57.443488,AS19698,COMT,anomaly,0.6971,0.1081,108.56,1,0
CN,dns_consistency,2023-01-04 02:49:22.672534,AS41369,NEWS,ok,0.3299,0.1964,96.91,1,0
VN,web_connectivity,2023-01-04 07:11:47.901580,AS34008,REL,ok,0.3782,1.7794,16.1,1,0
BY,tcp_connect,2023-01-04 11:34:13.130626,AS13761,COMM,ok,0.0345,0.4026,124.27,1,0
FR,web_connectivity,2023-01-04 15:56:38.359671,AS9939,ECON,ok,0.1585,0.8812,93.81,1,0
IR,web_connectivity,2023-01-04 20:19:03.588717,AS22453,COMM,anomaly,0.1682,0.1655,6.26,1,0
IR,http_header_field_manipulation,2023-01-05 00:41:28.817763,AS4263,SRCH,anomaly,0.1947,1.1048,19.31,1,0
RU,tcp_connect,2023-01-05 05:03:54.046809,AS46987,NEWS,confirmed,0.6088,0.2579,429.33,1,1
CN,vanilla_tor,2023-01-05 09:26:19.275855,AS2592,HUMR,confirmed,0.6404,0.1685,17.13,1,1
BY,web_connectivity,2023-01-05 13:48:44.504900,AS19111,POLR,ok,0.0014,1.2291,5.0,1,0
CN,web_connectivity,2023-01-05 18:11:09.733946,AS28647,NEWS,ok,0.2208,1.5905,214.56,1,0
US,web_connectivity,2023-01-05 22:33:34.962992,AS45204,ANON,ok,0.0026,0.5209,213.18,1,0
DE,whatsapp,2023-01-06 02:56:00.192038,AS44761,ANON,ok,,1.912,372.39,1,0
TR,dns_consistency,2023-01-06 07:18:25.421084,AS42772,SRCH,ok,0.2916,0.9057,252.87,0,0
NG,whatsapp,2023-01-06 11:40:50.650130,AS40389,COMM,ok,0.0229,0.8656,70.71,1,0
US,vanilla_tor,2023-01-06 16:03:15.879175,AS40389,ECON,ok,0.0485,1.0195,131.79,1,0
TR,dns_consistency,2023-01-06 20:25:41.108221,AS17131,REL,ok,0.2067,1.9981,32.85,1,0
VN,web_connectivity,2023-01-07 00:48:06.337267,AS8640,COMM,ok,0.0862,0.7014,230.82,1,0
CN,web_connectivity,2023-01-07 05:10:31.566313,AS13761,SRCH,anomaly,0.6687,1.7695,71.68,1,1
NG,web_connectivity,2023-01-07 09:32:56.795359,AS23227,REL,ok,0.2277,1.1209,96.98,1,0
ID,whatsapp,2023-01-07 13:55:22.024404,AS2182,HUMR,ok,0.0522,0.3091,73.08,1,0
EG,web_connectivity,2023-01-07 18:17:47.253450,AS38379,SRCH,ok,0.0371,0.1965,5.0,1,0
IN,dns_consistency,2023-01-07 22:40:12.482496,AS55874,ANON,ok,0.225,0.5271,149.81,1,0
PK,web_connectivity,2023-01-08 03:02:37.711542,AS17131,SRCH,ok,0.1357,0.805,5.0,1,0
MM,web_connectivity,2023-01-08 07:25:02.940588,AS4099,ECON,ok,0.1145,1.4593,29.23,1,0
TR,web_connectivity,2023-01-08 11:47:28.169633,AS26441,NEWS,ok,0.0011,0.773,82.79,1,1
EG,dns_consistency,2023-01-08 16:09:53.398679,AS32671,ANON,ok,0.0992,0.1714,73.33,1,0
DE,web_connectivity,2023-01-08 20:32:18.627725,AS20634,COMT,ok,0.1118,0.1515,120.46,1,0
MM,http_header_field_manipulation,2023-01-09 00:54:43.856771,AS11241,POLR,ok,0.0779,0.07,67.87,1,0
TR,http_header_field_manipulation,2023-01-09 05:17:09.085817,AS13761,POLR,ok,0.1411,1.1432,32.47,1,0
TH,facebook_messenger,2023-01-09 09:39:34.314862,AS9939,COMM,ok,0.0087,1.1675,16.35,1,0
BR,telegram,2023-01-09 14:01:59.543908,AS19111,COMM,ok,0.0781,0.434,54.65,1,0
TR,dns_consistency,2023-01-09 18:24:24.772954,AS6146,HUMR,ok,0.1138,2.0458,33.73,1,0
IN,tcp_connect,2023-01-09 22:46:50.002000,AS52615,COMT,ok,,0.862,119.57,1,0
TR,web_connectivity,2023-01-10 03:09:15.231046,AS25884,ANON,ok,0.0186,0.7979,193.53,1,1
IR,dns_consistency,2023-01-10 07:31:40.460092,AS55961,REL,ok,0.1719,0.5116,257.45,1,0
RU,web_connectivity,2023-01-10 11:54:05.689137,AS36237,NEWS,anomaly,0.8739,0.0294,83.59,0,0
TR,web_connectivity,2023-01-10 16:16:30.918183,AS48048,LGBT,anomaly,0.7902,0.2996,175.86,0,1
DE,tcp_connect,2023-01-10 20:38:56.147229,AS44761,COMT,ok,0.0371,1.7539,58.67,1,0
IN,web_connectivity,2023-01-11 01:01:21.376275,AS8947,REL,ok,0.1156,0.7796,526.76,1,0
RU,web_connectivity,2023-01-11 05:23:46.605321,AS4099,REL,confirmed,0.2826,0.1955,34.52,0,0
BR,web_connectivity,2023-01-11 09:46:11.834366,AS50319,ECON,anomaly,0.7742,1.5821,24.32,0,1
IR,whatsapp,2023-01-11 14:08:37.063412,AS49724,NEWS,ok,0.006,0.0316,48.67,1,1
CN,web_connectivity,2023-01-11 18:31:02.292458,AS49977,NEWS,ok,0.0602,0.1979,24.9,1,0
IR,web_connectivity,2023-01-11 22:53:27.521504,AS39530,COMM,confirmed,0.7973,0.0133,5.0,0,0
US,whatsapp,2023-01-12 03:15:52.750550,AS41628,SRCH,ok,0.0912,0.4882,92.24,1,0
RU,web_connectivity,2023-01-12 07:38:17.979595,AS44761,COMM,ok,0.1643,0.5472,5.0,1,0
CN,facebook_messenger,2023-01-12 12:00:43.208641,AS55874,COMT,failure,,1.3293,262.13,1,0
DE,telegram,2023-01-12 16:23:08.437687,AS39530,SRCH,ok,0.1792,0.9112,213.14,1,0
IR,web_connectivity,2023-01-12 20:45:33.666733,AS4899,ECON,anomaly,0.7842,0.4402,32.36,0,1
DE,http_header_field_manipulation,2023-01-13 01:07:58.895779,AS41628,ECON,ok,0.016,1.3729,145.49,1,0
TR,vanilla_tor,2023-01-13 05:30:24.124824,AS58653,ECON,ok,0.1473,0.9997,60.01,1,0
AZ,dns_consistency,2023-01-13 09:52:49.353870,AS28647,COMM,ok,0.038,0.4468,104.42,1,0
MM,web_connectivity,2023-01-13 14:15:14.582916,AS8947,COMM,ok,0.0408,0.3943,76.59,1,0
FR,whatsapp,2023-01-13 18:37:39.811962,AS44761,COMM,ok,0.0574,0.3036,5.0,1,0
US,web_connectivity,2023-01-13 23:00:05.041008,AS20553,HUMR,ok,,1.9414,309.62,1,0
BR,web_connectivity,2023-01-14 03:22:30.270054,AS41085,POLR,ok,0.0057,0.468,9.45,1,0
TH,whatsapp,2023-01-14 07:44:55.499099,AS18345,ECON,ok,0.0243,0.8017,159.75,1,0
IN,web_connectivity,2023-01-14 12:07:20.728145,AS22895,REL,ok,0.2918,1.466,93.34,1,0
BR,tcp_connect,2023-01-14 16:29:45.957191,AS45204,NEWS,ok,0.0522,0.2998,185.32,1,0
IN,web_connectivity,2023-01-14 20:52:11.186237,AS20553,COMT,ok,0.0227,0.5266,58.67,1,0
US,tcp_connect,2023-01-15 01:14:36.415283,AS35011,COMM,ok,0.179,1.3208,191.35,1,0
RU,web_connectivity,2023-01-15 05:37:01.644328,AS24775,SRCH,anomaly,0.6551,0.4418,135.53,0,1
MM,web_connectivity,2023-01-15 09:59:26.873374,AS49977,NEWS,anomaly,0.6057,0.2975,5.0,1,0
FR,web_connectivity,2023-01-15 14:21:52.102420,AS51222,REL,ok,0.0877,0.5187,121.54,1,0
RU,web_connectivity,2023-01-15 18:44:17.331466,AS51947,HUMR,confirmed,0.802,0.2329,46.17,0,1
MM,web_connectivity,2023-01-15 23:06:42.560512,AS25884,ECON,ok,0.0343,0.6784,366.19,1,1
CN,web_connectivity,2023-01-16 03:29:07.789557,AS29606,ANON,confirmed,0.7475,0.05,,1,1
CN,facebook_messenger,2023-01-16 07:51:33.018603,AS15539,REL,ok,0.0161,0.4215,144.73,1,0
VN,dns_consistency,2023-01-16 12:13:58.247649,AS54883,COMT,ok,0.2254,1.1677,80.96,1,0
RU,dns_consistency,2023-01-16 16:36:23.476695,AS28910,ECON,ok,0.2793,1.1454,34.46,1,0
DE,dns_consistency,2023-01-16 20:58:48.705741,AS53867,LGBT,ok,0.0237,0.4242,7.05,1,0
RU,vanilla_tor,2023-01-17 01:21:13.934786,AS2175,COMT,anomaly,0.8223,0.5435,81.05,1,0
BR,http_header_field_manipulation,2023-01-17 05:43:39.163832,AS29338,REL,ok,0.0909,0.1895,52.94,1,0
DE,http_header_field_manipulation,2023-01-17 10:06:04.392878,AS8947,ANON,ok,0.186,1.0761,76.9,1,0
UZ,web_connectivity,2023-01-17 14:28:29.621924,AS33842,NEWS,failure,0.2262,0.1169,671.39,0,0
EG,dns_consistency,2023-01-17 18:50:54.850970,AS54883,SRCH,ok,0.019,0.2685,218.25,1,0
IR,web_connectivity,2023-01-17 23:13:20.080016,AS48048,LGBT,ok,0.1555,0.431,85.76,1,0
TR,http_header_field_manipulation,2023-01-18 03:35:45.309061,AS32671,SRCH,ok,0.0169,0.001,102.89,1,0
TH,web_connectivity,2023-01-18 07:58:10.538107,AS49977,NEWS,ok,0.0844,0.4781,154.82,1,0
EG,tcp_connect,2023-01-18 12:20:35.767153,AS4899,LGBT,ok,0.0414,1.3703,,1,0
BR,web_connectivity,2023-01-18 16:43:00.996199,AS7926,ANON,ok,,0.4759,5.0,1,0
BR,web_connectivity,2023-01-18 21:05:26.225245,AS22895,SRCH,ok,0.0573,1.139,155.8,1,0
IN,dns_consistency,2023-01-19 01:27:51.454290,AS20553,ANON,ok,0.2238,0.1354,307.93,1,0
BR,web_connectivity,2023-01-19 05:50:16.683336,AS49724,HUMR,failure,0.8387,0.7706,212.59,0,1
PK,web_connectivity,2023-01-19 10:12:41.912382,AS13761,POLR,ok,0.1375,0.5047,70.0,1,1
IR,web_connectivity,2023-01-19 14:35:07.141428,AS47656,ANON,confirmed,0.9094,0.6228,24.19,0,1
ID,dns_consistency,2023-01-19 18:57:32.370474,AS34008,COMM,ok,0.0015,0.8892,229.76,1,0
CN,http_header_field_manipulation,2023-01-19 23:19:57.599519,AS58842,LGBT,anomaly,0.5835,0.1457,222.16,1,1
DE,web_connectivity,2023-01-20 03:42:22.828565,AS58569,SRCH,ok,0.0266,1.4111,297.03,1,0
RU,dns_consistency,2023-01-20 08:04:48.057611,AS51222,REL,anomaly,0.6258,1.3741,153.51,0,0
BR,dns_consistency,2023-01-20 12:27:13.286657,AS51222,ECON,ok,0.3743,0.7759,75.0,1,0
IN,dns_consistency,2023-01-20 16:49:38.515703,AS7926,COMM,ok,0.0198,0.8233,13.19,0,0
CN,web_connectivity,2023-01-20 21:12:03.744748,AS47656,POLR,confirmed,0.5685,0.0834,52.99,0,0
FR,web_connectivity,2023-01-21 01:34:28.973794,AS41369,ANON,ok,0.1629,0.0725,40.9,1,0
IN,web_connectivity,2023-01-21 05:56:54.202840,AS2592,REL,ok,0.1362,0.1341,34.87,1,0
IN,dns_consistency,2023-01-21 10:19:19.431886,AS8640,ANON,anomaly,0.6368,2.7781,49.99,0,1
DE,tcp_connect,2023-01-21 14:41:44.660932,AS9939,POLR,ok,0.2039,0.7687,39.08,1,0
IR,dns_consistency,2023-01-21 19:04:09.889977,AS48048,COMT,ok,0.0933,0.3389,5.0,1,0
IN,web_connectivity,2023-01-21 23:26:35.119023,AS25983,COMM,anomaly,0.3063,0.1546,,1,1
TR,web_connectivity,2023-01-22 03:49:00.348069,AS51222,ANON,ok,0.0974,0.3738,95.77,1,0
DE,web_connectivity,2023-01-22 08:11:25.577115,AS11241,ANON,ok,0.0951,0.5785,80.75,1,0
AZ,web_connectivity,2023-01-22 12:33:50.806161,AS39530,NEWS,anomaly,0.4694,0.5614,24.49,0,0
CN,web_connectivity,2023-01-22 16:56:16.035207,AS23227,COMT,ok,0.0055,0.9952,22.59,1,0
NG,web_connectivity,2023-01-22 21:18:41.264252,AS25884,SRCH,ok,0.0259,0.3509,144.92,1,0
RU,tcp_connect,2023-01-23 01:41:06.493298,AS10526,ANON,failure,0.3294,0.1958,493.08,0,1
TR,web_connectivity,2023-01-23 06:03:31.722344,AS33842,COMM,ok,0.0451,1.0571,98.56,1,1
DE,http_header_field_manipulation,2023-01-23 10:25:56.951390,AS18345,HUMR,ok,0.0534,0.7626,196.82,1,0
RU,http_header_field_manipulation,2023-01-23 14:48:22.180436,AS58945,POLR,ok,0.1159,1.0679,120.77,1,0
US,http_header_field_manipulation,2023-01-23 19:10:47.409481,AS51222,REL,ok,0.1728,1.0672,11.74,1,0
TR,telegram,2023-01-23 23:33:12.638527,AS2175,ANON,failure,0.446,0.1459,310.04,0,1
FR,web_connectivity,2023-01-24 03:55:37.867573,AS45204,SRCH,ok,0.269,0.2541,89.67,1,0
NG,web_connectivity,2023-01-24 08:18:03.096619,AS52615,COMT,ok,0.3251,0.1079,20.78,1,0
CN,tcp_connect,2023-01-24 12:40:28.325665,AS47656,POLR,confirmed,0.8824,0.0516,5.0,1,1
IR,web_connectivity,2023-01-24 17:02:53.554710,AS8640,NEWS,confirmed,0.2904,0.0469,43.29,0,1
RU,vanilla_tor,2023-01-24 21:25:18.783756,AS4099,LGBT,ok,0.1635,0.3251,,1,0
RU,web_connectivity,2023-01-25 01:47:44.012802,AS4263,HUMR,ok,0.0216,0.0694,202.85,1,0
VN,web_connectivity,2023-01-25 06:10:09.241848,AS58945,REL,ok,0.0846,0.9735,55.54,1,0
AZ,dns_consistency,2023-01-25 10:32:34.470894,AS55961,LGBT,anomaly,0.4087,1.6795,76.89,0,0
IR,web_connectivity,2023-01-25 14:54:59.699939,AS8947,REL,failure,0.8535,0.5958,23.55,1,1
IN,web_connectivity,2023-01-25 19:17:24.928985,AS35011,COMM,ok,0.0942,0.8065,112.94,1,0
TR,telegram,2023-01-25 23:39:50.158031,AS19698,COMM,ok,0.0505,0.1881,26.96,1,0
NG,web_connectivity,2023-01-26 04:02:15.387077,AS1588,NEWS,ok,0.1218,0.3159,10.54,1,0
IR,dns_consistency,2023-01-26 08:24:40.616123,AS23227,HUMR,failure,0.7837,1.2183,255.43,0,1
ID,web_connectivity,2023-01-26 12:47:05.845169,AS55374,COMM,ok,0.1087,0.035,,1,0
EG,web_connectivity,2023-01-26 17:09:31.074214,AS15631,ANON,anomaly,0.4861,0.3194,88.53,0,1
ID,web_connectivity,2023-01-26 21:31:56.303260,AS41085,COMM,ok,0.0205,1.2994,156.52,1,0
CN,web_connectivity,2023-01-27 01:54:21.532306,AS8640,POLR,confirmed,0.6089,0.1669,26.15,1,1
BR,web_connectivity,2023-01-27 06:16:46.761352,AS25294,COMT,ok,0.1431,1.3159,68.99,1,0
EG,vanilla_tor,2023-01-27 10:39:11.990398,AS15631,LGBT,ok,0.1333,1.8457,234.96,1,0
EG,http_header_field_manipulation,2023-01-27 15:01:37.219443,AS22453,COMT,confirmed,0.5136,0.7336,79.44,0,1
RU,tcp_connect,2023-01-27 19:24:02.448489,AS54883,SRCH,anomaly,0.4143,0.4774,50.36,1,1
FR,web_connectivity,2023-01-27 23:46:27.677535,AS47656,REL,ok,,0.1789,36.52,1,1
UZ,web_connectivity,2023-01-28 04:08:52.906581,AS6146,SRCH,ok,0.3493,1.3799,82.01,1,1
IR,http_header_field_manipulation,2023-01-28 08:31:18.135627,AS7926,LGBT,ok,0.1044,0.0301,,1,0
US,tcp_connect,2023-01-28 12:53:43.364672,AS35044,POLR,confirmed,0.2688,0.0174,58.82,0,0
TR,web_connectivity,2023-01-28 17:16:08.593718,AS41085,LGBT,ok,0.5215,0.8431,24.26,1,0
AZ,web_connectivity,2023-01-28 21:38:33.822764,AS25983,COMM,anomaly,0.8792,0.5795,28.02,1,1
VN,web_connectivity,2023-01-29 02:00:59.051810,AS52965,COMT,ok,0.0319,0.9479,5.0,1,0
CN,web_connectivity,2023-01-29 06:23:24.280856,AS46987,HUMR,ok,0.0773,0.1606,77.84,0,0
RU,tcp_connect,2023-01-29 10:45:49.509901,AS50319,REL,confirmed,0.3907,1.3096,5.0,0,1
TR,web_connectivity,2023-01-29 15:08:14.738947,AS48048,COMM,confirmed,0.7892,0.1509,81.61,0,0
RU,web_connectivity,2023-01-29 19:30:39.967993,AS2182,COMM,ok,0.3295,0.3641,399.29,1,0
IR,http_header_field_manipulation,2023-01-29 23:53:05.197039,AS42772,ECON,ok,0.1007,0.8809,94.14,1,0
NG,web_connectivity,2023-01-30 04:15:30.426085,AS1588,LGBT,ok,0.3047,1.2013,174.93,1,0
PK,tcp_connect,2023-01-30 08:37:55.655131,AS47656,COMM,ok,0.0045,0.0835,5.0,1,0
DE,telegram,2023-01-30 13:00:20.884176,AS58653,HUMR,ok,0.1001,0.7073,154.15,1,0
NG,web_connectivity,2023-01-30 17:22:46.113222,AS25884,ECON,ok,0.0199,0.718,61.48,1,0
IR,dns_consistency,2023-01-30 21:45:11.342268,AS51947,POLR,anomaly,0.7167,0.9041,20.86,1,1
TR,web_connectivity,2023-01-31 02:07:36.571314,AS44761,HUMR,ok,0.0303,1.4653,,1,0
EG,web_connectivity,2023-01-31 06:30:01.800360,AS8947,ANON,ok,0.0923,0.6278,74.76,1,0
IN,http_header_field_manipulation,2023-01-31 10:52:27.029405,AS41369,NEWS,ok,0.1264,0.1011,191.07,1,0
TR,http_header_field_manipulation,2023-01-31 15:14:52.258451,AS51947,HUMR,ok,0.262,1.4903,9.33,1,0
CN,http_header_field_manipulation,2023-01-31 19:37:17.487497,AS4899,SRCH,anomaly,0.7346,0.2755,189.78,1,1
BR,tcp_connect,2023-01-31 23:59:42.716543,AS48048,SRCH,ok,0.1133,1.887,247.08,1,0
MM,web_connectivity,2023-02-01 04:22:07.945589,AS13266,COMT,ok,0.0177,0.7188,143.46,1,0
DE,http_header_field_manipulation,2023-02-01 08:44:33.174634,AS25294,REL,ok,0.0721,0.9689,214.0,1,0
IR,tcp_connect,2023-02-01 13:06:58.403680,AS1588,REL,confirmed,0.5754,0.1696,165.44,1,1
BY,web_connectivity,2023-02-01 17:29:23.632726,AS57909,COMM,ok,0.1946,0.3658,202.73,1,0
RU,facebook_messenger,2023-02-01 21:51:48.861772,AS52615,ECON,failure,0.6673,0.1159,1441.95,0,0
DE,web_connectivity,2023-02-02 02:14:14.090818,AS41085,NEWS,ok,0.0799,0.1765,96.78,1,0
CN,http_header_field_manipulation,2023-02-02 06:36:39.319863,AS4899,LGBT,anomaly,0.7516,0.1601,191.7,0,1
TH,tcp_connect,2023-02-02 10:59:04.548909,AS22453,COMM,ok,0.2466,0.5119,145.95,1,0
EG,dns_consistency,2023-02-02 15:21:29.777955,AS6970,HUMR,failure,0.2204,0.2965,85.25,0,0
BR,web_connectivity,2023-02-02 19:43:55.007001,AS24775,REL,ok,0.1553,0.8097,19.76,1,0
VN,web_connectivity,2023-02-03 00:06:20.236047,AS55961,NEWS,ok,0.0866,0.2292,251.46,1,0
US,web_connectivity,2023-02-03 04:28:45.465093,AS20634,REL,ok,0.0362,0.4019,78.63,1,0
IR,dns_consistency,2023-02-03 08:51:10.694138,AS41628,COMM,failure,0.903,0.8377,2612.23,0,1
EG,web_connectivity,2023-02-03 13:13:35.923184,AS58842,ECON,confirmed,0.6088,0.0509,133.53,0,1
US,dns_consistency,2023-02-03 17:36:01.152230,AS25294,SRCH,ok,0.1487,1.136,5.0,1,0
NG,web_connectivity,2023-02-03 21:58:26.381276,AS25294,COMM,ok,0.1104,0.2465,70.74,1,0
RU,web_connectivity,2023-02-04 02:20:51.610322,AS8640,HUMR,ok,0.0876,0.4774,198.86,1,0
IR,web_connectivity,2023-02-04 06:43:16.839367,AS36237,ECON,anomaly,0.6052,0.52,66.11,0,1
BR,http_header_field_manipulation,2023-02-04 11:05:42.068413,AS13266,HUMR,ok,0.0308,0.2528,41.9,1,0
DE,tcp_connect,2023-02-04 15:28:07.297459,AS15539,POLR,ok,0.1511,1.2957,56.2,1,0
CN,web_connectivity,2023-02-04 19:50:32.526505,AS39530,SRCH,anomaly,0.7214,0.5881,79.21,0,1
CN,web_connectivity,2023-02-05 00:12:57.755551,AS51947,NEWS,confirmed,0.4274,0.2778,12.43,0,1
NG,vanilla_tor,2023-02-05 04:35:22.984596,AS48048,LGBT,ok,0.2424,0.5368,22.86,0,0
RU,web_connectivity,2023-02-05 08:57:48.213642,AS13266,COMT,anomaly,0.7345,1.903,189.99,0,1
DE,tcp_connect,2023-02-05 13:20:13.442688,AS22453,COMT,ok,0.0091,0.9959,112.55,1,0
US,dns_consistency,2023-02-05 17:42:38.671734,AS2175,ANON,ok,,1.4444,10.95,1,0
TR,web_connectivity,2023-02-05 22:05:03.900780,AS41628,COMM,ok,0.05,0.4359,165.89,1,0
BY,http_header_field_manipulation,2023-02-06 02:27:29.129825,AS11241,ANON,ok,0.1639,1.1465,119.21,1,0
RU,facebook_messenger,2023-02-06 06:49:54.358871,AS29606,LGBT,failure,,0.973,135.31,0,1
AZ,whatsapp,2023-02-06 11:12:19.587917,AS50319,SRCH,confirmed,0.6296,0.0175,117.66,0,0
EG,http_header_field_manipulation,2023-02-06 15:34:44.816963,AS52965,COMT,ok,0.0436,0.3317,37.46,1,1
DE,dns_consistency,2023-02-06 19:57:10.046009,AS6146,ECON,ok,0.1229,0.6711,176.25,1,0
UZ,web_connectivity,2023-02-07 00:19:35.275055,AS58653,NEWS,ok,0.0162,1.0113,37.65,1,0
EG,web_connectivity,2023-02-07 04:42:00.504100,AS49724,POLR,ok,0.2799,1.6701,90.45,1,0
TH,web_connectivity,2023-02-07 09:04:25.733146,AS18345,LGBT,ok,0.0089,0.0169,224.43,0,0
DE,telegram,2023-02-07 13:26:50.962192,AS19111,ANON,ok,0.0044,1.2617,104.65,1,0
DE,web_connectivity,2023-02-07 17:49:16.191238,AS13761,NEWS,ok,0.108,0.1959,67.96,1,0
US,web_connectivity,2023-02-07 22:11:41.420284,AS15539,REL,ok,0.0236,0.0437,146.36,1,0
RU,web_connectivity,2023-02-08 02:34:06.649329,AS59099,COMT,anomaly,0.7869,1.1035,64.47,1,1
KZ,web_connectivity,2023-02-08 06:56:31.878375,AS8947,HUMR,ok,0.3214,1.5763,505.28,1,0
VN,web_connectivity,2023-02-08 11:18:57.107421,AS2182,ANON,ok,0.0737,0.4578,119.9,1,0
NG,web_connectivity,2023-02-08 15:41:22.336467,AS22453,REL,ok,0.0376,0.4443,17.55,1,0
UZ,dns_consistency,2023-02-08 20:03:47.565513,AS50319,POLR,ok,0.0511,1.3524,133.03,1,0
FR,tcp_connect,2023-02-09 00:26:12.794558,AS51222,ANON,ok,0.0247,0.2297,,1,0
IR,dns_consistency,2023-02-09 04:48:38.023604,AS58842,REL,failure,0.6975,0.3033,1122.36,0,1
PK,web_connectivity,2023-02-09 09:11:03.252650,AS24775,SRCH,anomaly,0.3785,0.2443,364.27,1,0
BR,http_header_field_manipulation,2023-02-09 13:33:28.481696,AS35044,ANON,ok,0.0244,0.564,15.23,1,0
DE,http_header_field_manipulation,2023-02-09 17:55:53.710742,AS55874,COMT,ok,0.1074,2.2303,54.33,1,0
FR,web_connectivity,2023-02-09 22:18:18.939787,AS58945,ANON,ok,0.1366,0.159,321.44,1,0
AZ,web_connectivity,2023-02-10 02:40:44.168833,AS19111,REL,ok,0.0098,0.0702,115.81,1,0
VN,tcp_connect,2023-02-10 07:03:09.397879,AS34008,POLR,ok,0.04,1.1043,339.77,1,0
IN,dns_consistency,2023-02-10 11:25:34.626925,AS42135,NEWS,anomaly,0.3394,0.2525,14.84,1,1
VN,web_connectivity,2023-02-10 15:47:59.855971,AS51947,LGBT,ok,0.0149,1.2245,166.44,1,1
US,web_connectivity,2023-02-10 20:10:25.085017,AS41085,COMM,ok,0.0598,1.2122,61.45,1,0
CN,tcp_connect,2023-02-11 00:32:50.314062,AS22895,POLR,anomaly,0.7994,1.7046,118.08,0,1
DE,http_header_field_manipulation,2023-02-11 04:55:15.543108,AS40389,ECON,ok,0.1609,1.5589,109.64,1,0
CN,facebook_messenger,2023-02-11 09:17:40.772154,AS10526,COMT,confirmed,0.3946,0.1361,139.28,1,0
US,dns_consistency,2023-02-11 13:40:06.001200,AS46987,HUMR,ok,0.0375,0.9324,31.83,1,0
EG,web_connectivity,2023-02-11 18:02:31.230246,AS15631,REL,ok,0.0124,1.0974,451.13,1,0
RU,http_header_field_manipulation,2023-02-11 22:24:56.459291,AS6146,POLR,ok,0.0328,1.0579,101.57,1,1
PK,web_connectivity,2023-02-12 02:47:21.688337,AS22895,SRCH,ok,0.017,0.2215,174.96,1,1
RU,web_connectivity,2023-02-12 07:09:46.917383,AS20634,COMM,confirmed,0.6185,0.1378,5.0,0,0
US,web_connectivity,2023-02-12 11:32:12.146429,AS44761,ANON,ok,0.0202,0.3769,14.41,1,0
BR,web_connectivity,2023-02-12 15:54:37.375475,AS6146,ECON,ok,0.2964,0.9797,31.3,1,0
PK,whatsapp,2023-02-12 20:17:02.604520,AS49724,ANON,ok,0.0847,0.4629,155.96,1,0
PK,dns_consistency,2023-02-13 00:39:27.833566,AS6970,NEWS,ok,0.0552,0.5306,26.03,1,0
IN,web_connectivity,2023-02-13 05:01:53.062612,AS49724,LGBT,ok,0.0055,0.5611,197.4,1,0
RU,dns_consistency,2023-02-13 09:24:18.291658,AS4263,NEWS,anomaly,0.9215,0.2836,5.0,1,1
VN,http_header_field_manipulation,2023-02-13 13:46:43.520704,AS36237,REL,ok,0.1118,1.7945,87.62,1,0
US,whatsapp,2023-02-13 18:09:08.749749,AS54883,REL,ok,0.4029,0.7349,18.45,1,0
TR,whatsapp,2023-02-13 22:31:33.978795,AS49724,ANON,ok,0.0313,1.7785,15.5,1,0
CN,web_connectivity,2023-02-14 02:53:59.207841,AS35044,ANON,anomaly,0.5625,0.2032,173.07,0,0
IR,whatsapp,2023-02-14 07:16:24.436887,AS46987,ANON,anomaly,0.749,0.3851,258.01,1,0
TR,web_connectivity,2023-02-14 11:38:49.665933,AS45204,COMM,anomaly,0.9002,1.3507,219.16,1,1
DE,web_connectivity,2023-02-14 16:01:14.894979,AS8947,SRCH,ok,0.0616,0.0571,78.32,1,0
DE,web_connectivity,2023-02-14 20:23:40.124024,AS55961,HUMR,ok,,0.2005,360.81,1,0
BR,web_connectivity,2023-02-15 00:46:05.353070,AS57909,ECON,ok,0.2679,0.4751,179.98,1,0
IN,tcp_connect,2023-02-15 05:08:30.582116,AS41369,POLR,anomaly,0.6255,1.5142,20.6,0,1
UZ,http_header_field_manipulation,2023-02-15 09:30:55.811162,AS23227,ANON,ok,0.2613,1.1181,224.43,1,0
US,http_header_field_manipulation,2023-02-15 13:53:21.040208,AS58653,COMM,ok,0.1451,1.2856,60.41,1,0
IN,telegram,2023-02-15 18:15:46.269253,AS6970,HUMR,ok,0.0543,0.6285,5.0,1,0
RU,web_connectivity,2023-02-15 22:38:11.498299,AS49724,LGBT,confirmed,0.1663,0.037,234.04,0,0
BR,web_connectivity,2023-02-16 03:00:36.727345,AS46987,NEWS,ok,0.0368,0.5061,279.97,1,0
NG,http_header_field_manipulation,2023-02-16 07:23:01.956391,AS1588,COMM,ok,0.1844,1.3172,97.34,1,0
BR,whatsapp,2023-02-16 11:45:27.185437,AS24775,HUMR,ok,0.0398,0.6496,137.75,0,0
KZ,facebook_messenger,2023-02-16 16:07:52.414482,AS25983,COMT,ok,,0.4654,52.77,1,0
PK,web_connectivity,2023-02-16 20:30:17.643528,AS55374,ECON,confirmed,,0.706,196.27,0,0
AZ,whatsapp,2023-02-17 00:52:42.872574,AS20553,NEWS,ok,0.1239,0.3262,258.43,1,0
RU,whatsapp,2023-02-17 05:15:08.101620,AS17131,HUMR,anomaly,0.6555,0.2846,16.33,0,1
TR,web_connectivity,2023-02-17 09:37:33.330666,AS20634,COMT,confirmed,0.3351,0.0814,142.92,0,0
TR,http_header_field_manipulation,2023-02-17 13:59:58.559711,AS28647,ANON,ok,0.0314,1.3743,,0,0
VN,web_connectivity,2023-02-17 18:22:23.788757,AS42135,ANON,ok,0.1275,2.6895,178.97,1,0
DE,web_connectivity,2023-02-17 22:44:49.017803,AS50368,COMM,ok,0.029,1.6338,150.18,1,0
PK,whatsapp,2023-02-18 03:07:14.246849,AS17131,LGBT,ok,0.0622,0.1056,,1,0
IN,tcp_connect,2023-02-18 07:29:39.475895,AS36237,REL,ok,0.093,0.3769,198.41,1,0
CN,dns_consistency,2023-02-18 11:52:04.704940,AS55374,POLR,ok,0.1286,0.904,101.26,1,0
TR,tcp_connect,2023-02-18 16:14:29.933986,AS50319,COMT,ok,0.1126,1.4557,5.0,1,0
IR,web_connectivity,2023-02-18 20:36:55.163032,AS25294,POLR,ok,0.1753,0.2647,160.77,1,1
CN,web_connectivity,2023-02-19 00:59:20.392078,AS25983,COMT,confirmed,0.8265,0.1001,163.66,0,1
CN,web_connectivity,2023-02-19 05:21:45.621124,AS32635,NEWS,ok,0.0396,0.3794,195.46,1,0
RU,tcp_connect,2023-02-19 09:44:10.850170,AS32671,ECON,ok,0.1359,1.1675,323.52,1,0
EG,telegram,2023-02-19 14:06:36.079215,AS39530,ECON,ok,0.1241,1.7601,5.0,1,0
IN,dns_consistency,2023-02-19 18:29:01.308261,AS49977,COMM,confirmed,0.8892,0.1941,16.38,0,0
RU,facebook_messenger,2023-02-19 22:51:26.537307,AS8640,NEWS,ok,0.0656,0.3496,325.44,1,0
IN,tcp_connect,2023-02-20 03:13:51.766353,AS55374,HUMR,ok,0.148,0.1406,156.48,1,0
KZ,dns_consistency,2023-02-20 07:36:16.995399,AS36237,NEWS,ok,0.0484,0.7662,83.42,1,0
US,http_header_field_manipulation,2023-02-20 11:58:42.224444,AS41628,ECON,ok,0.1537,1.4197,,1,0
FR,whatsapp,2023-02-20 16:21:07.453490,AS23227,POLR,ok,0.0106,0.7845,231.98,1,1
US,web_connectivity,2023-02-20 20:43:32.682536,AS53867,REL,ok,0.0022,0.7912,15.11,1,0
ID,web_connectivity,2023-02-21 01:05:57.911582,AS42772,NEWS,ok,0.0836,0.6644,181.51,1,0
CN,web_connectivity,2023-02-21 05:28:23.140628,AS20634,POLR,anomaly,0.2855,1.135,86.29,0,0
TR,telegram,2023-02-21 09:50:48.369673,AS47656,HUMR,ok,0.42,0.1845,108.16,1,0
VN,facebook_messenger,2023-02-21 14:13:13.598719,AS1588,ANON,anomaly,0.9012,0.1724,128.33,1,0
FR,web_connectivity,2023-02-21 18:35:38.827765,AS26441,COMM,ok,0.3482,0.5573,76.93,0,0
BY,telegram,2023-02-21 22:58:04.056811,AS2175,SRCH,ok,0.0086,0.6733,43.38,1,0
BR,dns_consistency,2023-02-22 03:20:29.285857,AS51222,ECON,ok,0.1507,0.3708,130.87,1,0
RU,dns_consistency,2023-02-22 07:42:54.514902,AS20553,ANON,anomaly,0.2885,0.2712,41.91,0,0
IN,whatsapp,2023-02-22 12:05:19.743948,AS10526,POLR,ok,0.0434,0.8674,60.96,1,1
RU,dns_consistency,2023-02-22 16:27:44.972994,AS50368,COMM,anomaly,0.357,1.2473,94.83,1,1
TR,dns_consistency,2023-02-22 20:50:10.202040,AS29338,REL,confirmed,0.7174,0.1073,19.49,1,0
CN,web_connectivity,2023-02-23 01:12:35.431086,AS6146,HUMR,anomaly,0.7463,0.5328,44.41,0,0
IN,web_connectivity,2023-02-23 05:35:00.660132,AS53867,SRCH,ok,0.0202,0.9456,33.35,1,0
BY,http_header_field_manipulation,2023-02-23 09:57:25.889177,AS2175,ANON,confirmed,0.7295,0.3339,92.25,0,1
IR,web_connectivity,2023-02-23 14:19:51.118223,AS55374,REL,anomaly,0.5583,1.2511,12.34,0,1
TR,tcp_connect,2023-02-23 18:42:16.347269,AS42772,COMT,anomaly,0.8745,0.9279,18.16,1,0
CN,http_header_field_manipulation,2023-02-23 23:04:41.576315,AS50319,REL,anomaly,0.5034,0.1038,17.05,0,0
TR,dns_consistency,2023-02-24 03:27:06.805361,AS59099,COMM,ok,0.1725,1.1813,144.18,1,0
IN,http_header_field_manipulation,2023-02-24 07:49:32.034406,AS47656,ANON,ok,0.0249,0.6412,125.75,1,0
CN,vanilla_tor,2023-02-24 12:11:57.263452,AS52615,LGBT,ok,0.0421,1.4386,5.0,1,0
TH,web_connectivity,2023-02-24 16:34:22.492498,AS25294,COMT,anomaly,0.6825,0.5506,5.0,0,1
IN,dns_consistency,2023-02-24 20:56:47.721544,AS45204,HUMR,ok,,0.1756,113.4,1,0
IR,whatsapp,2023-02-25 01:19:12.950590,AS18345,NEWS,ok,0.0997,1.046,65.58,1,0
DE,web_connectivity,2023-02-25 05:41:38.179635,AS46987,POLR,ok,0.0092,0.5539,49.83,1,0
IR,web_connectivity,2023-02-25 10:04:03.408681,AS55874,COMM,confirmed,0.8033,1.2434,90.89,0,1
CN,dns_consistency,2023-02-25 14:26:28.637727,AS55961,NEWS,confirmed,0.7143,0.2835,22.69,0,0
TR,dns_consistency,2023-02-25 18:48:53.866773,AS8947,ANON,ok,0.0285,0.3529,20.09,1,0
IR,web_connectivity,2023-02-25 23:11:19.095819,AS58653,ANON,ok,0.1542,0.1744,5.0,1,0
EG,web_connectivity,2023-02-26 03:33:44.324864,AS2592,POLR,ok,0.0037,0.6799,25.46,1,0
MM,dns_consistency,2023-02-26 07:56:09.553910,AS41085,NEWS,confirmed,0.364,0.2302,6.33,1,0
IN,web_connectivity,2023-02-26 12:18:34.782956,AS22895,ANON,ok,0.0255,0.2041,167.4,1,0
VN,http_header_field_manipulation,2023-02-26 16:41:00.012002,AS8640,COMT,ok,0.0877,2.1532,224.83,1,0
IN,tcp_connect,2023-02-26 21:03:25.241048,AS36237,REL,ok,0.087,0.4266,292.88,1,0
IR,dns_consistency,2023-02-27 01:25:50.470094,AS15061,SRCH,confirmed,0.9227,0.3021,134.53,1,1
IN,web_connectivity,2023-02-27 05:48:15.699139,AS2182,NEWS,ok,0.0129,0.4408,49.42,1,0
BR,http_header_field_manipulation,2023-02-27 10:10:40.928185,AS58569,ANON,ok,0.0844,0.0952,17.09,1,0
RU,dns_consistency,2023-02-27 14:33:06.157231,AS20634,HUMR,ok,0.1477,0.7682,15.45,1,0
VN,whatsapp,2023-02-27 18:55:31.386277,AS33842,NEWS,ok,0.1476,1.6989,78.12,1,0
PK,dns_consistency,2023-02-27 23:17:56.615323,AS29338,POLR,confirmed,0.8437,0.0535,23.02,1,1
AZ,dns_consistency,2023-02-28 03:40:21.844368,AS28910,ECON,anomaly,0.5282,0.4655,28.65,0,1
IR,web_connectivity,2023-02-28 08:02:47.073414,AS22895,ANON,confirmed,0.4502,0.5704,346.28,0,1
RU,whatsapp,2023-02-28 12:25:12.302460,AS11241,REL,ok,0.0548,0.7707,55.76,0,0
RU,web_connectivity,2023-02-28 16:47:37.531506,AS13761,COMM,anomaly,0.8458,0.5991,5.46,1,1
UZ,http_header_field_manipulation,2023-02-28 21:10:02.760552,AS20634,SRCH,ok,0.0557,0.3607,26.37,1,0
PK,web_connectivity,2023-03-01 01:32:27.989597,AS2592,REL,ok,0.0283,2.4076,9.91,1,0
BY,web_connectivity,2023-03-01 05:54:53.218643,AS13266,SRCH,anomaly,0.7025,1.1106,136.73,0,1
US,web_connectivity,2023-03-01 10:17:18.447689,AS58653,LGBT,ok,0.3038,1.0856,181.8,1,0
US,web_connectivity,2023-03-01 14:39:43.676735,AS20634,COMM,ok,0.038,2.268,71.01,1,0
TR,web_connectivity,2023-03-01 19:02:08.905781,AS2592,HUMR,ok,0.427,0.3902,105.63,1,1
BY,web_connectivity,2023-03-01 23:24:34.134826,AS1588,HUMR,ok,0.2997,0.395,239.3,1,0
BY,web_connectivity,2023-03-02 03:46:59.363872,AS45204,SRCH,anomaly,0.8733,0.6027,23.52,0,1
IN,web_connectivity,2023-03-02 08:09:24.592918,AS29606,ANON,ok,0.2384,0.757,23.86,1,0
TR,tcp_connect,2023-03-02 12:31:49.821964,AS45204,SRCH,anomaly,0.9498,0.0735,43.74,0,1
EG,tcp_connect,2023-03-02 16:54:15.051010,AS42135,HUMR,anomaly,0.4704,0.9843,32.36,1,1
RU,web_connectivity,2023-03-02 21:16:40.280056,AS22895,HUMR,confirmed,0.0874,0.1255,254.89,0,1
AZ,dns_consistency,2023-03-03 01:39:05.509101,AS49724,NEWS,anomaly,0.662,1.999,5.0,0,0
DE,dns_consistency,2023-03-03 06:01:30.738147,AS20634,HUMR,ok,0.1043,0.2596,5.0,1,0
DE,web_connectivity,2023-03-03 10:23:55.967193,AS4263,ECON,ok,0.0168,0.11,345.61,1,1
VN,web_connectivity,2023-03-03 14:46:21.196239,AS28910,COMM,ok,0.1094,1.9497,65.38,1,0
NG,web_connectivity,2023-03-03 19:08:46.425285,AS2592,HUMR,ok,0.2478,0.5482,48.3,1,0
CN,whatsapp,2023-03-03 23:31:11.654330,AS2182,POLR,ok,0.0057,2.6368,85.17,1,0
TH,whatsapp,2023-03-04 03:53:36.883376,AS18345,SRCH,confirmed,0.8703,0.0567,173.9,0,1
FR,web_connectivity,2023-03-04 08:16:02.112422,AS39530,SRCH,ok,0.1481,0.0411,132.52,1,0
US,tcp_connect,2023-03-04 12:38:27.341468,AS23227,ECON,ok,0.041,0.2895,53.02,1,0
BR,dns_consistency,2023-03-04 17:00:52.570514,AS19698,REL,ok,0.0418,1.4848,172.24,1,1
BR,web_connectivity,2023-03-04 21:23:17.799559,AS6146,HUMR,ok,0.0841,0.2373,169.67,1,0
DE,whatsapp,2023-03-05 01:45:43.028605,AS26441,COMM,ok,0.0903,0.8938,260.39,0,0
TH,web_connectivity,2023-03-05 06:08:08.257651,AS33842,NEWS,ok,0.0451,0.6336,69.0,1,0
CN,http_header_field_manipulation,2023-03-05 10:30:33.486697,AS32671,SRCH,confirmed,0.8325,0.1709,5.0,0,1
IR,dns_consistency,2023-03-05 14:52:58.715743,AS19698,REL,ok,0.1897,0.025,5.0,1,0
UZ,http_header_field_manipulation,2023-03-05 19:15:23.944788,AS6146,COMT,failure,0.565,0.2068,332.87,1,1
CN,dns_consistency,2023-03-05 23:37:49.173834,AS35011,SRCH,confirmed,0.5549,0.3822,58.72,0,0
PK,http_header_field_manipulation,2023-03-06 04:00:14.402880,AS29606,SRCH,ok,0.2292,0.8938,8.12,1,0
CN,web_connectivity,2023-03-06 08:22:39.631926,AS34008,SRCH,failure,0.1301,1.1848,1517.39,0,0
ID,web_connectivity,2023-03-06 12:45:04.860972,AS41628,COMT,ok,0.0171,1.3118,224.38,1,0
MM,telegram,2023-03-06 17:07:30.090018,AS36237,HUMR,ok,0.2964,0.3069,38.59,1,0
UZ,tcp_connect,2023-03-06 21:29:55.319063,AS54883,REL,ok,0.0663,0.0605,18.2,1,0
ID,whatsapp,2023-03-07 01:52:20.548109,AS33842,ECON,anomaly,0.6426,1.9442,,1,1
RU,dns_consistency,2023-03-07 06:14:45.777155,AS59099,COMT,confirmed,0.63,0.0303,126.38,0,1
DE,dns_consistency,2023-03-07 10:37:11.006201,AS47656,HUMR,ok,0.0557,0.4749,142.58,1,0
NG,dns_consistency,2023-03-07 14:59:36.235247,AS26441,COMT,ok,0.277,0.2494,142.41,0,0
MM,web_connectivity,2023-03-07 19:22:01.464292,AS55374,NEWS,ok,0.0038,0.3052,230.92,1,0
CN,tcp_connect,2023-03-07 23:44:26.693338,AS4899,SRCH,anomaly,0.9158,0.5818,258.29,0,1
UZ,whatsapp,2023-03-08 04:06:51.922384,AS57909,SRCH,ok,0.0463,0.3311,581.13,1,0
CN,telegram,2023-03-08 08:29:17.151430,AS49977,REL,anomaly,0.8664,1.5631,71.07,1,0
AZ,dns_consistency,2023-03-08 12:51:42.380476,AS15539,REL,ok,0.2502,0.9147,322.84,1,0
US,web_connectivity,2023-03-08 17:14:07.609521,AS19698,ANON,ok,0.0341,0.253,93.2,1,0
US,whatsapp,2023-03-08 21:36:32.838567,AS19698,NEWS,ok,0.12,1.1375,62.9,1,0
IN,tcp_connect,2023-03-09 01:58:58.067613,AS45204,NEWS,ok,0.0104,0.2787,134.03,1,0
IR,whatsapp,2023-03-09 06:21:23.296659,AS18345,COMM,ok,0.1564,1.868,87.49,1,0
TR,http_header_field_manipulation,2023-03-09 10:43:48.525705,AS41369,LGBT,ok,0.2839,0.4928,5.0,1,0
IN,whatsapp,2023-03-09 15:06:13.754750,AS23883,REL,ok,,1.1945,27.82,0,0
DE,web_connectivity,2023-03-09 19:28:38.983796,AS48048,POLR,ok,0.1426,0.3027,168.29,1,0
EG,http_header_field_manipulation,2023-03-09 23:51:04.212842,AS25294,SRCH,ok,0.0652,0.7883,27.85,1,0
TR,web_connectivity,2023-03-10 04:13:29.441888,AS55374,REL,anomaly,0.2159,0.4084,141.35,0,1
IN,tcp_connect,2023-03-10 08:35:54.670934,AS2592,LGBT,ok,0.0746,0.4914,305.07,1,0
KZ,http_header_field_manipulation,2023-03-10 12:58:19.899980,AS2182,ANON,ok,0.0017,0.9046,89.31,1,0
PK,web_connectivity,2023-03-10 17:20:45.129025,AS33842,ANON,ok,0.1694,0.3134,374.79,1,0
RU,dns_consistency,2023-03-10 21:43:10.358071,AS2592,ANON,anomaly,0.3351,1.7366,16.92,1,0
MM,web_connectivity,2023-03-11 02:05:35.587117,AS41085,HUMR,ok,0.0066,1.2596,273.75,1,0
FR,web_connectivity,2023-03-11 06:28:00.816163,AS42135,HUMR,ok,0.0527,0.4414,403.16,1,0
TH,web_connectivity,2023-03-11 10:50:26.045209,AS32671,NEWS,ok,0.0072,0.2402,94.28,1,0
BY,dns_consistency,2023-03-11 15:12:51.274254,AS32671,NEWS,ok,0.0798,0.0908,67.19,1,0
NG,web_connectivity,2023-03-11 19:35:16.503300,AS2182,LGBT,ok,0.3675,0.1302,28.91,1,1
CN,web_connectivity,2023-03-11 23:57:41.732346,AS52615,POLR,ok,0.0324,0.4803,83.38,1,0
VN,web_connectivity,2023-03-12 04:20:06.961392,AS20553,LGBT,ok,0.0709,2.3631,126.69,1,0
VN,web_connectivity,2023-03-12 08:42:32.190438,AS4099,SRCH,confirmed,0.6898,0.7128,51.75,0,1
TR,web_connectivity,2023-03-12 13:04:57.419483,AS42772,NEWS,ok,0.0349,1.0015,193.49,1,0
CN,http_header_field_manipulation,2023-03-12 17:27:22.648529,AS7926,COMT,anomaly,0.915,0.0366,122.86,1,1
IN,http_header_field_manipulation,2023-03-12 21:49:47.877575,AS25581,COMT,ok,0.0127,0.6955,39.36,1,0
NG,facebook_messenger,2023-03-13 02:12:13.106621,AS54883,COMM,confirmed,0.4336,0.0733,166.61,0,1
TR,web_connectivity,2023-03-13 06:34:38.335667,AS36237,LGBT,ok,0.0079,0.7888,143.48,1,0
BR,whatsapp,2023-03-13 10:57:03.564712,AS24775,COMT,ok,0.325,0.4077,85.82,1,0
KZ,web_connectivity,2023-03-13 15:19:28.793758,AS58653,REL,ok,0.0237,0.5968,43.91,1,0
TR,web_connectivity,2023-03-13 19:41:54.022804,AS55961,ANON,ok,0.0372,0.6879,63.87,1,0
ID,web_connectivity,2023-03-14 00:04:19.251850,AS13266,SRCH,confirmed,0.2121,0.6146,67.87,1,1
DE,web_connectivity,2023-03-14 04:26:44.480896,AS33842,ECON,ok,0.253,1.0557,5.0,1,0
IR,dns_consistency,2023-03-14 08:49:09.709941,AS9939,COMT,anomaly,0.3086,0.6081,583.23,1,0
RU,tcp_connect,2023-03-14 13:11:34.938987,AS15539,ANON,ok,0.1135,0.0719,153.32,1,0
TR,whatsapp,2023-03-14 17:34:00.168033,AS15631,LGBT,anomaly,0.3988,1.5307,26.24,0,0
CN,facebook_messenger,2023-03-14 21:56:25.397079,AS49724,COMT,ok,0.3664,1.2063,119.03,1,0
BY,tcp_connect,2023-03-15 02:18:50.626125,AS23227,POLR,ok,0.1765,0.2944,277.28,1,0
EG,http_header_field_manipulation,2023-03-15 06:41:15.855171,AS33842,SRCH,ok,,0.0794,5.0,1,0
KZ,dns_consistency,2023-03-15 11:03:41.084216,AS28647,REL,ok,0.0345,1.051,,1,0
BR,whatsapp,2023-03-15 15:26:06.313262,AS25581,SRCH,ok,0.0433,1.334,344.0,1,0
DE,tcp_connect,2023-03-15 19:48:31.542308,AS19111,REL,ok,0.1548,0.3963,5.0,0,0
CN,web_connectivity,2023-03-16 00:10:56.771354,AS2072,COMT,ok,0.0861,0.02,113.0,1,0
BR,http_header_field_manipulation,2023-03-16 04:33:22.000400,AS50319,REL,ok,0.2977,0.5153,110.7,1,0
NG,web_connectivity,2023-03-16 08:55:47.229445,AS55961,ECON,ok,0.0024,0.886,486.92,1,0
IN,dns_consistency,2023-03-16 13:18:12.458491,AS29338,REL,anomaly,0.3392,0.6606,33.91,0,1
TH,telegram,2023-03-16 17:40:37.687537,AS55374,COMT,anomaly,0.8054,0.3452,467.22,0,1
NG,http_header_field_manipulation,2023-03-16 22:03:02.916583,AS2072,REL,confirmed,0.3929,0.2289,40.78,1,1
BY,telegram,2023-03-17 02:25:28.145629,AS20553,COMM,ok,0.0524,0.5078,19.71,1,0
NG,whatsapp,2023-03-17 06:47:53.374674,AS2175,COMM,ok,0.122,1.6027,46.89,1,0
TR,web_connectivity,2023-03-17 11:10:18.603720,AS36237,LGBT,ok,0.0632,0.5707,18.66,1,0
EG,web_connectivity,2023-03-17 15:32:43.832766,AS46987,NEWS,ok,0.0911,0.4988,668.96,1,0
CN,web_connectivity,2023-03-17 19:55:09.061812,AS45204,COMM,anomaly,0.3115,0.747,418.24,1,0
BR,whatsapp,2023-03-18 00:17:34.290858,AS18345,COMT,ok,0.0576,0.489,20.17,1,0
IN,web_connectivity,2023-03-18 04:39:59.519903,AS2182,REL,ok,0.2293,0.8286,93.6,1,0
IR,http_header_field_manipulation,2023-03-18 09:02:24.748949,AS2175,NEWS,ok,0.0605,0.7905,5.0,1,0
IN,dns_consistency,2023-03-18 13:24:49.977995,AS2072,REL,ok,0.1737,0.2399,36.05,1,0
TR,tcp_connect,2023-03-18 17:47:15.207041,AS26441,COMM,confirmed,0.8952,0.0835,135.55,1,1
IR,web_connectivity,2023-03-18 22:09:40.436087,AS53867,COMM,confirmed,0.5183,0.346,254.12,1,1
BY,web_connectivity,2023-03-19 02:32:05.665133,AS25581,POLR,ok,0.1586,0.2258,123.25,1,0
US,web_connectivity,2023-03-19 06:54:30.894178,AS4099,NEWS,ok,0.1251,1.3695,27.71,1,0
TR,dns_consistency,2023-03-19 11:16:56.123224,AS46987,COMM,ok,0.1552,0.1586,191.16,1,0
US,web_connectivity,2023-03-19 15:39:21.352270,AS8947,ECON,ok,0.0589,1.1413,272.29,1,0
PK,tcp_connect,2023-03-19 20:01:46.581316,AS58653,COMT,ok,0.2463,0.1461,67.1,1,0
RU,web_connectivity,2023-03-20 00:24:11.810362,AS55961,SRCH,ok,0.3291,1.2225,42.06,1,0
US,http_header_field_manipulation,2023-03-20 04:46:37.039407,AS58569,COMM,ok,0.1627,1.1834,41.12,1,1
DE,facebook_messenger,2023-03-20 09:09:02.268453,AS58842,REL,anomaly,0.5358,0.2171,161.46,0,1
KZ,http_header_field_manipulation,2023-03-20 13:31:27.497499,AS6970,COMT,ok,0.0146,0.6076,315.26,1,0
BR,web_connectivity,2023-03-20 17:53:52.726545,AS13266,ANON,ok,,0.72,281.27,1,0
IR,whatsapp,2023-03-20 22:16:17.955591,AS20553,LGBT,anomaly,0.6619,0.1322,199.75,1,1
IN,web_connectivity,2023-03-21 02:38:43.184636,AS28910,LGBT,ok,0.0883,0.1406,68.14,1,0
NG,web_connectivity,2023-03-21 07:01:08.413682,AS29338,LGBT,ok,0.0475,0.8324,43.01,1,0
RU,web_connectivity,2023-03-21 11:23:33.642728,AS53867,HUMR,ok,0.0723,0.0914,131.97,1,1
KZ,web_connectivity,2023-03-21 15:45:58.871774,AS54883,ECON,ok,0.0802,1.5734,159.96,1,0
RU,http_header_field_manipulation,2023-03-21 20:08:24.100820,AS2175,ECON,ok,0.1093,1.4704,286.62,1,0
RU,dns_consistency,2023-03-22 00:30:49.329865,AS49977,COMM,confirmed,0.8199,0.5804,201.03,0,0
RU,web_connectivity,2023-03-22 04:53:14.558911,AS52615,COMT,anomaly,0.6344,0.7654,436.45,1,1
VN,web_connectivity,2023-03-22 09:15:39.787957,AS33842,COMM,ok,0.0663,0.772,15.24,1,0
DE,web_connectivity,2023-03-22 13:38:05.017003,AS28910,ECON,ok,0.1636,0.0528,304.63,1,0
IR,web_connectivity,2023-03-22 18:00:30.246049,AS20553,COMT,failure,0.4635,0.9043,2121.7,0,0
AZ,web_connectivity,2023-03-22 22:22:55.475095,AS11241,REL,ok,0.0983,1.1561,272.44,1,0
CN,web_connectivity,2023-03-23 02:45:20.704140,AS4099,COMT,anomaly,0.6912,2.0597,24.41,0,0
TR,http_header_field_manipulation,2023-03-23 07:07:45.933186,AS23227,ANON,ok,0.1082,1.2777,338.41,1,0
IR,http_header_field_manipulation,2023-03-23 11:30:11.162232,AS15539,LGBT,ok,0.2578,0.5289,136.31,1,0
UZ,web_connectivity,2023-03-23 15:52:36.391278,AS29606,ANON,ok,0.0366,0.6126,54.04,1,0
PK,facebook_messenger,2023-03-23 20:15:01.620324,AS15631,NEWS,ok,0.004,0.5249,72.6,0,0
EG,web_connectivity,2023-03-24 00:37:26.849369,AS6146,ANON,ok,0.0432,0.1579,22.74,1,0
RU,http_header_field_manipulation,2023-03-24 04:59:52.078415,AS49977,SRCH,ok,0.0148,0.2082,32.99,1,0
US,web_connectivity,2023-03-24 09:22:17.307461,AS54883,REL,ok,0.1197,1.1469,28.99,1,0
BR,http_header_field_manipulation,2023-03-24 13:44:42.536507,AS22453,REL,ok,0.1754,0.2463,160.8,1,0
IN,dns_consistency,2023-03-24 18:07:07.765553,AS9939,ECON,ok,0.001,0.3027,114.33,1,0
TR,dns_consistency,2023-03-24 22:29:32.994598,AS35011,POLR,anomaly,0.587,1.1209,352.98,0,1
AZ,web_connectivity,2023-03-25 02:51:58.223644,AS58945,COMT,ok,0.0014,1.4761,127.15,1,0
RU,web_connectivity,2023-03-25 07:14:23.452690,AS49977,COMT,anomaly,0.6386,1.2357,164.97,1,0
NG,tcp_connect,2023-03-25 11:36:48.681736,AS1588,REL,ok,0.0354,0.0887,201.61,1,0
IN,tcp_connect,2023-03-25 15:59:13.910782,AS58569,NEWS,ok,0.0729,0.2504,,1,0
VN,web_connectivity,2023-03-25 20:21:39.139827,AS52615,ANON,ok,0.0013,0.1825,213.43,1,0
CN,web_connectivity,2023-03-26 00:44:04.368873,AS59099,ANON,confirmed,0.2672,0.0754,6.91,0,1
CN,web_connectivity,2023-03-26 05:06:29.597919,AS24775,COMM,anomaly,0.844,0.7621,48.89,1,0
BR,web_connectivity,2023-03-26 09:28:54.826965,AS15631,COMT,ok,0.0088,0.511,71.4,1,0
FR,web_connectivity,2023-03-26 13:51:20.056011,AS49724,COMM,ok,0.2845,0.9565,58.55,1,0
FR,web_connectivity,2023-03-26 18:13:45.285057,AS13761,SRCH,ok,0.0613,0.2019,368.52,1,0
CN,tcp_connect,2023-03-26 22:36:10.514102,AS55374,LGBT,confirmed,0.5843,0.1884,67.75,0,1
IR,dns_consistency,2023-03-27 02:58:35.743148,AS2072,REL,ok,0.3093,1.1808,66.14,1,0
BR,tcp_connect,2023-03-27 07:21:00.972194,AS25294,HUMR,ok,0.0036,0.1384,185.5,1,0
IN,tcp_connect,2023-03-27 11:43:26.201240,AS39530,SRCH,ok,0.0935,0.5814,23.31,1,0
PK,dns_consistency,2023-03-27 16:05:51.430286,AS34008,ECON,ok,0.0928,0.1882,169.49,1,0
US,dns_consistency,2023-03-27 20:28:16.659331,AS55874,SRCH,confirmed,0.4716,0.1804,50.6,0,1
US,telegram,2023-03-28 00:50:41.888377,AS22453,LGBT,ok,0.1742,0.2502,65.65,1,0
NG,dns_consistency,2023-03-28 05:13:07.117423,AS33842,POLR,ok,0.3125,2.8115,,1,0
IR,dns_consistency,2023-03-28 09:35:32.346469,AS49724,POLR,anomaly,0.6418,1.727,71.33,0,1
VN,whatsapp,2023-03-28 13:57:57.575515,AS50368,HUMR,anomaly,0.4612,0.1781,328.95,0,1
DE,web_connectivity,2023-03-28 18:20:22.804560,AS50319,POLR,ok,0.121,1.1809,34.59,1,1
BY,http_header_field_manipulation,2023-03-28 22:42:48.033606,AS51222,LGBT,anomaly,0.6437,0.049,17.47,0,1
IR,web_connectivity,2023-03-29 03:05:13.262652,AS32635,ECON,anomaly,0.3869,1.5132,153.12,0,0
TR,tcp_connect,2023-03-29 07:27:38.491698,AS17131,LGBT,ok,0.3194,1.997,39.35,1,0
ID,tcp_connect,2023-03-29 11:50:03.720744,AS55961,ECON,ok,0.0416,0.7496,171.31,1,0
BR,dns_consistency,2023-03-29 16:12:28.949789,AS42135,COMM,ok,0.0209,1.2526,104.53,1,0
UZ,http_header_field_manipulation,2023-03-29 20:34:54.178835,AS26441,LGBT,ok,0.039,0.1048,420.61,1,0
VN,tcp_connect,2023-03-30 00:57:19.407881,AS59099,REL,ok,0.012,0.0452,70.99,1,0
UZ,dns_consistency,2023-03-30 05:19:44.636927,AS58842,COMT,ok,0.1706,0.2747,258.24,1,0
TR,telegram,2023-03-30 09:42:09.865973,AS49977,NEWS,ok,0.1217,0.9483,175.76,0,1
RU,web_connectivity,2023-03-30 14:04:35.095019,AS19698,ECON,anomaly,0.6605,0.6715,24.18,1,0
MM,telegram,2023-03-30 18:27:00.324064,AS9939,NEWS,anomaly,0.5538,0.0492,135.52,0,1
MM,dns_consistency,2023-03-30 22:49:25.553110,AS20553,SRCH,ok,0.1025,0.1389,120.45,1,0
NG,web_connectivity,2023-03-31 03:11:50.782156,AS13761,LGBT,ok,0.2601,1.3698,483.03,1,0
BR,web_connectivity,2023-03-31 07:34:16.011202,AS10526,ECON,ok,0.035,0.0245,77.26,1,0
UZ,web_connectivity,2023-03-31 11:56:41.240248,AS58653,SRCH,ok,0.0015,0.0468,106.67,1,0
IR,whatsapp,2023-03-31 16:19:06.469293,AS13761,REL,ok,0.0042,1.0359,118.67,1,0
NG,web_connectivity,2023-03-31 20:41:31.698339,AS35011,ECON,ok,0.0593,0.1219,137.8,1,0
RU,web_connectivity,2023-04-01 01:03:56.927385,AS39530,ANON,ok,0.0918,0.0557,92.16,1,0
IR,dns_consistency,2023-04-01 05:26:22.156431,AS10526,COMT,anomaly,0.5951,1.1322,52.63,1,1
DE,web_connectivity,2023-04-01 09:48:47.385477,AS20553,HUMR,confirmed,0.5326,0.0772,179.28,1,1
BY,dns_consistency,2023-04-01 14:11:12.614522,AS41628,COMT,ok,0.111,0.5647,8.38,1,0
EG,web_connectivity,2023-04-01 18:33:37.843568,AS10526,COMT,ok,0.0463,1.2405,5.0,1,0
FR,telegram,2023-04-01 22:56:03.072614,AS7926,HUMR,ok,0.2089,1.0195,246.79,1,0
RU,dns_consistency,2023-04-02 03:18:28.301660,AS2072,COMM,ok,0.1,0.5994,294.2,1,0
IN,whatsapp,2023-04-02 07:40:53.530706,AS32635,COMT,ok,0.0171,1.5381,143.45,1,0
IR,http_header_field_manipulation,2023-04-02 12:03:18.759751,AS49977,COMM,ok,0.1017,1.7617,52.17,1,0
RU,web_connectivity,2023-04-02 16:25:43.988797,AS8947,SRCH,confirmed,0.737,0.1495,115.2,1,1
CN,whatsapp,2023-04-02 20:48:09.217843,AS41369,POLR,ok,0.1088,0.327,25.59,1,1
CN,web_connectivity,2023-04-03 01:10:34.446889,AS41369,POLR,failure,0.7156,1.7856,231.16,1,1
IN,web_connectivity,2023-04-03 05:32:59.675935,AS4899,COMT,anomaly,0.851,0.8314,15.79,0,0
IR,web_connectivity,2023-04-03 09:55:24.904981,AS11241,LGBT,anomaly,0.8478,0.4475,16.94,0,1
DE,dns_consistency,2023-04-03 14:17:50.134026,AS41628,ECON,ok,0.0129,0.8089,22.55,1,0
UZ,web_connectivity,2023-04-03 18:40:15.363072,AS18345,COMT,ok,0.0564,1.0042,276.96,1,0
PK,tcp_connect,2023-04-03 23:02:40.592118,AS52615,ECON,ok,0.2508,0.7825,5.0,1,0
BY,telegram,2023-04-04 03:25:05.821164,AS22895,SRCH,ok,0.1861,0.2464,5.0,1,0
MM,http_header_field_manipulation,2023-04-04 07:47:31.050210,AS19111,POLR,ok,0.1465,0.5511,31.6,1,0
IN,web_connectivity,2023-04-04 12:09:56.279255,AS32671,ECON,anomaly,0.8229,0.2085,81.02,0,1
EG,http_header_field_manipulation,2023-04-04 16:32:21.508301,AS32671,HUMR,ok,,1.6711,9.96,1,0
PK,whatsapp,2023-04-04 20:54:46.737347,AS6970,NEWS,ok,0.0102,1.1721,69.8,0,1
CN,web_connectivity,2023-04-05 01:17:11.966393,AS15631,LGBT,confirmed,0.1976,0.1048,135.98,0,0
AZ,web_connectivity,2023-04-05 05:39:37.195439,AS33842,COMT,confirmed,0.8293,0.6772,101.52,0,1
DE,web_connectivity,2023-04-05 10:02:02.424484,AS26441,LGBT,ok,0.0164,2.0264,167.41,1,0
RU,dns_consistency,2023-04-05 14:24:27.653530,AS49977,COMT,failure,0.4538,0.6849,256.46,0,0
NG,tcp_connect,2023-04-05 18:46:52.882576,AS45204,COMT,ok,0.081,0.8625,5.0,1,0
VN,http_header_field_manipulation,2023-04-05 23:09:18.111622,AS2175,NEWS,ok,0.0532,0.8226,149.9,1,0
BR,dns_consistency,2023-04-06 03:31:43.340668,AS49977,SRCH,anomaly,0.5814,0.6084,27.79,1,1
CN,tcp_connect,2023-04-06 07:54:08.569713,AS29606,ECON,confirmed,0.589,0.4498,35.03,0,1
DE,http_header_field_manipulation,2023-04-06 12:16:33.798759,AS19698,COMT,ok,0.0194,2.2922,,1,1
IN,http_header_field_manipulation,2023-04-06 16:38:59.027805,AS51947,COMT,confirmed,0.7527,0.4831,25.13,0,0
FR,web_connectivity,2023-04-06 21:01:24.256851,AS50368,NEWS,ok,0.1129,0.05,216.82,1,0
BY,web_connectivity,2023-04-07 01:23:49.485897,AS15061,COMT,ok,0.161,0.9191,79.35,1,0
PK,web_connectivity,2023-04-07 05:46:14.714942,AS9939,REL,anomaly,0.7618,1.1032,285.72,0,1
IR,tcp_connect,2023-04-07 10:08:39.943988,AS26441,SRCH,confirmed,0.6968,0.0352,297.98,1,1
TR,tcp_connect,2023-04-07 14:31:05.173034,AS45204,COMM,ok,0.0288,0.1567,137.4,1,0
IN,web_connectivity,2023-04-07 18:53:30.402080,AS2072,SRCH,ok,0.1451,0.4822,70.35,1,0
US,web_connectivity,2023-04-07 23:15:55.631126,AS17131,ANON,anomaly,0.6132,0.1688,368.4,1,0
RU,tcp_connect,2023-04-08 03:38:20.860172,AS25884,NEWS,anomaly,0.2017,0.2396,204.09,1,1
BR,web_connectivity,2023-04-08 08:00:46.089217,AS19698,HUMR,ok,0.0089,0.1209,404.66,1,0
TR,web_connectivity,2023-04-08 12:23:11.318263,AS47656,ECON,ok,0.1034,0.0944,408.29,1,0
BR,web_connectivity,2023-04-08 16:45:36.547309,AS46987,HUMR,ok,0.0456,1.9721,78.06,1,1
RU,web_connectivity,2023-04-08 21:08:01.776355,AS2592,REL,ok,0.0156,0.0927,28.63,1,1
TR,web_connectivity,2023-04-09 01:30:27.005401,AS57909,SRCH,ok,0.1967,0.8305,105.23,1,0
PK,web_connectivity,2023-04-09 05:52:52.234446,AS55874,POLR,ok,0.0364,0.011,16.48,1,0
US,http_header_field_manipulation,2023-04-09 10:15:17.463492,AS20553,POLR,ok,0.0517,1.7742,76.92,1,0
MM,facebook_messenger,2023-04-09 14:37:42.692538,AS41369,ECON,ok,0.0761,1.1987,128.48,1,0
VN,web_connectivity,2023-04-09 19:00:07.921584,AS6146,ECON,confirmed,0.4414,0.0072,113.44,1,1
AZ,web_connectivity,2023-04-09 23:22:33.150630,AS44761,HUMR,ok,0.0115,1.5807,7.67,1,0
RU,web_connectivity,2023-04-10 03:44:58.379675,AS44761,COMM,ok,0.0215,0.8432,225.98,1,0
CN,dns_consistency,2023-04-10 08:07:23.608721,AS23883,NEWS,failure,0.8367,0.4803,274.37,1,1
US,http_header_field_manipulation,2023-04-10 12:29:48.837767,AS49724,NEWS,ok,,0.9191,131.97,1,0
TH,web_connectivity,2023-04-10 16:52:14.066813,AS58842,ECON,ok,0.2622,0.4949,24.67,1,0
VN,web_connectivity,2023-04-10 21:14:39.295859,AS55874,POLR,ok,0.0003,1.3869,173.4,1,0
DE,tcp_connect,2023-04-11 01:37:04.524904,AS2182,NEWS,failure,0.3296,0.5001,339.9,1,0
IR,tcp_connect,2023-04-11 05:59:29.753950,AS4899,POLR,anomaly,0.2647,0.6971,194.11,0,1
US,web_connectivity,2023-04-11 10:21:54.982996,AS58945,REL,ok,0.0087,0.3512,316.28,1,0
DE,web_connectivity,2023-04-11 14:44:20.212042,AS8947,COMM,ok,0.0056,0.235,176.6,1,0
PK,dns_consistency,2023-04-11 19:06:45.441088,AS19111,REL,ok,0.0064,1.6482,82.64,1,0
IN,web_connectivity,2023-04-11 23:29:10.670134,AS33842,COMM,ok,0.1872,0.4336,131.97,1,0
TR,web_connectivity,2023-04-12 03:51:35.899179,AS42135,REL,ok,0.0183,0.8232,162.72,1,0
RU,tcp_connect,2023-04-12 08:14:01.128225,AS22895,POLR,confirmed,0.8374,0.3526,81.36,1,1
RU,web_connectivity,2023-04-12 12:36:26.357271,AS13266,COMM,failure,0.8911,0.3858,1395.58,0,0
DE,tcp_connect,2023-04-12 16:58:51.586317,AS46987,SRCH,ok,0.2242,0.9912,69.32,1,0
TR,http_header_field_manipulation,2023-04-12 21:21:16.815363,AS42135,HUMR,ok,0.1785,0.5425,125.01,1,0
BR,web_connectivity,2023-04-13 01:43:42.044408,AS24775,SRCH,ok,0.0612,0.3764,37.35,1,0
EG,dns_consistency,2023-04-13 06:06:07.273454,AS36237,POLR,ok,0.1836,2.2187,365.38,1,0
RU,http_header_field_manipulation,2023-04-13 10:28:32.502500,AS2182,HUMR,ok,0.2084,1.2725,37.85,1,0
US,web_connectivity,2023-04-13 14:50:57.731546,AS55374,ANON,ok,0.0999,0.3332,45.57,1,0
AZ,web_connectivity,2023-04-13 19:13:22.960592,AS40389,ANON,anomaly,0.7552,0.677,23.75,0,0
DE,dns_consistency,2023-04-13 23:35:48.189637,AS23227,HUMR,ok,0.1238,1.7633,12.23,1,0
US,http_header_field_manipulation,2023-04-14 03:58:13.418683,AS42135,POLR,anomaly,0.9266,0.0969,5.01,0,0
DE,dns_consistency,2023-04-14 08:20:38.647729,AS55874,COMT,ok,0.0264,1.4111,325.36,1,1
IN,web_connectivity,2023-04-14 12:43:03.876775,AS9939,ANON,ok,0.0905,1.3694,98.76,1,0
IR,telegram,2023-04-14 17:05:29.105821,AS55961,COMT,ok,0.0097,1.1997,5.0,1,0
IR,http_header_field_manipulation,2023-04-14 21:27:54.334866,AS55374,ECON,anomaly,,0.9665,192.41,0,1
IR,http_header_field_manipulation,2023-04-15 01:50:19.563912,AS42772,LGBT,anomaly,0.7792,0.0798,91.72,1,0
MM,http_header_field_manipulation,2023-04-15 06:12:44.792958,AS35011,LGBT,anomaly,0.2912,0.3939,45.28,0,1
CN,web_connectivity,2023-04-15 10:35:10.022004,AS23227,SRCH,anomaly,0.843,0.7907,64.92,0,1
TH,vanilla_tor,2023-04-15 14:57:35.251050,AS28647,ECON,ok,0.0182,1.1163,57.29,1,0
MM,web_connectivity,2023-04-15 19:20:00.480096,AS22453,ANON,ok,0.0146,0.6812,27.13,1,0
VN,tcp_connect,2023-04-15 23:42:25.709141,AS29338,ANON,ok,0.0352,2.2883,108.5,1,0
EG,web_connectivity,2023-04-16 04:04:50.938187,AS17131,REL,ok,0.2523,1.1905,100.14,1,0
RU,whatsapp,2023-04-16 08:27:16.167233,AS52615,SRCH,ok,0.044,0.3026,99.29,1,0
BR,http_header_field_manipulation,2023-04-16 12:49:41.396279,AS19698,POLR,ok,0.0657,0.2341,62.94,1,0
TH,dns_consistency,2023-04-16 17:12:06.625325,AS53867,LGBT,ok,0.0612,0.3167,139.82,1,0
RU,telegram,2023-04-16 21:34:31.854370,AS40389,REL,anomaly,0.5282,2.4306,516.48,0,0
TR,telegram,2023-04-17 01:56:57.083416,AS35044,SRCH,ok,0.1789,0.2686,412.04,1,0
RU,web_connectivity,2023-04-17 06:19:22.312462,AS22895,COMT,ok,0.1291,0.3531,697.61,1,0
BR,web_connectivity,2023-04-17 10:41:47.541508,AS29606,COMM,ok,0.17,0.309,59.27,1,0
IR,http_header_field_manipulation,2023-04-17 15:04:12.770554,AS8947,NEWS,confirmed,0.6082,0.1087,10.88,1,0
DE,telegram,2023-04-17 19:26:37.999599,AS50319,NEWS,ok,0.005,0.3627,130.76,1,0
EG,web_connectivity,2023-04-17 23:49:03.228645,AS40389,ECON,ok,0.0577,0.3202,107.71,1,0
IR,web_connectivity,2023-04-18 04:11:28.457691,AS20634,COMM,failure,0.5633,0.4566,2940.46,0,1
PK,http_header_field_manipulation,2023-04-18 08:33:53.686737,AS23227,HUMR,ok,0.0215,1.8226,49.64,1,0
RU,web_connectivity,2023-04-18 12:56:18.915783,AS22453,REL,anomaly,0.8273,1.3704,556.49,1,0
IR,dns_consistency,2023-04-18 17:18:44.144828,AS15631,ECON,anomaly,0.6,0.5939,5.0,0,1
TR,web_connectivity,2023-04-18 21:41:09.373874,AS23227,REL,anomaly,0.5061,1.1859,60.79,0,0
MM,dns_consistency,2023-04-19 02:03:34.602920,AS4099,HUMR,ok,0.2257,0.4275,,1,0
AZ,telegram,2023-04-19 06:25:59.831966,AS25294,REL,ok,0.0728,1.2418,139.81,1,0
CN,dns_consistency,2023-04-19 10:48:25.061012,AS51222,REL,ok,0.0611,0.5483,5.0,1,0
RU,web_connectivity,2023-04-19 15:10:50.290058,AS40389,ECON,confirmed,0.3001,0.9035,46.35,0,0
BY,dns_consistency,2023-04-19 19:33:15.519103,AS15631,SRCH,anomaly,0.744,0.0585,62.04,0,1
NG,web_connectivity,2023-04-19 23:55:40.748149,AS50319,ANON,ok,0.1658,0.1246,632.08,1,0
IR,tcp_connect,2023-04-20 04:18:05.977195,AS13761,ECON,confirmed,0.5234,0.1693,81.7,0,1
BR,dns_consistency,2023-04-20 08:40:31.206241,AS22895,HUMR,ok,0.1358,1.1769,246.58,1,0
AZ,tcp_connect,2023-04-20 13:02:56.435287,AS49724,SRCH,ok,0.1257,0.1568,66.47,0,0
RU,telegram,2023-04-20 17:25:21.664332,AS13761,REL,anomaly,0.5442,0.8862,98.29,0,1
RU,web_connectivity,2023-04-20 21:47:46.893378,AS41369,POLR,ok,0.2831,1.0801,57.16,1,0
CN,vanilla_tor,2023-04-21 02:10:12.122424,AS57909,POLR,confirmed,0.59,0.1607,157.57,0,1
VN,web_connectivity,2023-04-21 06:32:37.351470,AS33842,LGBT,ok,0.2258,0.4875,288.53,1,0
IR,http_header_field_manipulation,2023-04-21 10:55:02.580516,AS44761,ECON,failure,0.8489,0.4096,139.16,0,0
MM,web_connectivity,2023-04-21 15:17:27.809561,AS47656,LGBT,confirmed,0.5997,0.1388,45.79,0,0
PK,web_connectivity,2023-04-21 19:39:53.038607,AS20553,NEWS,ok,0.2532,0.1608,5.0,1,0
BR,http_header_field_manipulation,2023-04-22 00:02:18.267653,AS41085,HUMR,ok,0.1758,0.1858,13.16,1,0
IR,web_connectivity,2023-04-22 04:24:43.496699,AS53867,SRCH,confirmed,0.7073,0.1802,77.61,1,1
FR,web_connectivity,2023-04-22 08:47:08.725745,AS33842,ANON,anomaly,0.3405,0.0181,128.6,0,0
US,web_connectivity,2023-04-22 13:09:33.954790,AS22895,ECON,ok,0.1208,0.7373,27.36,0,0
DE,dns_consistency,2023-04-22 17:31:59.183836,AS52965,LGBT,ok,0.0296,0.8151,319.45,1,1
FR,web_connectivity,2023-04-22 21:54:24.412882,AS58842,ECON,ok,0.0899,1.3133,77.21,1,0
AZ,dns_consistency,2023-04-23 02:16:49.641928,AS10526,REL,ok,0.0512,0.7023,97.96,1,0
DE,http_header_field_manipulation,2023-04-23 06:39:14.870974,AS52615,HUMR,ok,0.0248,0.2221,245.87,1,0
IN,web_connectivity,2023-04-23 11:01:40.100020,AS41085,COMT,anomaly,0.8366,0.0299,23.52,0,1
RU,web_connectivity,2023-04-23 15:24:05.329065,AS35044,LGBT,ok,0.1227,0.2133,89.96,1,0
UZ,http_header_field_manipulation,2023-04-23 19:46:30.558111,AS2175,REL,ok,0.0244,0.6114,84.35,1,0
BY,http_header_field_manipulation,2023-04-24 00:08:55.787157,AS2182,LGBT,anomaly,0.6221,1.7791,76.87,1,1
TR,dns_consistency,2023-04-24 04:31:21.016203,AS42135,HUMR,ok,0.2489,0.5688,7.57,1,0
PK,http_header_field_manipulation,2023-04-24 08:53:46.245249,AS29606,SRCH,ok,0.1091,0.3609,156.92,1,0
PK,web_connectivity,2023-04-24 13:16:11.474294,AS49977,REL,ok,0.1259,0.3742,93.75,1,1
CN,http_header_field_manipulation,2023-04-24 17:38:36.703340,AS19698,COMM,anomaly,0.898,0.1562,159.31,0,1
NG,web_connectivity,2023-04-24 22:01:01.932386,AS45204,NEWS,ok,0.0616,0.6809,53.54,1,1
CN,web_connectivity,2023-04-25 02:23:27.161432,AS22453,REL,ok,0.0657,1.4089,55.46,1,0
MM,web_connectivity,2023-04-25 06:45:52.390478,AS54883,SRCH,ok,0.0947,1.6077,94.14,1,0
IR,tcp_connect,2023-04-25 11:08:17.619523,AS17131,REL,confirmed,0.4474,0.4905,50.85,1,1
VN,dns_consistency,2023-04-25 15:30:42.848569,AS15061,HUMR,ok,0.0699,0.8358,233.83,1,0
TR,facebook_messenger,2023-04-25 19:53:08.077615,AS17131,COMM,ok,0.3014,1.4089,254.59,0,1
RU,facebook_messenger,2023-04-26 00:15:33.306661,AS2592,COMT,ok,0.1157,0.1827,39.42,1,0
IR,vanilla_tor,2023-04-26 04:37:58.535707,AS49724,COMT,confirmed,0.3462,1.5786,66.84,0,1
VN,web_connectivity,2023-04-26 09:00:23.764752,AS2175,ANON,ok,0.0466,0.0727,69.0,1,0
CN,http_header_field_manipulation,2023-04-26 13:22:48.993798,AS41085,COMM,ok,0.1176,0.6463,5.0,1,0
NG,web_connectivity,2023-04-26 17:45:14.222844,AS24775,COMM,ok,0.0994,0.0748,90.7,1,1
IN,dns_consistency,2023-04-26 22:07:39.451890,AS58945,POLR,ok,0.1798,0.7557,5.0,1,0
VN,web_connectivity,2023-04-27 02:30:04.680936,AS6146,HUMR,confirmed,0.8685,0.0417,185.29,0,0
US,web_connectivity,2023-04-27 06:52:29.909982,AS20553,ANON,ok,0.0709,1.208,121.78,1,0
TR,http_header_field_manipulation,2023-04-27 11:14:55.139027,AS41628,LGBT,anomaly,0.3971,1.537,34.92,1,1
IR,facebook_messenger,2023-04-27 15:37:20.368073,AS2175,COMT,ok,0.0055,0.5745,63.97,1,0
TR,dns_consistency,2023-04-27 19:59:45.597119,AS52965,ANON,ok,0.1528,0.1856,83.27,1,0
NG,web_connectivity,2023-04-28 00:22:10.826165,AS4899,REL,ok,0.3734,0.673,276.08,1,0
PK,telegram,2023-04-28 04:44:36.055211,AS9939,COMM,confirmed,0.8969,0.344,282.26,0,1
IR,web_connectivity,2023-04-28 09:07:01.284256,AS2072,NEWS,confirmed,0.7819,0.632,131.96,0,1
VN,telegram,2023-04-28 13:29:26.513302,AS10526,HUMR,ok,0.0004,0.2058,47.76,0,0
IR,whatsapp,2023-04-28 17:51:51.742348,AS26441,COMT,anomaly,0.5331,0.9262,43.85,0,1
CN,dns_consistency,2023-04-28 22:14:16.971394,AS55874,ECON,anomaly,0.5124,0.6043,85.27,0,1
US,http_header_field_manipulation,2023-04-29 02:36:42.200440,AS58945,COMT,ok,0.0899,0.0409,80.89,1,0
TR,http_header_field_manipulation,2023-04-29 06:59:07.429485,AS49724,HUMR,ok,0.2763,0.7589,,1,0
VN,http_header_field_manipulation,2023-04-29 11:21:32.658531,AS26441,COMM,confirmed,0.7295,0.1006,52.66,1,1
ID,web_connectivity,2023-04-29 15:43:57.887577,AS8640,COMT,ok,0.0693,0.8849,323.43,1,0
IR,http_header_field_manipulation,2023-04-29 20:06:23.116623,AS7926,LGBT,confirmed,0.6558,0.2174,90.7,0,0
BR,web_connectivity,2023-04-30 00:28:48.345669,AS24775,POLR,ok,0.0494,0.349,130.27,1,1
UZ,http_header_field_manipulation,2023-04-30 04:51:13.574714,AS29606,ECON,ok,0.0566,0.3344,697.73,1,1
IR,dns_consistency,2023-04-30 09:13:38.803760,AS19111,REL,failure,0.2979,0.4985,555.27,0,1
IN,web_connectivity,2023-04-30 13:36:04.032806,AS39530,HUMR,anomaly,0.6902,0.2245,96.58,1,0
IR,tcp_connect,2023-04-30 17:58:29.261852,AS53867,POLR,anomaly,0.2541,0.6908,59.48,0,1
NG,web_connectivity,2023-04-30 22:20:54.490898,AS2182,COMT,ok,0.1229,0.6067,31.29,1,0
VN,dns_consistency,2023-05-01 02:43:19.719943,AS34008,HUMR,ok,0.4404,2.3671,112.06,1,0
VN,web_connectivity,2023-05-01 07:05:44.948989,AS28647,ANON,ok,0.1481,0.6238,112.18,1,0
US,web_connectivity,2023-05-01 11:28:10.178035,AS53867,ECON,ok,0.0513,0.3619,73.16,1,0
PK,web_connectivity,2023-05-01 15:50:35.407081,AS32671,COMT,anomaly,0.5916,0.9328,15.82,0,1
RU,web_connectivity,2023-05-01 20:13:00.636127,AS6970,COMM,confirmed,0.9436,0.1903,71.16,1,0
ID,web_connectivity,2023-05-02 00:35:25.865173,AS25294,LGBT,ok,0.0098,0.7542,65.52,1,0
CN,web_connectivity,2023-05-02 04:57:51.094218,AS41085,ECON,confirmed,0.7521,0.9088,49.13,1,1
IR,dns_consistency,2023-05-02 09:20:16.323264,AS19111,REL,ok,0.0503,0.7462,5.0,1,0
TH,dns_consistency,2023-05-02 13:42:41.552310,AS59099,HUMR,ok,0.0834,1.6678,59.85,1,0
BY,dns_consistency,2023-05-02 18:05:06.781356,AS33842,COMM,anomaly,0.6589,0.4492,90.89,0,1
PK,dns_consistency,2023-05-02 22:27:32.010402,AS36237,COMM,ok,0.0714,0.0463,35.12,1,0
IR,whatsapp,2023-05-03 02:49:57.239447,AS58945,COMM,anomaly,0.7707,0.7002,30.35,0,1
MM,web_connectivity,2023-05-03 07:12:22.468493,AS53867,COMM,anomaly,0.2095,0.0879,18.83,1,1
NG,http_header_field_manipulation,2023-05-03 11:34:47.697539,AS40389,ANON,ok,0.1385,0.8062,75.59,1,0
EG,whatsapp,2023-05-03 15:57:12.926585,AS55961,NEWS,ok,0.1565,1.1325,157.83,1,0
FR,web_connectivity,2023-05-03 20:19:38.155631,AS8947,LGBT,ok,0.0597,1.8962,15.08,1,0
CN,dns_consistency,2023-05-04 00:42:03.384676,AS40389,ANON,ok,0.0743,0.2505,200.21,0,0
US,dns_consistency,2023-05-04 05:04:28.613722,AS19111,ECON,ok,0.0463,1.4236,307.5,1,0
PK,web_connectivity,2023-05-04 09:26:53.842768,AS4099,LGBT,ok,0.0406,0.7142,25.33,1,1
DE,web_connectivity,2023-05-04 13:49:19.071814,AS13266,COMM,ok,0.1158,1.9306,110.3,1,1
RU,tcp_connect,2023-05-04 18:11:44.300860,AS25884,HUMR,confirmed,0.2253,0.3065,57.24,0,1
IR,dns_consistency,2023-05-04 22:34:09.529905,AS8947,HUMR,failure,0.6505,0.8833,1167.88,1,1
NG,web_connectivity,2023-05-05 02:56:34.758951,AS4263,HUMR,anomaly,0.6866,1.3426,31.73,0,1
TR,tcp_connect,2023-05-05 07:18:59.987997,AS49724,ECON,confirmed,0.6295,0.0929,89.71,0,0
IR,tcp_connect,2023-05-05 11:41:25.217043,AS48048,POLR,anomaly,0.5128,0.7243,5.0,0,1
TR,web_connectivity,2023-05-05 16:03:50.446089,AS36237,ANON,ok,0.1277,0.0966,35.08,1,0
CN,dns_consistency,2023-05-05 20:26:15.675135,AS48048,ECON,anomaly,0.9532,0.6569,33.54,0,0
RU,http_header_field_manipulation,2023-05-06 00:48:40.904180,AS58569,REL,confirmed,0.4274,0.039,191.44,1,1
IR,web_connectivity,2023-05-06 05:11:06.133226,AS49977,POLR,confirmed,0.5481,0.2368,26.44,0,0
KZ,http_header_field_manipulation,2023-05-06 09:33:31.362272,AS20553,SRCH,anomaly,0.5396,1.5533,394.54,0,0
RU,web_connectivity,2023-05-06 13:55:56.591318,AS54883,SRCH,anomaly,0.6383,0.1563,5.0,0,0
PK,web_connectivity,2023-05-06 18:18:21.820364,AS23883,SRCH,ok,0.155,0.8263,50.87,1,0
PK,web_connectivity,2023-05-06 22:40:47.049409,AS26441,ANON,confirmed,0.6613,0.0481,171.19,0,1
BR,telegram,2023-05-07 03:03:12.278455,AS51222,HUMR,ok,0.046,0.4069,41.12,1,0
CN,whatsapp,2023-05-07 07:25:37.507501,AS1588,NEWS,ok,0.15,1.5094,30.41,0,1
AZ,dns_consistency,2023-05-07 11:48:02.736547,AS4263,ANON,failure,0.3077,1.4234,409.8,0,0
DE,dns_consistency,2023-05-07 16:10:27.965593,AS57909,COMT,ok,0.0862,0.623,207.51,0,0
IR,web_connectivity,2023-05-07 20:32:53.194638,AS41085,ECON,anomaly,0.7477,0.2987,195.87,0,0
IN,http_header_field_manipulation,2023-05-08 00:55:18.423684,AS38379,ANON,anomaly,0.28,0.6828,223.63,1,1
CN,web_connectivity,2023-05-08 05:17:43.652730,AS52615,POLR,confirmed,0.4262,0.5393,17.57,1,1
IN,http_header_field_manipulation,2023-05-08 09:40:08.881776,AS15061,POLR,ok,,1.947,27.85,1,0
US,whatsapp,2023-05-08 14:02:34.110822,AS29338,HUMR,ok,0.0282,0.1641,,1,0
TR,web_connectivity,2023-05-08 18:24:59.339867,AS4263,COMM,anomaly,0.4557,1.1391,27.41,1,0
VN,http_header_field_manipulation,2023-05-08 22:47:24.568913,AS57909,HUMR,anomaly,0.7308,0.6374,75.36,0,1
TH,dns_consistency,2023-05-09 03:09:49.797959,AS23227,SRCH,ok,0.0218,0.0187,197.2,1,1
TR,web_connectivity,2023-05-09 07:32:15.027005,AS18345,COMT,anomaly,0.6268,0.1268,102.33,0,1
TR,http_header_field_manipulation,2023-05-09 11:54:40.256051,AS49977,COMT,ok,0.0933,0.2768,256.35,1,0
EG,dns_consistency,2023-05-09 16:17:05.485097,AS20634,HUMR,ok,0.001,0.5064,101.28,1,0
US,tcp_connect,2023-05-09 20:39:30.714142,AS45204,SRCH,anomaly,0.5059,0.1058,36.16,1,0
IN,web_connectivity,2023-05-10 01:01:55.943188,AS57909,POLR,ok,0.1294,1.3114,11.07,1,0
MM,web_connectivity,2023-05-10 05:24:21.172234,AS55874,REL,ok,0.1288,0.8171,38.73,1,0
KZ,vanilla_tor,2023-05-10 09:46:46.401280,AS32635,POLR,ok,0.1407,2.0284,52.9,1,0
BR,http_header_field_manipulation,2023-05-10 14:09:11.630326,AS58842,NEWS,ok,0.1621,1.5727,108.95,1,0
IR,http_header_field_manipulation,2023-05-10 18:31:36.859371,AS40389,REL,failure,0.6718,1.1652,437.47,0,0
DE,web_connectivity,2023-05-10 22:54:02.088417,AS1588,COMT,ok,0.3215,0.235,62.56,1,1
US,web_connectivity,2023-05-11 03:16:27.317463,AS40389,HUMR,ok,0.0502,0.8905,237.37,1,0
DE,facebook_messenger,2023-05-11 07:38:52.546509,AS42772,ECON,ok,0.0171,0.5665,372.88,1,0
CN,web_connectivity,2023-05-11 12:01:17.775555,AS11241,ECON,ok,0.1066,0.7188,33.97,1,0
DE,vanilla_tor,2023-05-11 16:23:43.004600,AS41085,POLR,ok,0.0058,0.8321,42.72,1,0
DE,web_connectivity,2023-05-11 20:46:08.233646,AS8947,COMM,ok,0.1143,0.1532,71.65,1,0
CN,web_connectivity,2023-05-12 01:08:33.462692,AS4899,SRCH,ok,0.0269,1.6496,46.55,1,0
KZ,web_connectivity,2023-05-12 05:30:58.691738,AS51222,COMT,failure,0.5515,0.7132,610.88,0,1
KZ,dns_consistency,2023-05-12 09:53:23.920784,AS34008,ECON,ok,0.0565,0.4275,287.65,1,0
PK,tcp_connect,2023-05-12 14:15:49.149829,AS20634,ANON,anomaly,0.393,0.375,87.7,1,0
IN,facebook_messenger,2023-05-12 18:38:14.378875,AS28910,ANON,ok,0.3031,0.3456,5.46,1,0
IN,web_connectivity,2023-05-12 23:00:39.607921,AS13266,HUMR,ok,0.0965,1.7074,49.67,1,0
EG,web_connectivity,2023-05-13 03:23:04.836967,AS11241,SRCH,ok,0.084,1.4905,169.79,1,0
NG,http_header_field_manipulation,2023-05-13 07:45:30.066013,AS8640,ANON,ok,0.0629,1.3287,129.1,1,0
NG,http_header_field_manipulation,2023-05-13 12:07:55.295059,AS17131,REL,ok,0.1204,1.6464,67.71,1,0
IR,web_connectivity,2023-05-13 16:30:20.524104,AS20634,POLR,anomaly,0.9075,0.666,146.47,0,1
NG,web_connectivity,2023-05-13 20:52:45.753150,AS4099,ANON,ok,0.148,1.1641,78.09,1,0
KZ,web_connectivity,2023-05-14 01:15:10.982196,AS11241,POLR,anomaly,0.2489,0.0957,50.33,0,0
RU,http_header_field_manipulation,2023-05-14 05:37:36.211242,AS47656,REL,ok,0.3182,0.4927,5.0,1,0
TR,dns_consistency,2023-05-14 10:00:01.440288,AS25294,REL,ok,0.1143,0.7199,88.43,0,0
US,tcp_connect,2023-05-14 14:22:26.669333,AS40389,ECON,ok,,0.0339,194.66,1,0
VN,web_connectivity,2023-05-14 18:44:51.898379,AS55874,COMM,anomaly,0.3381,0.3619,341.75,1,1
RU,whatsapp,2023-05-14 23:07:17.127425,AS26441,NEWS,confirmed,0.8915,0.6173,20.68,1,0
AZ,web_connectivity,2023-05-15 03:29:42.356471,AS50368,REL,anomaly,0.6834,0.2204,287.46,0,1
RU,web_connectivity,2023-05-15 07:52:07.585517,AS51947,REL,ok,0.0097,0.7295,35.6,1,0
AZ,dns_consistency,2023-05-15 12:14:32.814562,AS58842,ECON,confirmed,0.5258,0.119,121.24,1,1
RU,tcp_connect,2023-05-15 16:36:58.043608,AS58945,ANON,confirmed,0.8258,0.1501,29.49,0,1
IR,web_connectivity,2023-05-15 20:59:23.272654,AS34008,HUMR,confirmed,0.2255,0.1144,142.36,0,0
MM,facebook_messenger,2023-05-16 01:21:48.501700,AS11241,NEWS,anomaly,0.4071,2.67,98.51,0,1
AZ,http_header_field_manipulation,2023-05-16 05:44:13.730746,AS4263,HUMR,anomaly,0.2583,0.2791,,1,1
FR,web_connectivity,2023-05-16 10:06:38.959791,AS29606,LGBT,ok,0.0197,1.7462,42.23,1,0
IR,tcp_connect,2023-05-16 14:29:04.188837,AS34008,LGBT,confirmed,,1.063,,1,1
US,http_header_field_manipulation,2023-05-16 18:51:29.417883,AS25581,NEWS,ok,0.0112,2.2775,19.9,1,0
RU,tcp_connect,2023-05-16 23:13:54.646929,AS1588,COMT,anomaly,0.771,0.1791,127.49,0,0
IR,telegram,2023-05-17 03:36:19.875975,AS29338,ECON,confirmed,0.3158,1.023,125.36,1,1
IR,http_header_field_manipulation,2023-05-17 07:58:45.105021,AS1588,COMT,ok,0.0389,0.0373,23.26,1,0
RU,web_connectivity,2023-05-17 12:21:10.334066,AS25581,COMT,ok,0.0127,0.3898,95.82,1,0
KZ,tcp_connect,2023-05-17 16:43:35.563112,AS29606,ANON,anomaly,0.5036,0.0739,104.55,1,1
IR,http_header_field_manipulation,2023-05-17 21:06:00.792158,AS58569,ECON,anomaly,0.4215,0.6173,5.0,0,0
NG,dns_consistency,2023-05-18 01:28:26.021204,AS53867,HUMR,ok,0.0561,0.9788,11.27,1,0
NG,web_connectivity,2023-05-18 05:50:51.250250,AS25581,LGBT,ok,0.0494,0.2385,239.38,1,0
CN,telegram,2023-05-18 10:13:16.479295,AS57909,NEWS,ok,0.1541,0.3076,139.68,1,0
FR,dns_consistency,2023-05-18 14:35:41.708341,AS25884,ECON,ok,0.023,0.7472,16.91,1,0
TR,http_header_field_manipulation,2023-05-18 18:58:06.937387,AS50319,NEWS,anomaly,0.8787,1.2218,9.88,0,1
KZ,web_connectivity,2023-05-18 23:20:32.166433,AS8947,ECON,ok,0.1561,0.5407,60.24,1,0
TH,tcp_connect,2023-05-19 03:42:57.395479,AS33842,POLR,ok,0.0959,1.7535,17.21,1,0
TH,web_connectivity,2023-05-19 08:05:22.624524,AS25884,LGBT,ok,0.0199,0.9199,498.11,1,0
PK,tcp_connect,2023-05-19 12:27:47.853570,AS55374,POLR,ok,0.177,0.016,112.93,1,0
CN,web_connectivity,2023-05-19 16:50:13.082616,AS6146,POLR,ok,0.0838,0.0544,39.43,1,0
IR,http_header_field_manipulation,2023-05-19 21:12:38.311662,AS34008,COMT,confirmed,0.8198,1.3471,128.6,0,0
BR,dns_consistency,2023-05-20 01:35:03.540708,AS59099,LGBT,ok,0.0211,1.0326,93.33,1,0
IN,http_header_field_manipulation,2023-05-20 05:57:28.769753,AS1588,POLR,anomaly,0.2811,0.7823,221.74,1,1
BY,dns_consistency,2023-05-20 10:19:53.998799,AS49977,REL,anomaly,0.5808,1.2082,79.61,0,1
PK,web_connectivity,2023-05-20 14:42:19.227845,AS42135,NEWS,anomaly,0.4808,0.5542,274.58,0,1
CN,dns_consistency,2023-05-20 19:04:44.456891,AS53867,COMT,anomaly,0.552,0.1997,227.93,0,1
RU,facebook_messenger,2023-05-20 23:27:09.685937,AS58653,ANON,failure,0.9148,0.3774,24.32,0,1
CN,tcp_connect,2023-05-21 03:49:34.914983,AS13266,COMT,confirmed,0.5045,0.9098,216.2,1,0
BR,web_connectivity,2023-05-21 08:12:00.144028,AS58945,ECON,ok,0.1329,0.9413,34.95,1,0
RU,facebook_messenger,2023-05-21 12:34:25.373074,AS32671,POLR,anomaly,0.7498,1.9106,5.0,0,1
VN,tcp_connect,2023-05-21 16:56:50.602120,AS39530,SRCH,ok,0.2533,0.2722,5.0,1,0
VN,web_connectivity,2023-05-21 21:19:15.831166,AS23227,COMM,failure,0.4951,1.3493,1599.27,0,1
IR,http_header_field_manipulation,2023-05-22 01:41:41.060212,AS35044,COMT,ok,0.3108,0.6312,111.17,1,0
BR,web_connectivity,2023-05-22 06:04:06.289257,AS38379,COMM,ok,0.0148,2.1244,45.08,1,0
NG,web_connectivity,2023-05-22 10:26:31.518303,AS4099,COMM,ok,0.2257,0.8836,32.59,1,0
DE,tcp_connect,2023-05-22 14:48:56.747349,AS47656,HUMR,ok,0.2874,1.7358,56.94,1,0
ID,web_connectivity,2023-05-22 19:11:21.976395,AS24775,POLR,confirmed,0.8187,0.284,5.0,1,1
IR,dns_consistency,2023-05-22 23:33:47.205441,AS11241,SRCH,anomaly,0.5433,0.9102,5.0,0,1
IN,http_header_field_manipulation,2023-05-23 03:56:12.434486,AS52965,POLR,anomaly,0.6995,0.9666,18.16,0,1
KZ,telegram,2023-05-23 08:18:37.663532,AS35011,REL,ok,0.0358,0.1088,14.53,1,0
IN,web_connectivity,2023-05-23 12:41:02.892578,AS20553,REL,ok,0.1991,0.6224,42.0,1,0
IN,web_connectivity,2023-05-23 17:03:28.121624,AS41085,SRCH,ok,0.0799,1.1436,86.07,1,0
VN,http_header_field_manipulation,2023-05-23 21:25:53.350670,AS48048,NEWS,ok,0.2594,0.3539,68.43,1,0
VN,tcp_connect,2023-05-24 01:48:18.579715,AS18345,NEWS,ok,0.1418,1.7307,51.32,1,1
RU,telegram,2023-05-24 06:10:43.808761,AS34008,LGBT,anomaly,0.86,0.8696,5.0,0,1
DE,web_connectivity,2023-05-24 10:33:09.037807,AS42135,ECON,ok,0.0698,1.7591,126.76,1,1
TR,http_header_field_manipulation,2023-05-24 14:55:34.266853,AS19111,COMT,ok,0.0714,0.9884,124.16,1,0
NG,web_connectivity,2023-05-24 19:17:59.495899,AS41628,POLR,ok,0.0897,1.4403,142.92,1,0
BR,tcp_connect,2023-05-24 23:40:24.724944,AS7926,LGBT,ok,0.0965,1.2952,323.74,1,0
VN,web_connectivity,2023-05-25 04:02:49.953990,AS44761,SRCH,ok,0.1594,0.0065,5.0,1,0
VN,telegram,2023-05-25 08:25:15.183036,AS50368,REL,ok,0.0492,0.7677,9.82,1,0
CN,web_connectivity,2023-05-25 12:47:40.412082,AS59099,LGBT,anomaly,0.6243,0.4036,103.02,0,0
CN,tcp_connect,2023-05-25 17:10:05.641128,AS59099,POLR,confirmed,0.851,0.2916,27.3,1,0
IN,web_connectivity,2023-05-25 21:32:30.870174,AS10526,ECON,ok,0.1021,0.1872,5.0,1,0
CN,dns_consistency,2023-05-26 01:54:56.099219,AS33842,ECON,confirmed,0.787,0.1947,39.55,0,0
VN,http_header_field_manipulation,2023-05-26 06:17:21.328265,AS33842,REL,ok,0.0122,1.6472,99.21,1,0
NG,web_connectivity,2023-05-26 10:39:46.557311,AS15061,COMM,ok,0.0198,0.2775,119.05,1,0
CN,web_connectivity,2023-05-26 15:02:11.786357,AS51222,REL,confirmed,0.5666,0.534,35.47,0,1
KZ,web_connectivity,2023-05-26 19:24:37.015403,AS59099,ECON,ok,0.0675,0.0384,111.87,1,0
DE,web_connectivity,2023-05-26 23:47:02.244448,AS20634,SRCH,ok,0.079,2.1423,21.95,1,0
IR,web_connectivity,2023-05-27 04:09:27.473494,AS1588,LGBT,ok,,0.7369,112.36,1,0
CN,dns_consistency,2023-05-27 08:31:52.702540,AS55374,ANON,anomaly,0.618,0.7882,111.62,1,0
US,http_header_field_manipulation,2023-05-27 12:54:17.931586,AS28910,ECON,ok,0.1405,0.2659,8.69,1,0
TR,tcp_connect,2023-05-27 17:16:43.160632,AS13761,HUMR,ok,0.0075,0.8002,73.11,1,0
AZ,web_connectivity,2023-05-27 21:39:08.389677,AS42772,POLR,ok,0.0658,0.3051,61.62,1,0
US,web_connectivity,2023-05-28 02:01:33.618723,AS55874,ANON,ok,0.0089,0.386,,1,1
UZ,tcp_connect,2023-05-28 06:23:58.847769,AS15539,POLR,ok,0.0251,0.93,332.23,1,0
IR,dns_consistency,2023-05-28 10:46:24.076815,AS53867,POLR,confirmed,0.6163,0.7803,152.11,1,0
VN,web_connectivity,2023-05-28 15:08:49.305861,AS47656,REL,failure,0.6331,0.9718,837.93,1,1
KZ,web_connectivity,2023-05-28 19:31:14.534906,AS52615,LGBT,ok,0.1415,1.2503,,1,0
TR,web_connectivity,2023-05-28 23:53:39.763952,AS33842,LGBT,ok,0.3296,1.2513,20.17,1,0
IR,web_connectivity,2023-05-29 04:16:04.992998,AS15631,NEWS,failure,0.6064,2.0606,149.55,1,1
DE,tcp_connect,2023-05-29 08:38:30.222044,AS24775,COMM,ok,0.0845,0.9174,94.17,1,0
ID,web_connectivity,2023-05-29 13:00:55.451090,AS26441,ECON,confirmed,0.3638,0.1143,378.33,0,0
NG,facebook_messenger,2023-05-29 17:23:20.680136,AS18345,REL,ok,0.0693,1.3014,143.35,1,0
NG,whatsapp,2023-05-29 21:45:45.909181,AS32671,COMT,ok,0.0934,0.5072,5.0,1,0
VN,http_header_field_manipulation,2023-05-30 02:08:11.138227,AS41628,HUMR,ok,0.0714,0.3185,,1,1
RU,web_connectivity,2023-05-30 06:30:36.367273,AS20634,SRCH,confirmed,0.6,0.0039,121.72,0,0
DE,web_connectivity,2023-05-30 10:53:01.596319,AS20553,ECON,ok,0.1398,1.3535,113.54,1,1
RU,dns_consistency,2023-05-30 15:15:26.825365,AS24775,ECON,ok,0.0241,0.4078,122.55,1,0
TR,web_connectivity,2023-05-30 19:37:52.054410,AS55874,ANON,ok,0.0508,0.95,159.62,1,0
BY,telegram,2023-05-31 00:00:17.283456,AS55961,COMT,ok,0.0714,1.0514,362.15,1,0
VN,web_connectivity,2023-05-31 04:22:42.512502,AS9939,NEWS,ok,0.3298,0.2203,73.82,1,0
FR,tcp_connect,2023-05-31 08:45:07.741548,AS39530,REL,ok,0.0919,0.0509,80.3,1,0
IR,http_header_field_manipulation,2023-05-31 13:07:32.970594,AS45204,REL,anomaly,0.6482,1.4881,269.48,0,1
IN,tcp_connect,2023-05-31 17:29:58.199639,AS58945,COMM,ok,0.0206,0.2682,242.31,1,0
MM,dns_consistency,2023-05-31 21:52:23.428685,AS36237,COMT,confirmed,0.5929,0.4487,239.93,0,1
CN,http_header_field_manipulation,2023-06-01 02:14:48.657731,AS6970,REL,anomaly,0.5329,0.6753,96.44,1,1
IR,facebook_messenger,2023-06-01 06:37:13.886777,AS35044,ANON,anomaly,0.4729,1.2151,310.17,0,1
IN,web_connectivity,2023-06-01 10:59:39.115823,AS42772,HUMR,ok,0.1968,0.59,38.72,1,0
IN,web_connectivity,2023-06-01 15:22:04.344868,AS50368,NEWS,ok,0.148,0.2269,66.1,1,0
FR,web_connectivity,2023-06-01 19:44:29.573914,AS35044,ANON,ok,0.0025,0.6019,49.66,1,0
DE,dns_consistency,2023-06-02 00:06:54.802960,AS2592,COMT,ok,0.0181,0.1279,45.46,1,0
AZ,web_connectivity,2023-06-02 04:29:20.032006,AS6146,ECON,confirmed,0.4504,0.2001,144.45,0,1
KZ,web_connectivity,2023-06-02 08:51:45.261052,AS49724,LGBT,ok,0.0643,2.1817,7.9,1,0
IR,web_connectivity,2023-06-02 13:14:10.490098,AS8947,LGBT,confirmed,0.4935,0.0506,385.09,1,1
EG,tcp_connect,2023-06-02 17:36:35.719143,AS23883,LGBT,ok,0.0517,1.4713,38.58,1,0
CN,dns_consistency,2023-06-02 21:59:00.948189,AS6970,COMT,confirmed,0.878,0.2776,168.32,0,1
RU,whatsapp,2023-06-03 02:21:26.177235,AS46987,COMM,ok,0.0143,0.1242,186.0,1,0
AZ,web_connectivity,2023-06-03 06:43:51.406281,AS15061,NEWS,ok,0.0918,1.8864,53.08,1,0
TR,http_header_field_manipulation,2023-06-03 11:06:16.635327,AS32671,ECON,ok,0.0049,1.5668,109.86,0,0
TR,dns_consistency,2023-06-03 15:28:41.864372,AS32635,SRCH,confirmed,0.6247,0.1906,180.5,1,1
TR,http_header_field_manipulation,2023-06-03 19:51:07.093418,AS9939,LGBT,ok,0.0824,0.8626,244.79,1,0
CN,web_connectivity,2023-06-04 00:13:32.322464,AS6146,HUMR,ok,0.2737,0.3199,155.44,1,0
DE,web_connectivity,2023-06-04 04:35:57.551510,AS28647,POLR,ok,0.1912,0.1746,313.99,1,0
IN,facebook_messenger,2023-06-04 08:58:22.780556,AS41085,LGBT,ok,0.0921,0.0151,125.91,1,0
IN,whatsapp,2023-06-04 13:20:48.009601,AS58842,ECON,ok,0.0235,1.7816,63.99,1,0
UZ,web_connectivity,2023-06-04 17:43:13.238647,AS28910,COMM,ok,0.1046,1.8852,142.97,1,0
TR,facebook_messenger,2023-06-04 22:05:38.467693,AS25884,NEWS,confirmed,0.6942,0.5883,68.72,0,0
RU,web_connectivity,2023-06-05 02:28:03.696739,AS4099,NEWS,ok,,0.3081,97.43,1,0
IR,web_connectivity,2023-06-05 06:50:28.925785,AS58569,POLR,confirmed,,0.7777,82.45,0,1
EG,tcp_connect,2023-06-05 11:12:54.154830,AS50368,HUMR,ok,0.0468,0.1357,130.72,1,0
BR,web_connectivity,2023-06-05 15:35:19.383876,AS26441,POLR,ok,0.1662,0.2134,172.68,1,0
ID,web_connectivity,2023-06-05 19:57:44.612922,AS32635,POLR,ok,0.0212,0.6201,368.53,1,0
VN,web_connectivity,2023-06-06 00:20:09.841968,AS32635,NEWS,ok,0.1768,0.4095,106.63,1,0
CN,dns_consistency,2023-06-06 04:42:35.071014,AS59099,SRCH,ok,0.1881,0.3592,182.16,1,0
IR,web_connectivity,2023-06-06 09:05:00.300060,AS55961,COMT,anomaly,0.6304,0.1754,222.23,1,1
US,web_connectivity,2023-06-06 13:27:25.529105,AS54883,ANON,ok,0.0482,0.9109,172.69,1,0
VN,telegram,2023-06-06 17:49:50.758151,AS44761,NEWS,anomaly,0.4018,0.6757,65.07,0,1
IR,web_connectivity,2023-06-06 22:12:15.987197,AS1588,ECON,confirmed,0.4001,0.0309,159.47,1,0
NG,web_connectivity,2023-06-07 02:34:41.216243,AS2175,COMM,ok,0.0877,2.3444,423.63,0,0
AZ,tcp_connect,2023-06-07 06:57:06.445289,AS23227,ECON,ok,0.0057,0.6996,110.26,1,0
EG,web_connectivity,2023-06-07 11:19:31.674334,AS9939,REL,confirmed,,0.0298,144.55,0,0
VN,web_connectivity,2023-06-07 15:41:56.903380,AS23883,COMM,confirmed,0.2542,0.4377,5.0,0,1
MM,facebook_messenger,2023-06-07 20:04:22.132426,AS39530,REL,ok,0.2602,1.1401,134.65,1,1
IR,telegram,2023-06-08 00:26:47.361472,AS42135,ECON,anomaly,0.7955,0.9309,5.0,0,1
CN,web_connectivity,2023-06-08 04:49:12.590518,AS33842,REL,ok,0.1514,1.6103,222.24,0,0
RU,telegram,2023-06-08 09:11:37.819563,AS53867,HUMR,confirmed,0.8754,0.171,12.64,0,0
IR,telegram,2023-06-08 13:34:03.048609,AS41628,COMT,ok,0.0334,1.0246,32.34,1,0
UZ,http_header_field_manipulation,2023-06-08 17:56:28.277655,AS32671,COMM,failure,0.2847,0.6229,145.21,0,0
CN,dns_consistency,2023-06-08 22:18:53.506701,AS40389,COMM,anomaly,0.2995,2.3096,92.53,0,1
VN,web_connectivity,2023-06-09 02:41:18.735747,AS15539,HUMR,ok,0.0085,1.5503,5.0,1,0
VN,web_connectivity,2023-06-09 07:03:43.964792,AS52965,NEWS,confirmed,0.8616,0.6603,13.92,0,1
NG,http_header_field_manipulation,2023-06-09 11:26:09.193838,AS48048,LGBT,ok,0.3192,1.5073,84.35,1,0
BR,whatsapp,2023-06-09 15:48:34.422884,AS40389,COMM,ok,0.2665,0.6898,102.43,1,0
DE,http_header_field_manipulation,2023-06-09 20:10:59.651930,AS22895,SRCH,ok,0.0715,0.2628,56.48,1,0
IN,web_connectivity,2023-06-10 00:33:24.880976,AS28647,ECON,ok,0.0052,1.0715,5.0,0,0
UZ,web_connectivity,2023-06-10 04:55:50.110022,AS2072,HUMR,confirmed,0.2907,0.3821,88.39,0,1
RU,dns_consistency,2023-06-10 09:18:15.339067,AS59099,COMM,anomaly,0.7764,0.5853,282.16,0,1
RU,http_header_field_manipulation,2023-06-10 13:40:40.568113,AS57909,ECON,ok,0.0975,0.5072,47.05,1,0
US,web_connectivity,2023-06-10 18:03:05.797159,AS33842,REL,ok,,0.6602,105.53,1,0
TR,http_header_field_manipulation,2023-06-10 22:25:31.026205,AS50319,HUMR,ok,0.0171,1.0397,84.31,1,0
IN,tcp_connect,2023-06-11 02:47:56.255251,AS8947,ECON,ok,0.1286,0.9797,73.76,1,1
FR,web_connectivity,2023-06-11 07:10:21.484296,AS49724,ANON,ok,0.1038,0.8591,208.63,1,0
PK,web_connectivity,2023-06-11 11:32:46.713342,AS23227,HUMR,ok,0.433,0.3282,32.51,1,0
AZ,web_connectivity,2023-06-11 15:55:11.942388,AS40389,NEWS,ok,0.0252,1.4674,5.0,1,0
IN,telegram,2023-06-11 20:17:37.171434,AS20634,COMM,ok,0.0226,1.3533,5.0,1,0
CN,web_connectivity,2023-06-12 00:40:02.400480,AS54883,HUMR,anomaly,0.7725,0.1833,165.05,0,1
PK,dns_consistency,2023-06-12 05:02:27.629525,AS38379,SRCH,ok,0.0257,0.6476,,1,0
MM,tcp_connect,2023-06-12 09:24:52.858571,AS52615,COMM,anomaly,0.6665,2.4716,116.56,0,0
US,web_connectivity,2023-06-12 13:47:18.087617,AS29606,NEWS,ok,0.1242,1.7372,5.28,1,0
KZ,web_connectivity,2023-06-12 18:09:43.316663,AS58842,REL,anomaly,0.6682,1.3331,142.79,1,0
ID,http_header_field_manipulation,2023-06-12 22:32:08.545709,AS35011,SRCH,ok,0.0473,0.5991,35.8,1,0
DE,http_header_field_manipulation,2023-06-13 02:54:33.774754,AS17131,HUMR,ok,0.0083,0.1477,25.02,1,0
CN,web_connectivity,2023-06-13 07:16:59.003800,AS41628,NEWS,anomaly,0.3927,1.0212,149.98,0,0
US,web_connectivity,2023-06-13 11:39:24.232846,AS36237,NEWS,ok,0.2531,0.5489,14.69,1,1
FR,http_header_field_manipulation,2023-06-13 16:01:49.461892,AS23883,HUMR,ok,0.0464,0.8997,69.56,1,1
TR,http_header_field_manipulation,2023-06-13 20:24:14.690938,AS19111,REL,ok,0.0458,1.4566,43.21,1,0
NG,web_connectivity,2023-06-14 00:46:39.919984,AS42135,HUMR,ok,0.0965,1.498,193.61,1,0
VN,http_header_field_manipulation,2023-06-14 05:09:05.149029,AS15539,NEWS,anomaly,0.7968,0.682,102.4,0,0
CN,telegram,2023-06-14 09:31:30.378075,AS24775,LGBT,failure,0.6819,0.3952,833.75,0,1
BR,web_connectivity,2023-06-14 13:53:55.607121,AS13761,REL,ok,0.1093,0.3703,169.9,1,0
TR,dns_consistency,2023-06-14 18:16:20.836167,AS42772,COMT,ok,0.1592,1.1975,22.79,1,0
AZ,http_header_field_manipulation,2023-06-14 22:38:46.065213,AS9939,COMM,ok,0.2829,1.1353,10.42,1,0
EG,web_connectivity,2023-06-15 03:01:11.294258,AS55874,COMT,ok,0.3293,0.5122,88.3,1,1
BY,tcp_connect,2023-06-15 07:23:36.523304,AS51947,HUMR,ok,0.0506,0.1719,64.57,1,0
CN,whatsapp,2023-06-15 11:46:01.752350,AS42135,ANON,ok,0.0256,0.0455,5.0,1,0
RU,tcp_connect,2023-06-15 16:08:26.981396,AS23883,COMM,ok,0.219,0.3954,5.0,1,0
AZ,web_connectivity,2023-06-15 20:30:52.210442,AS25884,NEWS,confirmed,0.977,0.7914,87.39,1,1
IN,tcp_connect,2023-06-16 00:53:17.439487,AS10526,SRCH,ok,0.1686,0.6299,88.4,1,0
IR,web_connectivity,2023-06-16 05:15:42.668533,AS42135,COMM,anomaly,0.5713,0.5739,130.98,1,1
RU,web_connectivity,2023-06-16 09:38:07.897579,AS55374,COMT,confirmed,0.575,0.2271,248.05,0,0
US,web_connectivity,2023-06-16 14:00:33.126625,AS22895,ANON,ok,0.0348,1.2713,283.88,1,0
IR,telegram,2023-06-16 18:22:58.355671,AS26441,COMT,anomaly,0.5573,0.9366,66.15,0,0
BR,web_connectivity,2023-06-16 22:45:23.584716,AS35011,ECON,ok,0.1225,0.9294,102.89,1,0
EG,whatsapp,2023-06-17 03:07:48.813762,AS20553,NEWS,ok,0.3287,0.0181,,1,0
US,web_connectivity,2023-06-17 07:30:14.042808,AS24775,LGBT,ok,0.028,0.1432,182.52,1,0
KZ,tcp_connect,2023-06-17 11:52:39.271854,AS52615,SRCH,ok,0.2033,1.094,128.84,1,0
IR,web_connectivity,2023-06-17 16:15:04.500900,AS11241,LGBT,anomaly,0.7035,0.9066,53.44,1,0
US,web_connectivity,2023-06-17 20:37:29.729945,AS51947,ANON,ok,0.0937,0.6397,42.02,1,1
IR,vanilla_tor,2023-06-18 00:59:54.958991,AS26441,HUMR,failure,0.9284,0.6645,16.81,1,0
AZ,web_connectivity,2023-06-18 05:22:20.188037,AS28910,COMM,anomaly,0.8567,2.7629,53.91,0,1
TH,dns_consistency,2023-06-18 09:44:45.417083,AS44761,REL,ok,0.4055,0.9435,73.91,1,0
IN,whatsapp,2023-06-18 14:07:10.646129,AS40389,COMM,ok,0.1369,0.8965,43.9,1,0
TR,tcp_connect,2023-06-18 18:29:35.875175,AS4899,NEWS,anomaly,,0.9548,111.01,1,0
CN,dns_consistency,2023-06-18 22:52:01.104220,AS29338,HUMR,confirmed,0.4818,0.1307,156.45,0,1
AZ,http_header_field_manipulation,2023-06-19 03:14:26.333266,AS25884,COMT,ok,0.2203,0.6225,18.86,1,0
VN,http_header_field_manipulation,2023-06-19 07:36:51.562312,AS25294,NEWS,anomaly,0.5836,1.7431,12.18,1,0
KZ,web_connectivity,2023-06-19 11:59:16.791358,AS20553,HUMR,ok,0.0386,0.4249,101.27,1,0
IR,web_connectivity,2023-06-19 16:21:42.020404,AS25983,ANON,anomaly,0.6244,0.2123,173.81,1,1
DE,web_connectivity,2023-06-19 20:44:07.249449,AS28910,SRCH,ok,0.211,0.9743,170.36,1,0
VN,web_connectivity,2023-06-20 01:06:32.478495,AS25581,NEWS,ok,,1.078,79.0,1,0
KZ,web_connectivity,2023-06-20 05:28:57.707541,AS23227,NEWS,ok,0.0958,0.4134,36.06,1,0
IN,web_connectivity,2023-06-20 09:51:22.936587,AS2072,HUMR,ok,0.094,0.8007,134.54,1,0
TR,web_connectivity,2023-06-20 14:13:48.165633,AS32635,POLR,ok,0.118,1.6784,36.22,1,0
UZ,web_connectivity,2023-06-20 18:36:13.394678,AS57909,REL,ok,0.028,1.0186,,1,0
RU,dns_consistency,2023-06-20 22:58:38.623724,AS7926,POLR,ok,0.0692,1.3334,78.94,1,0
DE,web_connectivity,2023-06-21 03:21:03.852770,AS28647,COMT,ok,0.1245,0.1496,499.07,1,0
DE,tcp_connect,2023-06-21 07:43:29.081816,AS9939,SRCH,ok,0.0659,0.3457,54.14,1,0
IR,whatsapp,2023-06-21 12:05:54.310862,AS4099,ECON,ok,0.1115,0.9616,75.54,1,0
IN,web_connectivity,2023-06-21 16:28:19.539907,AS23227,ANON,ok,0.0486,1.9633,221.65,1,0
EG,web_connectivity,2023-06-21 20:50:44.768953,AS38379,REL,ok,0.1634,0.6795,331.08,0,0
IN,tcp_connect,2023-06-22 01:13:09.997999,AS2072,COMT,ok,0.0968,0.223,196.06,1,0
TR,telegram,2023-06-22 05:35:35.227045,AS4099,POLR,failure,0.6045,0.8405,767.96,1,1
MM,web_connectivity,2023-06-22 09:58:00.456091,AS42135,COMM,ok,0.1968,0.1981,299.22,1,0
FR,web_connectivity,2023-06-22 14:20:25.685137,AS9939,LGBT,ok,0.0068,0.5082,138.72,1,0
PK,web_connectivity,2023-06-22 18:42:50.914182,AS2072,COMT,ok,0.2517,0.4544,40.73,1,0
BY,http_header_field_manipulation,2023-06-22 23:05:16.143228,AS20553,COMM,failure,0.803,0.3638,2457.96,1,1
TH,facebook_messenger,2023-06-23 03:27:41.372274,AS2592,POLR,ok,0.0276,0.6053,96.59,1,0
MM,tcp_connect,2023-06-23 07:50:06.601320,AS38379,COMM,ok,0.002,1.5832,18.25,1,0
FR,dns_consistency,2023-06-23 12:12:31.830366,AS7926,SRCH,ok,0.0078,1.5507,22.25,1,0
PK,http_header_field_manipulation,2023-06-23 16:34:57.059411,AS46987,SRCH,ok,0.1953,0.9707,101.16,1,0
VN,web_connectivity,2023-06-23 20:57:22.288457,AS50368,ECON,ok,0.0015,0.5779,226.68,1,0
VN,http_header_field_manipulation,2023-06-24 01:19:47.517503,AS15539,POLR,ok,,1.9941,536.19,1,0
KZ,web_connectivity,2023-06-24 05:42:12.746549,AS25294,LGBT,ok,0.0153,1.1695,5.0,1,0
VN,web_connectivity,2023-06-24 10:04:37.975595,AS29606,LGBT,ok,0.2306,0.6712,212.43,1,0
PK,web_connectivity,2023-06-24 14:27:03.204640,AS51947,SRCH,ok,0.0047,0.1737,31.76,1,0
CN,http_header_field_manipulation,2023-06-24 18:49:28.433686,AS45204,REL,ok,0.0713,0.2767,127.92,1,0
UZ,tcp_connect,2023-06-24 23:11:53.662732,AS25294,ANON,ok,0.1338,0.8197,33.15,1,1
DE,dns_consistency,2023-06-25 03:34:18.891778,AS4899,COMT,ok,0.1155,2.0202,,1,0
IR,web_connectivity,2023-06-25 07:56:44.120824,AS28647,ANON,ok,,0.4541,102.35,1,0
MM,web_connectivity,2023-06-25 12:19:09.349869,AS58945,SRCH,ok,0.0561,0.4077,274.34,1,0
TR,web_connectivity,2023-06-25 16:41:34.578915,AS29338,SRCH,anomaly,0.6146,0.1666,114.78,0,0
IR,web_connectivity,2023-06-25 21:03:59.807961,AS28910,LGBT,failure,0.5014,0.4373,436.62,0,1
CN,web_connectivity,2023-06-26 01:26:25.037007,AS46987,ECON,anomaly,0.5624,0.9871,249.56,0,0
RU,web_connectivity,2023-06-26 05:48:50.266053,AS49977,ECON,confirmed,0.6685,0.1365,5.0,0,0
RU,tcp_connect,2023-06-26 10:11:15.495099,AS50368,ANON,confirmed,0.2662,0.2438,,1,1
BR,http_header_field_manipulation,2023-06-26 14:33:40.724144,AS2175,LGBT,anomaly,0.9211,0.7624,5.0,0,1
AZ,web_connectivity,2023-06-26 18:56:05.953190,AS42135,HUMR,anomaly,0.3183,0.6252,55.97,0,0
DE,dns_consistency,2023-06-26 23:18:31.182236,AS41628,HUMR,ok,0.2281,0.2233,91.84,1,0
NG,web_connectivity,2023-06-27 03:40:56.411282,AS26441,COMT,ok,0.1418,1.1096,15.22,1,0
MM,web_connectivity,2023-06-27 08:03:21.640328,AS17131,LGBT,anomaly,0.8185,0.8978,32.08,1,1
TR,whatsapp,2023-06-27 12:25:46.869373,AS4263,REL,ok,0.0594,1.7728,5.0,1,0
VN,http_header_field_manipulation,2023-06-27 16:48:12.098419,AS24775,SRCH,ok,0.0684,1.0452,57.51,1,0
TR,web_connectivity,2023-06-27 21:10:37.327465,AS2175,ANON,ok,0.0008,0.0536,71.03,1,0
NG,whatsapp,2023-06-28 01:33:02.556511,AS46987,COMM,anomaly,0.1246,1.1032,162.79,0,0
CN,http_header_field_manipulation,2023-06-28 05:55:27.785557,AS2175,SRCH,anomaly,0.5118,1.2766,723.05,0,1
FR,dns_consistency,2023-06-28 10:17:53.014602,AS51222,LGBT,ok,0.0939,0.0194,26.58,1,1
RU,http_header_field_manipulation,2023-06-28 14:40:18.243648,AS50368,ECON,anomaly,0.2243,0.6306,159.66,0,1
US,web_connectivity,2023-06-28 19:02:43.472694,AS35011,REL,ok,0.0116,0.873,41.81,0,0
TR,dns_consistency,2023-06-28 23:25:08.701740,AS25294,SRCH,ok,0.1307,0.8583,219.09,1,0
NG,http_header_field_manipulation,2023-06-29 03:47:33.930786,AS33842,POLR,anomaly,0.5962,2.7981,36.14,0,1
IN,telegram,2023-06-29 08:09:59.159831,AS17131,LGBT,confirmed,0.8352,0.5092,37.35,0,1
TR,web_connectivity,2023-06-29 12:32:24.388877,AS18345,LGBT,confirmed,0.8077,0.0986,77.28,1,1
CN,web_connectivity,2023-06-29 16:54:49.617923,AS49977,COMT,anomaly,0.9542,1.1262,763.67,0,1
IR,telegram,2023-06-29 21:17:14.846969,AS41369,ANON,ok,0.252,0.5513,74.09,1,0
MM,web_connectivity,2023-06-30 01:39:40.076015,AS48048,COMT,failure,0.3291,1.6554,36.29,0,1
CN,tcp_connect,2023-06-30 06:02:05.305061,AS1588,COMT,confirmed,0.6468,0.6481,102.53,0,1
PK,web_connectivity,2023-06-30 10:24:30.534106,AS55961,SRCH,anomaly,0.8429,1.1837,270.13,1,1
DE,web_connectivity,2023-06-30 14:46:55.763152,AS19111,ANON,ok,0.1773,1.1505,195.44,1,0
RU,web_connectivity,2023-06-30 19:09:20.992198,AS55374,HUMR,anomaly,0.8031,1.0339,232.04,1,1
IR,tcp_connect,2023-06-30 23:31:46.221244,AS32635,NEWS,confirmed,0.4846,0.0411,50.03,0,1
KZ,web_connectivity,2023-07-01 03:54:11.450290,AS7926,COMM,ok,0.0265,1.2939,5.0,1,0
NG,web_connectivity,2023-07-01 08:16:36.679335,AS52965,ECON,ok,0.0506,0.1507,165.43,1,0
IR,web_connectivity,2023-07-01 12:39:01.908381,AS41085,ECON,confirmed,0.5369,0.7896,37.54,0,0
EG,web_connectivity,2023-07-01 17:01:27.137427,AS11241,COMM,anomaly,,1.3756,109.81,0,0
BY,dns_consistency,2023-07-01 21:23:52.366473,AS2175,HUMR,ok,0.0364,0.6247,52.89,1,1
TR,web_connectivity,2023-07-02 01:46:17.595519,AS53867,POLR,ok,0.0293,0.7653,31.82,1,0
BR,web_connectivity,2023-07-02 06:08:42.824564,AS41628,COMT,ok,0.0488,0.0327,344.35,1,1
TR,web_connectivity,2023-07-02 10:31:08.053610,AS52615,LGBT,ok,0.0692,0.3068,152.19,1,0
RU,http_header_field_manipulation,2023-07-02 14:53:33.282656,AS6146,ANON,confirmed,0.3097,0.2761,89.11,0,1
IN,web_connectivity,2023-07-02 19:15:58.511702,AS51947,COMM,ok,0.1366,0.0469,98.7,1,0
PK,dns_consistency,2023-07-02 23:38:23.740748,AS10526,COMT,confirmed,0.3717,0.2237,61.1,0,1
DE,web_connectivity,2023-07-03 04:00:48.969793,AS55961,NEWS,ok,0.1516,1.7997,48.86,0,0
IN,web_connectivity,2023-07-03 08:23:14.198839,AS22895,COMM,ok,0.2589,0.5867,396.97,1,0
IN,whatsapp,2023-07-03 12:45:39.427885,AS45204,POLR,ok,0.1365,0.8863,97.66,1,0
DE,telegram,2023-07-03 17:08:04.656931,AS10526,ANON,ok,0.2835,0.1544,117.37,1,0
TR,web_connectivity,2023-07-03 21:30:29.885977,AS40389,NEWS,ok,,0.9428,8.8,1,0
NG,http_header_field_manipulation,2023-07-04 01:52:55.115023,AS19698,POLR,ok,0.041,0.4549,50.08,1,0
RU,http_header_field_manipulation,2023-07-04 06:15:20.344068,AS9939,ANON,ok,0.0839,0.4408,78.7,1,0
MM,whatsapp,2023-07-04 10:37:45.573114,AS44761,NEWS,ok,0.1614,0.193,300.64,1,0
IR,telegram,2023-07-04 15:00:10.802160,AS1588,HUMR,anomaly,0.3276,0.9666,413.67,0,0
NG,dns_consistency,2023-07-04 19:22:36.031206,AS51947,POLR,ok,0.0522,0.254,178.51,1,0
DE,vanilla_tor,2023-07-04 23:45:01.260252,AS15631,COMT,ok,0.2431,0.4509,191.72,1,0
PK,facebook_messenger,2023-07-05 04:07:26.489297,AS22453,ANON,confirmed,0.5051,0.9101,5.0,1,0
BY,dns_consistency,2023-07-05 08:29:51.718343,AS36237,ANON,ok,0.1405,0.6391,272.67,1,0
CN,dns_consistency,2023-07-05 12:52:16.947389,AS4099,POLR,ok,0.0615,0.3017,345.08,1,0
VN,http_header_field_manipulation,2023-07-05 17:14:42.176435,AS4899,REL,ok,0.1392,1.1513,56.44,1,0
IR,web_connectivity,2023-07-05 21:37:07.405481,AS17131,REL,ok,0.0346,1.2518,61.67,1,0
IR,http_header_field_manipulation,2023-07-06 01:59:32.634526,AS29606,HUMR,ok,,0.3774,27.28,1,1
TH,dns_consistency,2023-07-06 06:21:57.863572,AS55374,COMT,ok,0.3161,0.1531,170.3,1,0
IR,web_connectivity,2023-07-06 10:44:23.092618,AS35011,NEWS,failure,,0.3419,114.64,1,1
CN,whatsapp,2023-07-06 15:06:48.321664,AS42135,ANON,ok,0.0815,0.5924,131.85,1,0
IR,facebook_messenger,2023-07-06 19:29:13.550710,AS22895,COMM,confirmed,0.5106,0.4085,262.16,1,1
DE,web_connectivity,2023-07-06 23:51:38.779755,AS17131,COMT,ok,0.0463,0.7647,18.45,1,0
UZ,tcp_connect,2023-07-07 04:14:04.008801,AS29338,COMT,ok,0.0679,1.1567,56.58,1,0
CN,web_connectivity,2023-07-07 08:36:29.237847,AS50368,SRCH,ok,0.0667,0.8091,16.31,1,0
US,dns_consistency,2023-07-07 12:58:54.466893,AS51222,COMM,ok,0.0781,0.2456,224.09,1,0
IN,dns_consistency,2023-07-07 17:21:19.695939,AS39530,LGBT,anomaly,0.6354,0.6365,39.18,0,1
TR,dns_consistency,2023-07-07 21:43:44.924985,AS2592,ECON,ok,0.2743,0.5684,242.17,1,0
BR,dns_consistency,2023-07-08 02:06:10.154030,AS4899,COMM,ok,0.0269,0.3762,69.11,1,0
BR,whatsapp,2023-07-08 06:28:35.383076,AS35044,COMM,ok,0.0374,0.7519,22.32,1,0
TR,http_header_field_manipulation,2023-07-08 10:51:00.612122,AS2592,REL,ok,0.1737,0.4461,20.18,1,0
AZ,web_connectivity,2023-07-08 15:13:25.841168,AS25581,HUMR,ok,0.0114,0.9103,37.86,1,0
RU,http_header_field_manipulation,2023-07-08 19:35:51.070214,AS42135,COMT,anomaly,0.8699,0.0867,41.2,0,1
RU,facebook_messenger,2023-07-08 23:58:16.299259,AS41369,REL,anomaly,0.8876,1.3752,12.43,1,1
FR,web_connectivity,2023-07-09 04:20:41.528305,AS8947,POLR,ok,0.0925,1.2543,194.06,1,0
PK,web_connectivity,2023-07-09 08:43:06.757351,AS51947,COMT,ok,0.3631,0.9057,59.88,1,0
MM,whatsapp,2023-07-09 13:05:31.986397,AS58842,NEWS,ok,0.2523,2.2018,,1,0
NG,tcp_connect,2023-07-09 17:27:57.215443,AS8947,ECON,ok,0.3817,0.2742,215.56,1,0
IN,telegram,2023-07-09 21:50:22.444488,AS41085,ANON,failure,0.8183,0.1093,,1,0
NG,web_connectivity,2023-07-10 02:12:47.673534,AS11241,NEWS,ok,0.0533,0.5941,5.0,1,0
RU,whatsapp,2023-07-10 06:35:12.902580,AS22895,NEWS,ok,0.0932,0.8753,7.41,1,0
PK,tcp_connect,2023-07-10 10:57:38.131626,AS47656,SRCH,ok,0.0203,0.4988,53.85,1,0
US,tcp_connect,2023-07-10 15:20:03.360672,AS19698,ANON,ok,0.0338,0.066,326.64,1,0
ID,dns_consistency,2023-07-10 19:42:28.589717,AS33842,ANON,ok,0.4436,1.28,68.1,1,1
NG,web_connectivity,2023-07-11 00:04:53.818763,AS25581,HUMR,ok,0.0556,2.1199,129.77,1,0
IR,dns_consistency,2023-07-11 04:27:19.047809,AS19111,ECON,failure,0.3628,1.5768,588.24,0,0
DE,web_connectivity,2023-07-11 08:49:44.276855,AS53867,REL,ok,0.0342,1.1192,113.03,1,0
RU,dns_consistency,2023-07-11 13:12:09.505901,AS20553,ANON,ok,0.3585,1.5217,5.0,1,0
PK,tcp_connect,2023-07-11 17:34:34.734946,AS2592,POLR,ok,0.1563,0.9999,328.28,1,0
US,dns_consistency,2023-07-11 21:56:59.963992,AS10526,COMM,ok,0.2754,0.7228,52.38,1,0
IN,web_connectivity,2023-07-12 02:19:25.193038,AS59099,SRCH,ok,0.0139,0.8115,6.52,1,0
ID,dns_consistency,2023-07-12 06:41:50.422084,AS17131,SRCH,ok,0.0458,1.8702,170.28,1,0
TH,web_connectivity,2023-07-12 11:04:15.651130,AS58945,ANON,ok,0.1513,0.5135,274.76,1,0
ID,web_connectivity,2023-07-12 15:26:40.880176,AS38379,LGBT,ok,0.1729,0.7799,129.31,1,0
CN,web_connectivity,2023-07-12 19:49:06.109221,AS9939,SRCH,ok,0.1309,0.5108,54.37,1,0
EG,tcp_connect,2023-07-13 00:11:31.338267,AS6970,COMM,ok,0.1308,0.8089,499.94,1,0
TH,whatsapp,2023-07-13 04:33:56.567313,AS47656,COMT,anomaly,0.6325,0.0032,5.0,1,1
BR,dns_consistency,2023-07-13 08:56:21.796359,AS9939,HUMR,ok,0.0874,1.0161,42.54,1,0
CN,whatsapp,2023-07-13 13:18:47.025405,AS22453,LGBT,failure,0.4269,1.0264,333.21,0,1
MM,web_connectivity,2023-07-13 17:41:12.254450,AS51947,COMM,ok,0.0561,0.9726,28.79,1,0
AZ,facebook_messenger,2023-07-13 22:03:37.483496,AS52615,POLR,ok,0.0191,1.7289,72.27,1,0
EG,telegram,2023-07-14 02:26:02.712542,AS25294,ANON,ok,0.0204,1.3029,87.71,1,0
TR,dns_consistency,2023-07-14 06:48:27.941588,AS13761,ECON,ok,0.1259,1.9114,17.97,1,0
CN,web_connectivity,2023-07-14 11:10:53.170634,AS26441,COMM,ok,0.1736,1.134,5.0,1,0
NG,dns_consistency,2023-07-14 15:33:18.399679,AS33842,REL,ok,0.0641,0.2829,107.67,1,0
DE,web_connectivity,2023-07-14 19:55:43.628725,AS58945,SRCH,ok,0.0122,0.0941,80.94,1,0
VN,http_header_field_manipulation,2023-07-15 00:18:08.857771,AS38379,HUMR,ok,0.157,1.0088,246.67,1,1
IR,web_connectivity,2023-07-15 04:40:34.086817,AS36237,REL,anomaly,0.2807,0.2522,5.0,0,1
IR,dns_consistency,2023-07-15 09:02:59.315863,AS29606,SRCH,ok,0.2564,2.0894,56.51,1,0
IN,web_connectivity,2023-07-15 13:25:24.544908,AS4263,ECON,ok,0.0648,1.164,28.11,1,0
CN,web_connectivity,2023-07-15 17:47:49.773954,AS28647,HUMR,anomaly,0.6829,0.6369,5.0,0,0
NG,web_connectivity,2023-07-15 22:10:15.003000,AS18345,NEWS,ok,0.1103,1.496,46.63,1,0
IN,web_connectivity,2023-07-16 02:32:40.232046,AS25581,LGBT,ok,0.0841,0.3689,232.27,1,0
VN,http_header_field_manipulation,2023-07-16 06:55:05.461092,AS20634,HUMR,ok,0.1005,0.3376,37.62,0,0
PK,web_connectivity,2023-07-16 11:17:30.690138,AS50319,COMM,ok,0.1487,0.2681,282.96,1,0
IR,http_header_field_manipulation,2023-07-16 15:39:55.919183,AS4263,COMM,ok,0.0912,0.4419,119.12,1,0
UZ,http_header_field_manipulation,2023-07-16 20:02:21.148229,AS40389,POLR,ok,0.0587,0.6807,5.0,1,0
MM,web_connectivity,2023-07-17 00:24:46.377275,AS52615,ECON,anomaly,0.7074,1.9144,27.51,1,0
NG,web_connectivity,2023-07-17 04:47:11.606321,AS45204,NEWS,ok,0.0673,1.8682,10.25,1,0
KZ,dns_consistency,2023-07-17 09:09:36.835367,AS28910,HUMR,ok,0.0722,0.8478,7.27,1,0
CN,telegram,2023-07-17 13:32:02.064412,AS22453,COMT,anomaly,0.6875,0.1335,132.56,1,0
IN,web_connectivity,2023-07-17 17:54:27.293458,AS24775,LGBT,ok,0.0113,0.4176,5.0,1,0
RU,dns_consistency,2023-07-17 22:16:52.522504,AS25884,POLR,failure,0.4526,0.1483,131.42,1,0
DE,tcp_connect,2023-07-18 02:39:17.751550,AS55374,ECON,ok,0.0082,0.7887,123.58,1,0
US,tcp_connect,2023-07-18 07:01:42.980596,AS23227,COMM,ok,0.1469,0.3608,126.77,1,0
NG,telegram,2023-07-18 11:24:08.209641,AS2072,ECON,ok,0.1758,1.8933,262.0,1,0
RU,dns_consistency,2023-07-18 15:46:33.438687,AS36237,LGBT,ok,0.1447,0.7361,22.92,1,0
RU,web_connectivity,2023-07-18 20:08:58.667733,AS59099,HUMR,anomaly,0.5707,1.243,34.98,0,1
IN,tcp_connect,2023-07-19 00:31:23.896779,AS52615,POLR,ok,0.13,0.5011,38.98,1,0
IR,web_connectivity,2023-07-19 04:53:49.125825,AS19698,LGBT,ok,0.0487,1.2299,61.25,1,0
PK,web_connectivity,2023-07-19 09:16:14.354870,AS58842,NEWS,ok,,1.5077,248.24,1,0
VN,http_header_field_manipulation,2023-07-19 13:38:39.583916,AS41628,COMT,confirmed,0.62,0.0785,29.47,1,0
TR,http_header_field_manipulation,2023-07-19 18:01:04.812962,AS25581,COMT,confirmed,0.5388,0.2338,65.78,0,1
RU,tcp_connect,2023-07-19 22:23:30.042008,AS13266,ANON,ok,0.098,1.3239,225.54,1,0
IR,web_connectivity,2023-07-20 02:45:55.271054,AS19698,SRCH,anomaly,0.366,0.884,49.46,0,0
VN,vanilla_tor,2023-07-20 07:08:20.500100,AS7926,LGBT,ok,0.2617,1.1101,23.89,0,0
FR,web_connectivity,2023-07-20 11:30:45.729145,AS22453,POLR,ok,0.1146,0.0244,23.78,0,0
TR,web_connectivity,2023-07-20 15:53:10.958191,AS35044,POLR,confirmed,0.3695,0.1224,326.11,0,0
MM,http_header_field_manipulation,2023-07-20 20:15:36.187237,AS2175,LGBT,ok,,1.0066,237.36,1,0
AZ,telegram,2023-07-21 00:38:01.416283,AS47656,SRCH,ok,0.3917,0.2804,41.99,1,0
RU,dns_consistency,2023-07-21 05:00:26.645329,AS50368,HUMR,anomaly,0.7535,0.2471,175.35,0,1
UZ,dns_consistency,2023-07-21 09:22:51.874374,AS13761,SRCH,ok,0.0426,0.6691,432.18,1,0
DE,dns_consistency,2023-07-21 13:45:17.103420,AS23883,COMT,ok,0.0441,2.4293,28.22,1,0
ID,web_connectivity,2023-07-21 18:07:42.332466,AS2175,REL,anomaly,0.5761,0.6147,150.06,1,1
US,http_header_field_manipulation,2023-07-21 22:30:07.561512,AS35044,LGBT,ok,0.1799,0.5338,31.75,1,0
CN,web_connectivity,2023-07-22 02:52:32.790558,AS50319,ANON,anomaly,0.3131,1.1387,117.15,0,1
FR,telegram,2023-07-22 07:14:58.019603,AS45204,COMT,ok,0.0272,0.5885,67.94,1,1
CN,web_connectivity,2023-07-22 11:37:23.248649,AS4263,ECON,anomaly,0.7515,0.7745,104.17,0,0
KZ,web_connectivity,2023-07-22 15:59:48.477695,AS29338,HUMR,ok,0.0384,1.572,124.34,1,0
IR,dns_consistency,2023-07-22 20:22:13.706741,AS25581,ECON,ok,0.2089,0.8583,159.37,1,0
VN,dns_consistency,2023-07-23 00:44:38.935787,AS6146,HUMR,ok,0.0172,0.5267,275.01,1,0
IN,web_connectivity,2023-07-23 05:07:04.164832,AS15631,REL,ok,0.1033,0.5666,14.38,1,0
FR,web_connectivity,2023-07-23 09:29:29.393878,AS51947,SRCH,ok,0.1929,0.4109,64.69,1,0
IR,web_connectivity,2023-07-23 13:51:54.622924,AS52615,ECON,confirmed,0.255,0.2816,5.0,0,1
IN,whatsapp,2023-07-23 18:14:19.851970,AS41085,REL,ok,0.0779,0.0322,51.97,1,0
NG,web_connectivity,2023-07-23 22:36:45.081016,AS58569,ECON,ok,0.0667,0.8562,59.93,1,0
FR,dns_consistency,2023-07-24 02:59:10.310062,AS42135,COMM,ok,0.0763,0.7822,59.1,1,0
TR,dns_consistency,2023-07-24 07:21:35.539107,AS9939,ANON,failure,0.8404,1.0237,1916.46,0,1
IN,dns_consistency,2023-07-24 11:44:00.768153,AS2592,REL,ok,0.0985,1.7437,187.29,1,0
DE,http_header_field_manipulation,2023-07-24 16:06:25.997199,AS48048,REL,ok,0.2218,0.0133,8.32,1,0
CN,http_header_field_manipulation,2023-07-24 20:28:51.226245,AS58653,HUMR,confirmed,0.7487,0.2913,67.26,1,1
MM,web_connectivity,2023-07-25 00:51:16.455291,AS51947,COMT,ok,0.1528,1.2024,250.1,1,0
RU,dns_consistency,2023-07-25 05:13:41.684336,AS2072,COMT,anomaly,0.3764,0.5117,25.95,0,0
EG,web_connectivity,2023-07-25 09:36:06.913382,AS11241,HUMR,confirmed,0.7828,0.1461,63.5,0,1
US,dns_consistency,2023-07-25 13:58:32.142428,AS15631,ECON,ok,0.0108,0.3999,209.73,1,0
CN,web_connectivity,2023-07-25 18:20:57.371474,AS15631,COMM,confirmed,0.8392,0.4066,46.18,1,0
US,web_connectivity,2023-07-25 22:43:22.600520,AS48048,NEWS,ok,0.0459,0.294,228.25,1,0
BY,tcp_connect,2023-07-26 03:05:47.829565,AS19111,ANON,anomaly,0.9078,0.8784,5.0,0,1
DE,web_connectivity,2023-07-26 07:28:13.058611,AS34008,ANON,ok,0.2683,1.1652,81.6,1,0
IR,telegram,2023-07-26 11:50:38.287657,AS28647,ECON,confirmed,0.4849,0.0637,392.58,0,0
RU,web_connectivity,2023-07-26 16:13:03.516703,AS38379,ANON,ok,0.1284,1.926,93.31,1,1
PK,vanilla_tor,2023-07-26 20:35:28.745749,AS40389,HUMR,ok,0.1848,0.7361,267.61,1,0
TR,dns_consistency,2023-07-27 00:57:53.974794,AS25581,POLR,failure,0.2725,0.7697,1772.28,0,0
TH,web_connectivity,2023-07-27 05:20:19.203840,AS6146,SRCH,ok,0.1219,0.2328,58.15,1,0
NG,web_connectivity,2023-07-27 09:42:44.432886,AS48048,NEWS,ok,0.0629,1.6029,294.2,1,0
DE,web_connectivity,2023-07-27 14:05:09.661932,AS57909,SRCH,ok,0.0796,0.4873,33.48,1,0
BR,web_connectivity,2023-07-27 18:27:34.890978,AS42135,SRCH,confirmed,0.2548,0.0848,76.29,1,1
DE,web_connectivity,2023-07-27 22:50:00.120024,AS59099,COMM,ok,0.0048,0.1894,264.23,1,0
KZ,web_connectivity,2023-07-28 03:12:25.349069,AS22453,REL,ok,0.1075,0.8381,29.48,1,0
DE,web_connectivity,2023-07-28 07:34:50.578115,AS35011,REL,ok,0.0907,2.2848,181.69,1,0
IR,web_connectivity,2023-07-28 11:57:15.807161,AS41628,LGBT,anomaly,0.7018,0.5572,5.0,0,0
BR,web_connectivity,2023-07-28 16:19:41.036207,AS6146,HUMR,failure,0.8356,1.3959,660.77,0,1
NG,http_header_field_manipulation,2023-07-28 20:42:06.265253,AS19698,ANON,ok,0.0392,0.0539,207.25,1,0
PK,web_connectivity,2023-07-29 01:04:31.494298,AS24775,NEWS,ok,0.1978,1.4547,137.67,1,0
TH,telegram,2023-07-29 05:26:56.723344,AS58945,ANON,ok,0.0896,0.4714,378.82,1,0
DE,dns_consistency,2023-07-29 09:49:21.952390,AS58653,ECON,ok,0.1181,1.7542,148.49,1,0
TR,http_header_field_manipulation,2023-07-29 14:11:47.181436,AS58569,POLR,anomaly,0.4933,0.2846,44.19,0,0
US,web_connectivity,2023-07-29 18:34:12.410482,AS55874,COMM,ok,0.1431,0.4715,64.63,1,0
KZ,dns_consistency,2023-07-29 22:56:37.639527,AS29338,COMM,ok,0.0237,0.0705,118.73,1,0
FR,web_connectivity,2023-07-30 03:19:02.868573,AS29606,POLR,ok,0.2046,1.2216,7.61,1,0
FR,telegram,2023-07-30 07:41:28.097619,AS13266,ANON,ok,0.1218,0.5765,65.54,0,0
CN,whatsapp,2023-07-30 12:03:53.326665,AS52965,REL,anomaly,0.8423,1.4313,57.34,1,1
US,http_header_field_manipulation,2023-07-30 16:26:18.555711,AS4099,LGBT,ok,0.0354,0.3166,78.13,1,0
CN,tcp_connect,2023-07-30 20:48:43.784756,AS42135,HUMR,failure,0.6968,1.3594,125.59,0,1
IN,http_header_field_manipulation,2023-07-31 01:11:09.013802,AS23227,POLR,ok,0.0661,0.3151,324.42,1,0
RU,web_connectivity,2023-07-31 05:33:34.242848,AS29338,NEWS,failure,0.3594,0.1177,1927.39,0,1
IR,http_header_field_manipulation,2023-07-31 09:55:59.471894,AS41369,ANON,failure,0.4059,0.0618,470.84,1,0
IN,web_connectivity,2023-07-31 14:18:24.700940,AS40389,REL,ok,0.3363,1.5357,129.29,1,0
IN,http_header_field_manipulation,2023-07-31 18:40:49.929986,AS10526,HUMR,ok,0.0176,2.3949,33.48,1,0
CN,web_connectivity,2023-07-31 23:03:15.159031,AS54883,POLR,ok,0.0639,0.2303,25.95,1,0
CN,web_connectivity,2023-08-01 03:25:40.388077,AS19111,POLR,failure,0.1251,1.2863,101.06,0,0
PK,dns_consistency,2023-08-01 07:48:05.617123,AS7926,COMM,confirmed,0.8732,0.6966,29.85,0,1
TR,web_connectivity,2023-08-01 12:10:30.846169,AS11241,ECON,failure,0.2328,1.7257,926.77,0,1
EG,http_header_field_manipulation,2023-08-01 16:32:56.075215,AS54883,COMM,failure,0.3646,1.9073,99.62,0,0
IN,dns_consistency,2023-08-01 20:55:21.304260,AS35011,NEWS,ok,0.1537,0.4458,87.76,1,0
MM,facebook_messenger,2023-08-02 01:17:46.533306,AS41369,POLR,ok,0.1041,1.0563,8.93,0,0
IR,web_connectivity,2023-08-02 05:40:11.762352,AS55874,NEWS,confirmed,0.7566,0.7217,22.7,0,1
IR,tcp_connect,2023-08-02 10:02:36.991398,AS13266,REL,ok,0.0,1.6573,196.78,1,0
VN,whatsapp,2023-08-02 14:25:02.220444,AS2175,COMM,ok,0.0052,1.8133,56.74,1,0
UZ,web_connectivity,2023-08-02 18:47:27.449489,AS23883,ANON,ok,0.006,1.7387,61.28,1,0
IR,tcp_connect,2023-08-02 23:09:52.678535,AS9939,COMM,ok,0.1352,0.4329,124.21,1,0
RU,web_connectivity,2023-08-03 03:32:17.907581,AS23227,POLR,ok,0.077,0.8562,127.57,1,0
TH,web_connectivity,2023-08-03 07:54:43.136627,AS51947,POLR,ok,0.3021,0.6356,40.93,1,0
IR,web_connectivity,2023-08-03 12:17:08.365673,AS41369,NEWS,anomaly,0.6368,0.2848,,0,1
CN,tcp_connect,2023-08-03 16:39:33.594718,AS48048,ANON,anomaly,,0.6786,287.9,0,1
UZ,web_connectivity,2023-08-03 21:01:58.823764,AS59099,COMM,ok,0.1261,0.397,5.8,1,0
MM,web_connectivity,2023-08-04 01:24:24.052810,AS32671,POLR,confirmed,0.4156,0.2706,237.36,0,0
TR,dns_consistency,2023-08-04 05:46:49.281856,AS49724,ANON,confirmed,0.2802,0.266,162.0,1,1
ID,web_connectivity,2023-08-04 10:09:14.510902,AS41628,ECON,ok,,0.2037,246.59,1,0
BR,http_header_field_manipulation,2023-08-04 14:31:39.739947,AS38379,NEWS,ok,0.0471,0.0701,288.42,1,0
RU,web_connectivity,2023-08-04 18:54:04.968993,AS20553,COMM,ok,0.0675,1.0521,35.43,1,0
EG,web_connectivity,2023-08-04 23:16:30.198039,AS51222,COMT,anomaly,0.9087,0.2988,75.21,0,0
US,web_connectivity,2023-08-05 03:38:55.427085,AS42135,COMT,ok,0.0954,0.5882,36.97,1,0
BR,dns_consistency,2023-08-05 08:01:20.656131,AS40389,NEWS,ok,0.1179,0.0379,34.73,1,0
FR,whatsapp,2023-08-05 12:23:45.885177,AS25294,LGBT,ok,0.0286,0.7451,14.37,1,0
IR,dns_consistency,2023-08-05 16:46:11.114222,AS33842,REL,anomaly,0.1296,1.5235,114.41,1,0
VN,telegram,2023-08-05 21:08:36.343268,AS59099,HUMR,failure,0.4511,1.0136,324.33,0,1
DE,web_connectivity,2023-08-06 01:31:01.572314,AS28647,NEWS,ok,0.2208,0.9758,94.23,1,0
CN,dns_consistency,2023-08-06 05:53:26.801360,AS48048,SRCH,anomaly,0.1355,0.4082,36.95,0,1
VN,http_header_field_manipulation,2023-08-06 10:15:52.030406,AS42772,NEWS,ok,0.2649,0.1165,23.63,1,0
VN,tcp_connect,2023-08-06 14:38:17.259451,AS58569,SRCH,ok,0.2419,1.2161,76.51,1,0
AZ,vanilla_tor,2023-08-06 19:00:42.488497,AS23883,NEWS,ok,0.0912,1.1104,33.52,1,0
AZ,dns_consistency,2023-08-06 23:23:07.717543,AS15631,SRCH,ok,0.1032,0.5473,78.22,1,0
BR,web_connectivity,2023-08-07 03:45:32.946589,AS2592,REL,ok,0.027,0.447,133.05,1,0
TR,whatsapp,2023-08-07 08:07:58.175635,AS59099,ANON,ok,0.0199,0.8967,214.88,1,0
US,web_connectivity,2023-08-07 12:30:23.404680,AS20634,LGBT,ok,0.0351,0.7517,5.0,1,0
TR,web_connectivity,2023-08-07 16:52:48.633726,AS51222,COMT,ok,0.1919,0.4283,12.6,1,0
CN,web_connectivity,2023-08-07 21:15:13.862772,AS22895,LGBT,anomaly,0.7516,0.8087,138.57,0,1
BR,web_connectivity,2023-08-08 01:37:39.091818,AS49977,LGBT,anomaly,0.6427,0.4824,73.45,1,0
VN,web_connectivity,2023-08-08 06:00:04.320864,AS41628,REL,ok,0.1813,0.9792,24.69,1,0
BR,vanilla_tor,2023-08-08 10:22:29.549909,AS15061,NEWS,ok,0.047,0.1518,188.65,1,0
ID,web_connectivity,2023-08-08 14:44:54.778955,AS18345,POLR,anomaly,0.476,1.9522,48.77,0,1
TR,http_header_field_manipulation,2023-08-08 19:07:20.008001,AS41628,LGBT,ok,0.1318,0.1713,77.28,1,0
IN,web_connectivity,2023-08-08 23:29:45.237047,AS15631,COMT,anomaly,0.3196,0.1353,78.9,1,1
VN,web_connectivity,2023-08-09 03:52:10.466093,AS6970,NEWS,anomaly,0.348,0.4475,61.29,0,1
NG,web_connectivity,2023-08-09 08:14:35.695139,AS25294,POLR,ok,0.2201,0.0872,320.11,1,0
RU,dns_consistency,2023-08-09 12:37:00.924184,AS8640,HUMR,anomaly,0.4092,1.0378,121.28,0,1
TR,web_connectivity,2023-08-09 16:59:26.153230,AS53867,SRCH,ok,0.0324,0.6983,62.84,1,0
CN,http_header_field_manipulation,2023-08-09 21:21:51.382276,AS20553,REL,anomaly,0.5129,2.4607,851.22,0,1
BY,http_header_field_manipulation,2023-08-10 01:44:16.611322,AS41628,ECON,ok,0.047,0.3635,9.9,1,0
AZ,web_connectivity,2023-08-10 06:06:41.840368,AS38379,REL,ok,0.1325,1.3826,57.45,1,0
TR,web_connectivity,2023-08-10 10:29:07.069413,AS4263,ECON,ok,0.0309,1.9399,486.05,1,0
IR,web_connectivity,2023-08-10 14:51:32.298459,AS8640,ANON,confirmed,0.5147,1.0492,301.4,1,1
CN,dns_consistency,2023-08-10 19:13:57.527505,AS22453,POLR,ok,0.0066,0.0742,62.34,1,0
IR,whatsapp,2023-08-10 23:36:22.756551,AS8640,COMT,ok,0.0038,0.9825,171.23,1,0
CN,dns_consistency,2023-08-11 03:58:47.985597,AS17131,REL,ok,0.0737,0.739,40.55,1,0
CN,web_connectivity,2023-08-11 08:21:13.214642,AS33842,REL,confirmed,0.4751,0.1743,60.83,0,0
DE,whatsapp,2023-08-11 12:43:38.443688,AS20634,NEWS,ok,0.0199,0.4018,136.06,1,0
TR,web_connectivity,2023-08-11 17:06:03.672734,AS58842,ECON,ok,0.0205,1.6671,73.37,1,0
BR,web_connectivity,2023-08-11 21:28:28.901780,AS6146,ANON,ok,0.2236,0.2921,189.0,1,0
TR,dns_consistency,2023-08-12 01:50:54.130826,AS11241,ECON,ok,0.1726,0.1569,47.06,1,0
MM,web_connectivity,2023-08-12 06:13:19.359871,AS25581,REL,ok,0.1914,0.0521,34.38,1,0
ID,vanilla_tor,2023-08-12 10:35:44.588917,AS51947,POLR,ok,0.1726,0.5517,35.13,1,0
IN,dns_consistency,2023-08-12 14:58:09.817963,AS29338,COMM,ok,0.1005,0.0327,283.98,1,0
RU,web_connectivity,2023-08-12 19:20:35.047009,AS45204,REL,anomaly,0.6269,1.0489,185.45,0,1
CN,web_connectivity,2023-08-12 23:43:00.276055,AS28647,HUMR,confirmed,0.6775,0.2088,255.86,0,0
IR,dns_consistency,2023-08-13 04:05:25.505101,AS23883,HUMR,ok,0.0961,0.3994,335.6,1,0
TR,dns_consistency,2023-08-13 08:27:50.734146,AS9939,ANON,anomaly,0.5318,0.045,31.5,1,0
NG,vanilla_tor,2023-08-13 12:50:15.963192,AS24775,COMT,ok,0.0007,0.9984,9.22,1,0
US,dns_consistency,2023-08-13 17:12:41.192238,AS13266,ECON,ok,0.0188,1.0141,85.31,1,0
CN,http_header_field_manipulation,2023-08-13 21:35:06.421284,AS40389,ANON,anomaly,0.2389,1.1487,32.27,0,0
PK,web_connectivity,2023-08-14 01:57:31.650330,AS23883,COMT,ok,0.0693,1.0087,19.12,1,0
IR,web_connectivity,2023-08-14 06:19:56.879375,AS41628,LGBT,ok,0.0748,3.1447,290.04,1,0
CN,http_header_field_manipulation,2023-08-14 10:42:22.108421,AS50368,REL,confirmed,0.5633,0.3292,276.81,0,1
VN,whatsapp,2023-08-14 15:04:47.337467,AS25884,LGBT,ok,0.372,1.4076,5.0,1,0
CN,dns_consistency,2023-08-14 19:27:12.566513,AS20553,ANON,failure,0.4361,0.3919,457.37,1,0
VN,web_connectivity,2023-08-14 23:49:37.795559,AS15539,COMM,anomaly,0.9297,0.062,427.08,1,0
FR,dns_consistency,2023-08-15 04:12:03.024604,AS22895,REL,ok,0.1191,0.6649,86.74,1,0
BY,dns_consistency,2023-08-15 08:34:28.253650,AS55874,ANON,anomaly,0.9229,0.4835,82.35,1,1
IR,web_connectivity,2023-08-15 12:56:53.482696,AS42135,COMM,ok,0.1654,0.1123,66.64,1,0
US,tcp_connect,2023-08-15 17:19:18.711742,AS52965,LGBT,confirmed,0.6498,0.6025,5.0,1,0
IN,dns_consistency,2023-08-15 21:41:43.940788,AS2072,HUMR,anomaly,0.7223,0.1527,22.95,0,1
FR,web_connectivity,2023-08-16 02:04:09.169833,AS29606,HUMR,ok,0.0514,0.2896,243.5,1,0
ID,dns_consistency,2023-08-16 06:26:34.398879,AS49724,ANON,ok,0.1482,0.1246,50.65,1,0
IR,web_connectivity,2023-08-16 10:48:59.627925,AS13761,HUMR,confirmed,0.7835,0.7533,49.3,0,1
KZ,web_connectivity,2023-08-16 15:11:24.856971,AS40389,HUMR,anomaly,0.6589,0.3474,35.25,1,1
CN,http_header_field_manipulation,2023-08-16 19:33:50.086017,AS15061,HUMR,ok,0.0074,0.3843,58.65,1,0
TR,web_connectivity,2023-08-16 23:56:15.315063,AS4263,LGBT,ok,0.1599,0.1379,127.56,1,0
TR,tcp_connect,2023-08-17 04:18:40.544108,AS40389,COMT,anomaly,0.872,1.1204,95.95,0,1
TR,dns_consistency,2023-08-17 08:41:05.773154,AS50319,COMM,anomaly,0.4216,0.4691,12.3,1,1
AZ,whatsapp,2023-08-17 13:03:31.002200,AS55874,ANON,ok,0.1483,0.6094,71.9,1,0
TR,whatsapp,2023-08-17 17:25:56.231246,AS23883,COMM,ok,0.1713,2.5036,17.15,1,0
MM,dns_consistency,2023-08-17 21:48:21.460292,AS20553,SRCH,failure,0.8668,2.916,135.0,1,1
FR,web_connectivity,2023-08-18 02:10:46.689337,AS22453,COMT,ok,0.0443,0.0311,132.46,1,0
BY,tcp_connect,2023-08-18 06:33:11.918383,AS40389,COMT,anomaly,0.1697,0.268,349.54,1,1
TR,web_connectivity,2023-08-18 10:55:37.147429,AS54883,COMM,ok,0.0224,0.6568,142.05,1,0
EG,dns_consistency,2023-08-18 15:18:02.376475,AS34008,ANON,ok,0.0851,0.7487,54.96,1,0
US,web_connectivity,2023-08-18 19:40:27.605521,AS2072,SRCH,ok,0.2534,0.2063,124.01,1,0
MM,http_header_field_manipulation,2023-08-19 00:02:52.834566,AS42772,ECON,anomaly,0.5324,0.6691,17.33,1,1
IR,web_connectivity,2023-08-19 04:25:18.063612,AS32635,COMT,failure,0.4771,0.4776,367.39,0,1
NG,web_connectivity,2023-08-19 08:47:43.292658,AS46987,COMM,ok,0.101,0.8018,403.53,1,0
PK,facebook_messenger,2023-08-19 13:10:08.521704,AS26441,ANON,confirmed,0.2673,0.4616,406.57,0,1
PK,web_connectivity,2023-08-19 17:32:33.750750,AS40389,ECON,ok,0.0997,0.6202,279.46,1,0
ID,http_header_field_manipulation,2023-08-19 21:54:58.979795,AS2175,COMT,ok,0.1408,0.1147,63.7,1,0
RU,http_header_field_manipulation,2023-08-20 02:17:24.208841,AS18345,LGBT,anomaly,0.1682,0.3385,181.13,1,1
TR,web_connectivity,2023-08-20 06:39:49.437887,AS34008,SRCH,ok,0.0313,1.2577,28.66,1,1
DE,tcp_connect,2023-08-20 11:02:14.666933,AS58653,LGBT,ok,0.0827,0.3091,322.98,1,0
TR,web_connectivity,2023-08-20 15:24:39.895979,AS59099,ANON,ok,0.1919,0.9471,47.61,1,1
TR,tcp_connect,2023-08-20 19:47:05.125025,AS55961,ECON,anomaly,0.7952,0.9617,99.28,1,0
IR,http_header_field_manipulation,2023-08-21 00:09:30.354070,AS2175,POLR,ok,0.0659,0.1146,35.87,1,0
MM,web_connectivity,2023-08-21 04:31:55.583116,AS34008,HUMR,ok,0.3333,0.672,24.52,1,0
KZ,web_connectivity,2023-08-21 08:54:20.812162,AS46987,NEWS,ok,0.1071,0.08,19.07,1,0
RU,tcp_connect,2023-08-21 13:16:46.041208,AS35044,POLR,ok,0.0648,0.7206,62.92,1,0
IR,dns_consistency,2023-08-21 17:39:11.270254,AS4263,NEWS,anomaly,0.4162,0.0766,226.97,1,1
CN,http_header_field_manipulation,2023-08-21 22:01:36.499299,AS4263,SRCH,ok,0.0257,1.1288,219.3,1,0
US,web_connectivity,2023-08-22 02:24:01.728345,AS47656,HUMR,ok,0.0775,0.1066,61.71,1,0
MM,tcp_connect,2023-08-22 06:46:26.957391,AS25983,POLR,ok,0.088,0.9424,5.0,1,0
RU,web_connectivity,2023-08-22 11:08:52.186437,AS57909,COMT,confirmed,0.5011,0.0507,35.38,1,1
NG,http_header_field_manipulation,2023-08-22 15:31:17.415483,AS22453,ANON,anomaly,0.1696,1.806,5.0,0,0
IR,web_connectivity,2023-08-22 19:53:42.644528,AS58842,HUMR,anomaly,0.7695,1.2353,159.05,0,0
FR,web_connectivity,2023-08-23 00:16:07.873574,AS20553,HUMR,ok,0.014,0.4139,5.0,1,0
KZ,http_header_field_manipulation,2023-08-23 04:38:33.102620,AS15539,POLR,confirmed,0.8116,0.9119,21.28,0,1
TH,web_connectivity,2023-08-23 09:00:58.331666,AS2182,POLR,confirmed,0.6424,2.0643,5.0,0,1
IR,whatsapp,2023-08-23 13:23:23.560712,AS33842,COMT,ok,0.0293,0.7059,253.45,1,0
DE,http_header_field_manipulation,2023-08-23 17:45:48.789757,AS4263,ANON,ok,0.1891,2.8724,950.06,1,0
IR,whatsapp,2023-08-23 22:08:14.018803,AS23227,COMT,confirmed,0.8758,0.1682,5.0,1,1
NG,web_connectivity,2023-08-24 02:30:39.247849,AS8640,LGBT,ok,0.0723,0.4087,85.96,1,0
CN,web_connectivity,2023-08-24 06:53:04.476895,AS18345,REL,confirmed,0.2703,0.1701,182.79,0,0
PK,dns_consistency,2023-08-24 11:15:29.705941,AS8947,POLR,ok,0.1348,0.1163,67.41,1,0
NG,web_connectivity,2023-08-24 15:37:54.934987,AS46987,HUMR,ok,0.0437,0.3446,67.52,1,0
BR,web_connectivity,2023-08-24 20:00:20.164032,AS51222,SRCH,ok,0.0976,0.1177,63.43,1,0
BY,http_header_field_manipulation,2023-08-25 00:22:45.393078,AS47656,LGBT,ok,,1.1886,,1,0
US,http_header_field_manipulation,2023-08-25 04:45:10.622124,AS9939,HUMR,ok,0.0524,0.4577,36.49,1,0
CN,web_connectivity,2023-08-25 09:07:35.851170,AS48048,SRCH,anomaly,0.4762,1.8399,5.0,0,1
NG,tcp_connect,2023-08-25 13:30:01.080216,AS2175,LGBT,ok,0.1901,0.5107,280.52,1,0
ID,dns_consistency,2023-08-25 17:52:26.309261,AS36237,ECON,ok,0.0991,0.2076,295.37,1,0
NG,dns_consistency,2023-08-25 22:14:51.538307,AS51222,LGBT,ok,0.0555,0.6491,229.28,1,1
NG,web_connectivity,2023-08-26 02:37:16.767353,AS2072,ECON,ok,0.0093,0.7708,137.77,1,0
TH,web_connectivity,2023-08-26 06:59:41.996399,AS2182,LGBT,anomaly,0.6525,0.1016,147.88,1,0
US,http_header_field_manipulation,2023-08-26 11:22:07.225445,AS2592,LGBT,ok,0.1218,0.4608,110.06,1,0
FR,tcp_connect,2023-08-26 15:44:32.454490,AS4263,COMT,ok,0.0051,0.4669,209.9,1,0
IR,web_connectivity,2023-08-26 20:06:57.683536,AS8947,NEWS,ok,0.0299,0.27,36.12,0,0
US,http_header_field_manipulation,2023-08-27 00:29:22.912582,AS45204,REL,ok,0.1227,0.4658,191.13,1,0
CN,web_connectivity,2023-08-27 04:51:48.141628,AS42772,POLR,ok,0.2247,0.1269,243.5,1,0
DE,whatsapp,2023-08-27 09:14:13.370674,AS15539,ANON,ok,0.0544,1.0006,136.85,1,0
IR,http_header_field_manipulation,2023-08-27 13:36:38.599719,AS24775,ANON,ok,0.0593,1.2356,239.64,1,0
CN,tcp_connect,2023-08-27 17:59:03.828765,AS42772,LGBT,confirmed,0.8092,0.1163,40.41,1,0
CN,dns_consistency,2023-08-27 22:21:29.057811,AS51947,LGBT,ok,0.1198,0.0201,75.44,1,0
TR,web_connectivity,2023-08-28 02:43:54.286857,AS25294,COMM,ok,0.0288,0.5647,101.91,1,0
IR,web_connectivity,2023-08-28 07:06:19.515903,AS15539,LGBT,ok,0.0641,0.4614,20.97,1,0
MM,web_connectivity,2023-08-28 11:28:44.744948,AS32671,ECON,ok,0.225,1.2315,27.37,1,0
CN,web_connectivity,2023-08-28 15:51:09.973994,AS41369,POLR,anomaly,0.6394,0.5612,613.59,1,1
IN,web_connectivity,2023-08-28 20:13:35.203040,AS13761,REL,ok,0.0385,0.5009,209.34,1,0
RU,tcp_connect,2023-08-29 00:36:00.432086,AS41369,LGBT,ok,0.1343,0.3637,19.89,0,0
IR,web_connectivity,2023-08-29 04:58:25.661132,AS8640,LGBT,ok,0.0346,0.1951,5.0,1,0
KZ,whatsapp,2023-08-29 09:20:50.890178,AS25983,ECON,ok,0.0731,0.905,77.13,1,0
BY,web_connectivity,2023-08-29 13:43:16.119223,AS22453,COMT,confirmed,0.643,0.1302,767.81,1,1
BY,facebook_messenger,2023-08-29 18:05:41.348269,AS4099,COMM,anomaly,0.8735,0.8656,456.34,0,1
IN,vanilla_tor,2023-08-29 22:28:06.577315,AS52965,LGBT,anomaly,0.5431,0.3536,96.52,0,1
IR,web_connectivity,2023-08-30 02:50:31.806361,AS35011,COMT,failure,0.3794,0.2933,107.63,0,1
IR,vanilla_tor,2023-08-30 07:12:57.035407,AS41628,ECON,anomaly,0.3203,0.3112,112.2,1,1
NG,whatsapp,2023-08-30 11:35:22.264452,AS15539,HUMR,ok,0.0074,0.8236,,1,0
BY,web_connectivity,2023-08-30 15:57:47.493498,AS45204,REL,ok,0.043,0.9381,14.49,1,0
KZ,facebook_messenger,2023-08-30 20:20:12.722544,AS22895,HUMR,confirmed,0.7579,0.117,5.0,0,1
TR,web_connectivity,2023-08-31 00:42:37.951590,AS55374,ECON,ok,0.1428,0.8673,221.07,1,0
TR,web_connectivity,2023-08-31 05:05:03.180636,AS55874,POLR,anomaly,0.4914,1.4585,66.51,0,1
IR,dns_consistency,2023-08-31 09:27:28.409681,AS2175,SRCH,ok,0.0626,0.2925,5.0,1,0
PK,web_connectivity,2023-08-31 13:49:53.638727,AS11241,COMM,ok,0.07,0.1012,258.25,1,1
CN,web_connectivity,2023-08-31 18:12:18.867773,AS28647,REL,confirmed,0.3495,0.0611,162.55,0,1
DE,facebook_messenger,2023-08-31 22:34:44.096819,AS40389,COMT,ok,0.0146,0.3001,168.31,1,0
UZ,vanilla_tor,2023-09-01 02:57:09.325865,AS4099,SRCH,ok,0.0169,0.1996,98.92,1,0
PK,tcp_connect,2023-09-01 07:19:34.554910,AS4263,COMT,anomaly,0.3516,0.7939,38.83,0,1
RU,dns_consistency,2023-09-01 11:41:59.783956,AS42772,ANON,ok,0.1428,1.0096,236.47,1,0
RU,telegram,2023-09-01 16:04:25.013002,AS58653,ECON,ok,0.3085,0.0129,76.37,1,0
MM,web_connectivity,2023-09-01 20:26:50.242048,AS40389,ECON,ok,0.0965,0.0835,27.72,1,0
BR,facebook_messenger,2023-09-02 00:49:15.471094,AS36237,REL,ok,0.2062,0.6518,107.69,1,0
EG,web_connectivity,2023-09-02 05:11:40.700140,AS41369,LGBT,ok,0.2715,0.4403,129.04,0,0
IR,whatsapp,2023-09-02 09:34:05.929185,AS6970,NEWS,failure,0.807,0.8222,19.62,0,1
AZ,http_header_field_manipulation,2023-09-02 13:56:31.158231,AS53867,COMT,ok,0.0434,0.8922,40.83,1,0
PK,facebook_messenger,2023-09-02 18:18:56.387277,AS4899,ANON,ok,0.1612,2.2066,43.47,1,0
KZ,whatsapp,2023-09-02 22:41:21.616323,AS23883,REL,ok,0.0001,1.3379,209.13,1,0
TR,whatsapp,2023-09-03 03:03:46.845369,AS18345,POLR,ok,0.2136,1.333,56.63,1,0
CN,http_header_field_manipulation,2023-09-03 07:26:12.074414,AS11241,REL,anomaly,0.3896,1.5266,358.87,0,0
IR,whatsapp,2023-09-03 11:48:37.303460,AS2592,COMT,anomaly,0.8332,0.243,163.31,0,1
TH,tcp_connect,2023-09-03 16:11:02.532506,AS25581,SRCH,ok,0.1097,1.1379,176.44,1,0
IR,web_connectivity,2023-09-03 20:33:27.761552,AS25884,ECON,confirmed,0.6381,0.0504,257.62,1,1
IR,http_header_field_manipulation,2023-09-04 00:55:52.990598,AS28910,ECON,anomaly,0.7288,0.8873,36.44,1,0
CN,web_connectivity,2023-09-04 05:18:18.219643,AS8947,COMT,anomaly,0.4292,0.4052,194.55,0,1
PK,whatsapp,2023-09-04 09:40:43.448689,AS22453,COMT,anomaly,0.9074,0.8065,6.24,0,1
KZ,web_connectivity,2023-09-04 14:03:08.677735,AS8640,COMM,anomaly,0.5628,0.9641,98.46,1,1
MM,vanilla_tor,2023-09-04 18:25:33.906781,AS54883,COMM,ok,0.1575,1.622,5.0,1,0
BR,web_connectivity,2023-09-04 22:47:59.135827,AS6970,POLR,ok,0.1958,0.1157,38.85,1,0
FR,web_connectivity,2023-09-05 03:10:24.364872,AS18345,COMM,ok,0.0172,0.4771,46.66,1,0
RU,telegram,2023-09-05 07:32:49.593918,AS45204,POLR,anomaly,0.7708,0.6779,413.76,0,1
AZ,web_connectivity,2023-09-05 11:55:14.822964,AS4099,REL,ok,0.0273,0.8321,162.39,1,0
IN,dns_consistency,2023-09-05 16:17:40.052010,AS48048,ANON,ok,0.0401,0.7968,60.92,1,0
DE,tcp_connect,2023-09-05 20:40:05.281056,AS13761,COMT,ok,0.0884,0.8673,19.2,1,0
IR,web_connectivity,2023-09-06 01:02:30.510102,AS59099,POLR,confirmed,0.6712,0.0181,31.1,0,0
RU,dns_consistency,2023-09-06 05:24:55.739147,AS1588,POLR,ok,0.0007,0.5351,180.94,1,0
TR,http_header_field_manipulation,2023-09-06 09:47:20.968193,AS17131,POLR,ok,0.162,0.1192,86.72,1,0
IR,facebook_messenger,2023-09-06 14:09:46.197239,AS54883,COMT,ok,0.0524,0.309,281.37,1,0
DE,web_connectivity,2023-09-06 18:32:11.426285,AS25581,REL,ok,0.1044,0.0934,32.87,1,0
IR,web_connectivity,2023-09-06 22:54:36.655331,AS4263,COMM,anomaly,0.2174,0.5041,,0,0
IR,dns_consistency,2023-09-07 03:17:01.884376,AS2592,NEWS,anomaly,0.6435,0.6662,100.0,0,1
AZ,web_connectivity,2023-09-07 07:39:27.113422,AS2182,SRCH,confirmed,0.5072,0.1552,487.37,0,1
UZ,web_connectivity,2023-09-07 12:01:52.342468,AS55961,POLR,anomaly,0.7297,0.3498,135.88,1,0
ID,web_connectivity,2023-09-07 16:24:17.571514,AS53867,NEWS,ok,0.0762,0.0704,86.99,1,0
VN,dns_consistency,2023-09-07 20:46:42.800560,AS6970,ECON,ok,0.0343,0.926,99.74,1,0
PK,whatsapp,2023-09-08 01:09:08.029605,AS4099,HUMR,ok,0.1379,0.1497,118.63,1,0
BY,web_connectivity,2023-09-08 05:31:33.258651,AS25983,POLR,ok,0.0339,0.7339,274.59,1,0
VN,web_connectivity,2023-09-08 09:53:58.487697,AS58945,COMM,anomaly,0.5805,0.1506,26.21,0,1
TR,http_header_field_manipulation,2023-09-08 14:16:23.716743,AS59099,SRCH,ok,0.0881,0.0557,18.18,1,0
IR,web_connectivity,2023-09-08 18:38:48.945789,AS42772,HUMR,ok,0.0074,1.7273,37.56,1,0
CN,http_header_field_manipulation,2023-09-08 23:01:14.174834,AS4099,ANON,anomaly,0.8734,0.6584,91.48,0,1
BY,web_connectivity,2023-09-09 03:23:39.403880,AS8640,NEWS,ok,0.1039,1.7024,67.36,1,0
VN,web_connectivity,2023-09-09 07:46:04.632926,AS4099,POLR,ok,0.391,0.5532,36.1,1,0
DE,web_connectivity,2023-09-09 12:08:29.861972,AS35044,NEWS,ok,0.046,1.7769,100.02,1,0
RU,web_connectivity,2023-09-09 16:30:55.091018,AS2175,POLR,anomaly,0.8509,0.8323,242.52,1,0
CN,whatsapp,2023-09-09 20:53:20.320064,AS29338,HUMR,confirmed,0.4418,0.3182,5.0,0,1
EG,facebook_messenger,2023-09-10 01:15:45.549109,AS22453,LGBT,ok,0.0753,0.992,76.56,1,0
US,dns_consistency,2023-09-10 05:38:10.778155,AS28910,ANON,ok,0.0133,0.6055,451.09,1,0
DE,dns_consistency,2023-09-10 10:00:36.007201,AS55874,POLR,ok,0.0799,0.2598,17.27,1,0
TR,web_connectivity,2023-09-10 14:23:01.236247,AS25294,ECON,ok,0.1124,2.3279,58.6,1,0
NG,http_header_field_manipulation,2023-09-10 18:45:26.465293,AS58945,ANON,ok,0.1015,2.0741,64.83,1,0
ID,dns_consistency,2023-09-10 23:07:51.694338,AS55961,COMM,ok,0.0329,0.0319,5.0,1,0
KZ,web_connectivity,2023-09-11 03:30:16.923384,AS58945,ECON,ok,0.1629,1.1503,,1,0
RU,web_connectivity,2023-09-11 07:52:42.152430,AS6146,REL,anomaly,0.415,0.926,232.11,0,1
DE,web_connectivity,2023-09-11 12:15:07.381476,AS4099,COMT,ok,0.15,0.6282,51.72,1,0
TR,web_connectivity,2023-09-11 16:37:32.610522,AS20634,SRCH,ok,0.0384,0.2625,20.73,1,0
US,http_header_field_manipulation,2023-09-11 20:59:57.839567,AS34008,REL,ok,0.0211,1.262,154.33,1,0
NG,telegram,2023-09-12 01:22:23.068613,AS44761,COMT,ok,0.0324,0.7727,260.82,1,0
CN,tcp_connect,2023-09-12 05:44:48.297659,AS25884,LGBT,ok,0.2267,0.1194,201.13,1,0
MM,dns_consistency,2023-09-12 10:07:13.526705,AS47656,HUMR,ok,0.2098,1.1413,144.86,1,0
DE,web_connectivity,2023-09-12 14:29:38.755751,AS55961,REL,ok,0.0902,1.7275,159.45,1,0
FR,web_connectivity,2023-09-12 18:52:03.984796,AS55961,SRCH,ok,0.0842,1.8476,5.0,1,0
RU,http_header_field_manipulation,2023-09-12 23:14:29.213842,AS2592,ECON,confirmed,0.434,0.2878,87.61,0,0
IR,web_connectivity,2023-09-13 03:36:54.442888,AS2072,COMT,ok,0.2724,1.9912,67.16,1,0
VN,web_connectivity,2023-09-13 07:59:19.671934,AS40389,COMT,ok,0.0554,1.0826,,1,0
VN,http_header_field_manipulation,2023-09-13 12:21:44.900980,AS2592,LGBT,ok,0.1924,0.3881,45.29,1,0
BR,web_connectivity,2023-09-13 16:44:10.130026,AS35011,ECON,confirmed,0.5583,0.6081,97.49,0,0
FR,web_connectivity,2023-09-13 21:06:35.359071,AS1588,ANON,ok,0.0172,0.7373,116.91,1,0
IN,web_connectivity,2023-09-14 01:29:00.588117,AS49724,NEWS,anomaly,0.619,0.199,5.0,0,0
IN,web_connectivity,2023-09-14 05:51:25.817163,AS2182,REL,ok,0.1742,0.4618,286.29,1,0
UZ,dns_consistency,2023-09-14 10:13:51.046209,AS45204,COMM,ok,,0.5661,128.95,1,0
US,web_connectivity,2023-09-14 14:36:16.275255,AS15539,NEWS,ok,0.0099,0.3419,229.29,0,1
TR,web_connectivity,2023-09-14 18:58:41.504300,AS23883,ECON,ok,0.1136,1.109,5.0,0,0
EG,web_connectivity,2023-09-14 23:21:06.733346,AS13266,ECON,ok,0.1696,0.4473,108.61,1,0
NG,web_connectivity,2023-09-15 03:43:31.962392,AS15539,POLR,anomaly,0.9375,0.5695,9.07,0,1
TR,facebook_messenger,2023-09-15 08:05:57.191438,AS58842,REL,confirmed,0.3809,0.2068,75.08,0,1
TR,web_connectivity,2023-09-15 12:28:22.420484,AS55374,NEWS,ok,0.0084,1.7853,129.23,1,0
IN,web_connectivity,2023-09-15 16:50:47.649529,AS8640,SRCH,ok,0.087,1.0574,136.42,1,0
RU,http_header_field_manipulation,2023-09-15 21:13:12.878575,AS6146,ANON,ok,0.0525,0.3271,54.84,1,0
TH,web_connectivity,2023-09-16 01:35:38.107621,AS26441,LGBT,failure,0.8445,0.3348,12.19,0,0
IR,dns_consistency,2023-09-16 05:58:03.336667,AS32671,NEWS,ok,0.1108,0.8884,,1,0
CN,web_connectivity,2023-09-16 10:20:28.565713,AS36237,COMM,anomaly,0.594,0.7304,130.48,0,0
NG,vanilla_tor,2023-09-16 14:42:53.794758,AS2175,NEWS,ok,0.1073,2.0003,6.89,1,0
EG,facebook_messenger,2023-09-16 19:05:19.023804,AS4899,NEWS,anomaly,0.5973,1.2061,,0,0
EG,http_header_field_manipulation,2023-09-16 23:27:44.252850,AS35011,HUMR,ok,0.073,0.4781,63.05,1,0
IN,http_header_field_manipulation,2023-09-17 03:50:09.481896,AS29338,REL,ok,0.0503,0.8826,249.66,1,0
AZ,web_connectivity,2023-09-17 08:12:34.710942,AS22453,NEWS,confirmed,0.6391,0.1553,92.02,1,1
US,facebook_messenger,2023-09-17 12:34:59.939988,AS51222,COMT,ok,0.0114,0.0722,442.04,1,0
DE,web_connectivity,2023-09-17 16:57:25.169033,AS4263,NEWS,ok,0.1439,0.3481,120.04,1,0
MM,web_connectivity,2023-09-17 21:19:50.398079,AS32635,NEWS,ok,0.0091,0.2188,165.15,1,0
CN,web_connectivity,2023-09-18 01:42:15.627125,AS52965,REL,anomaly,0.6613,0.1355,104.74,0,1
AZ,web_connectivity,2023-09-18 06:04:40.856171,AS57909,COMT,ok,0.0403,0.5533,40.98,1,0
US,dns_consistency,2023-09-18 10:27:06.085217,AS33842,NEWS,ok,0.2399,0.1329,24.03,1,0
KZ,web_connectivity,2023-09-18 14:49:31.314262,AS53867,COMM,failure,0.7457,0.3055,33.5,0,1
CN,http_header_field_manipulation,2023-09-18 19:11:56.543308,AS38379,COMT,ok,0.0695,2.0116,126.28,1,1
TH,web_connectivity,2023-09-18 23:34:21.772354,AS7926,HUMR,ok,0.0406,0.5507,175.08,1,0
VN,whatsapp,2023-09-19 03:56:47.001400,AS6146,LGBT,ok,0.1586,0.1278,19.69,1,0
NG,dns_consistency,2023-09-19 08:19:12.230446,AS48048,HUMR,ok,0.0621,0.033,287.8,1,0
IN,http_header_field_manipulation,2023-09-19 12:41:37.459491,AS52965,SRCH,ok,,0.5387,70.87,1,0
ID,dns_consistency,2023-09-19 17:04:02.688537,AS45204,ANON,confirmed,0.4932,1.3012,51.65,0,1
DE,whatsapp,2023-09-19 21:26:27.917583,AS8640,ANON,ok,0.0331,1.5523,5.0,1,0
US,web_connectivity,2023-09-20 01:48:53.146629,AS23227,COMT,ok,0.0301,0.3644,401.24,1,0
MM,web_connectivity,2023-09-20 06:11:18.375675,AS9939,NEWS,ok,0.1036,0.9785,7.35,1,0
TR,http_header_field_manipulation,2023-09-20 10:33:43.604720,AS48048,ECON,ok,0.2037,0.0159,30.65,1,0
TR,tcp_connect,2023-09-20 14:56:08.833766,AS34008,HUMR,ok,0.0686,2.025,121.71,1,0
PK,web_connectivity,2023-09-20 19:18:34.062812,AS19698,NEWS,ok,0.076,0.6791,88.04,1,0
IR,web_connectivity,2023-09-20 23:40:59.291858,AS15631,LGBT,ok,0.1306,0.8514,28.07,1,1
BY,web_connectivity,2023-09-21 04:03:24.520904,AS2175,HUMR,anomaly,0.3476,0.6888,252.73,1,1
NG,web_connectivity,2023-09-21 08:25:49.749949,AS25884,ECON,ok,0.1391,0.9471,32.99,1,0
US,telegram,2023-09-21 12:48:14.978995,AS4899,COMM,ok,0.0387,0.7876,16.28,1,0
CN,web_connectivity,2023-09-21 17:10:40.208041,AS2072,ANON,failure,0.4771,0.0384,183.5,1,1
MM,http_header_field_manipulation,2023-09-21 21:33:05.437087,AS58945,ANON,ok,,0.6974,5.0,1,0
MM,tcp_connect,2023-09-22 01:55:30.666133,AS54883,NEWS,ok,0.1451,1.1696,377.46,1,0
DE,web_connectivity,2023-09-22 06:17:55.895179,AS25581,HUMR,ok,0.041,1.6081,71.83,1,0
IN,web_connectivity,2023-09-22 10:40:21.124224,AS15539,ANON,ok,0.2024,1.5868,160.54,1,0
CN,web_connectivity,2023-09-22 15:02:46.353270,AS4099,COMM,anomaly,0.6945,2.3813,396.3,0,1
PK,http_header_field_manipulation,2023-09-22 19:25:11.582316,AS17131,NEWS,ok,0.1605,1.3565,264.82,1,0
NG,web_connectivity,2023-09-22 23:47:36.811362,AS51947,COMM,ok,0.0921,0.4049,91.69,1,0
CN,web_connectivity,2023-09-23 04:10:02.040408,AS23883,HUMR,anomaly,0.7925,1.1931,5.0,0,0
MM,web_connectivity,2023-09-23 08:32:27.269453,AS8947,HUMR,ok,0.0457,0.9492,156.23,1,0
KZ,web_connectivity,2023-09-23 12:54:52.498499,AS32671,REL,ok,0.247,1.0931,5.0,1,0
RU,web_connectivity,2023-09-23 17:17:17.727545,AS11241,COMT,anomaly,0.201,0.0258,5.0,0,1
PK,web_connectivity,2023-09-23 21:39:42.956591,AS11241,ECON,failure,0.4503,1.0964,1912.63,0,1
AZ,web_connectivity,2023-09-24 02:02:08.185637,AS19698,LGBT,ok,0.1068,0.3326,143.5,0,1
FR,http_header_field_manipulation,2023-09-24 06:24:33.414682,AS4099,ANON,ok,0.1739,1.325,311.69,1,0
CN,web_connectivity,2023-09-24 10:46:58.643728,AS23227,REL,anomaly,0.7036,0.2346,419.75,0,1
IN,http_header_field_manipulation,2023-09-24 15:09:23.872774,AS28647,LGBT,ok,0.1069,0.2193,53.96,1,0
ID,dns_consistency,2023-09-24 19:31:49.101820,AS29606,ECON,ok,0.2708,0.7485,141.63,1,0
RU,telegram,2023-09-24 23:54:14.330866,AS6970,COMT,ok,0.2701,0.0573,89.95,1,0
US,web_connectivity,2023-09-25 04:16:39.559911,AS34008,ANON,ok,0.0009,0.8974,5.0,1,0
US,web_connectivity,2023-09-25 08:39:04.788957,AS52965,NEWS,ok,0.2838,1.457,137.86,1,0
NG,whatsapp,2023-09-25 13:01:30.018003,AS55961,COMM,ok,0.0875,1.6615,5.0,1,0
TR,whatsapp,2023-09-25 17:23:55.247049,AS2175,ECON,ok,0.0211,0.1564,190.27,1,0
UZ,web_connectivity,2023-09-25 21:46:20.476095,AS13266,POLR,confirmed,0.8097,0.1925,283.84,1,1
CN,web_connectivity,2023-09-26 02:08:45.705141,AS10526,COMM,failure,0.5363,0.186,403.9,1,0
NG,whatsapp,2023-09-26 06:31:10.934186,AS57909,COMT,anomaly,0.6153,1.0624,178.79,0,0
US,web_connectivity,2023-09-26 10:53:36.163232,AS8947,LGBT,ok,0.0897,0.4505,102.63,1,0
CN,whatsapp,2023-09-26 15:16:01.392278,AS22895,SRCH,anomaly,0.7065,0.2813,22.22,0,0
IR,facebook_messenger,2023-09-26 19:38:26.621324,AS51947,ECON,ok,0.1617,0.5088,9.69,1,0
ID,web_connectivity,2023-09-27 00:00:51.850370,AS32635,COMM,ok,0.2717,0.2937,277.06,1,0
BR,whatsapp,2023-09-27 04:23:17.079415,AS26441,COMT,ok,0.2393,1.5421,15.28,1,1
NG,web_connectivity,2023-09-27 08:45:42.308461,AS6970,POLR,ok,0.1926,0.5985,190.96,1,0
MM,tcp_connect,2023-09-27 13:08:07.537507,AS35011,COMM,ok,0.0532,1.4293,102.43,1,0
RU,web_connectivity,2023-09-27 17:30:32.766553,AS7926,ANON,anomaly,0.7314,0.8511,120.92,1,1
EG,web_connectivity,2023-09-27 21:52:57.995599,AS42135,COMM,ok,0.1801,1.2353,5.0,1,0
IR,http_header_field_manipulation,2023-09-28 02:15:23.224644,AS13761,SRCH,failure,0.2881,0.5312,781.83,0,0
PK,web_connectivity,2023-09-28 06:37:48.453690,AS20634,ANON,confirmed,0.8441,0.2295,33.94,0,1
IR,telegram,2023-09-28 11:00:13.682736,AS22895,POLR,confirmed,0.8155,0.1884,545.89,1,1
BY,web_connectivity,2023-09-28 15:22:38.911782,AS23883,ECON,anomaly,0.7033,0.1856,52.94,0,1
VN,web_connectivity,2023-09-28 19:45:04.140828,AS45204,HUMR,ok,0.009,1.0209,44.87,1,0
IN,web_connectivity,2023-09-29 00:07:29.369873,AS9939,POLR,ok,0.2937,0.4857,23.28,1,0
TR,whatsapp,2023-09-29 04:29:54.598919,AS59099,HUMR,ok,0.0362,1.9379,32.03,1,0
IR,web_connectivity,2023-09-29 08:52:19.827965,AS9939,POLR,anomaly,0.2039,1.7461,227.77,1,1
KZ,whatsapp,2023-09-29 13:14:45.057011,AS25581,HUMR,anomaly,0.1119,0.9258,5.0,0,0
IR,web_connectivity,2023-09-29 17:37:10.286057,AS50319,NEWS,anomaly,0.794,1.579,253.02,1,0
DE,dns_consistency,2023-09-29 21:59:35.515103,AS32671,REL,ok,0.0623,0.0816,118.12,1,0
CN,whatsapp,2023-09-30 02:22:00.744148,AS4899,ECON,confirmed,0.7109,0.4918,118.75,0,0
FR,web_connectivity,2023-09-30 06:44:25.973194,AS18345,ANON,ok,0.3072,0.5149,195.25,1,0
BR,web_connectivity,2023-09-30 11:06:51.202240,AS25294,REL,ok,0.0299,0.0203,89.9,1,0
IR,telegram,2023-09-30 15:29:16.431286,AS29338,COMT,failure,0.4758,0.6327,363.22,0,1
VN,dns_consistency,2023-09-30 19:51:41.660332,AS49724,COMM,ok,0.097,0.0653,222.86,1,0
FR,http_header_field_manipulation,2023-10-01 00:14:06.889377,AS49977,SRCH,ok,0.1829,0.6263,91.1,1,0
NG,whatsapp,2023-10-01 04:36:32.118423,AS2182,LGBT,ok,0.016,0.8012,24.57,1,1
DE,dns_consistency,2023-10-01 08:58:57.347469,AS41369,ECON,ok,0.1073,0.1668,141.17,1,0
TR,whatsapp,2023-10-01 13:21:22.576515,AS24775,ECON,anomaly,0.4678,0.3644,8.19,1,1
RU,http_header_field_manipulation,2023-10-01 17:43:47.805561,AS32671,COMM,ok,0.101,1.3079,92.85,1,0
CN,http_header_field_manipulation,2023-10-01 22:06:13.034606,AS23227,COMM,confirmed,0.4126,0.1368,99.34,1,1
BR,web_connectivity,2023-10-02 02:28:38.263652,AS4899,NEWS,ok,0.0156,0.7682,8.26,1,0
PK,telegram,2023-10-02 06:51:03.492698,AS2592,REL,anomaly,0.6423,0.104,77.95,1,1
AZ,tcp_connect,2023-10-02 11:13:28.721744,AS58569,LGBT,confirmed,0.0962,0.3825,55.74,0,0
MM,web_connectivity,2023-10-02 15:35:53.950790,AS32671,COMM,ok,0.4153,0.0383,55.21,1,0
IR,dns_consistency,2023-10-02 19:58:19.179835,AS22453,REL,anomaly,0.8003,0.6492,49.55,0,0
PK,web_connectivity,2023-10-03 00:20:44.408881,AS40389,HUMR,ok,0.041,2.0179,73.39,1,0
BR,http_header_field_manipulation,2023-10-03 04:43:09.637927,AS23227,COMT,ok,0.2973,0.7032,73.35,1,0
DE,vanilla_tor,2023-10-03 09:05:34.866973,AS36237,LGBT,ok,0.0181,0.2314,154.41,1,0
BR,web_connectivity,2023-10-03 13:28:00.096019,AS50368,LGBT,ok,0.0568,1.1805,63.8,1,0
RU,facebook_messenger,2023-10-03 17:50:25.325065,AS41628,POLR,ok,0.0811,0.3571,11.21,1,0
RU,web_connectivity,2023-10-03 22:12:50.554110,AS28910,ECON,ok,0.0278,0.0388,285.79,1,0
US,dns_consistency,2023-10-04 02:35:15.783156,AS34008,LGBT,ok,0.219,0.9391,31.74,1,1
IR,dns_consistency,2023-10-04 06:57:41.012202,AS15061,REL,anomaly,0.6759,0.0876,53.99,0,1
US,web_connectivity,2023-10-04 11:20:06.241248,AS28910,NEWS,ok,0.1077,0.1434,198.0,0,0
TR,dns_consistency,2023-10-04 15:42:31.470294,AS25294,REL,ok,0.03,1.4849,5.0,1,0
KZ,whatsapp,2023-10-04 20:04:56.699339,AS22453,ECON,ok,0.0121,1.53,7.62,1,1
TH,web_connectivity,2023-10-05 00:27:21.928385,AS8947,REL,ok,0.0555,0.119,71.64,1,0
FR,web_connectivity,2023-10-05 04:49:47.157431,AS4099,NEWS,ok,0.2568,0.7443,13.94,1,0
KZ,http_header_field_manipulation,2023-10-05 09:12:12.386477,AS15539,REL,ok,0.0341,0.3942,191.05,1,0
FR,tcp_connect,2023-10-05 13:34:37.615523,AS42135,SRCH,ok,0.2566,0.8226,44.93,1,0
EG,facebook_messenger,2023-10-05 17:57:02.844568,AS50319,COMT,ok,0.1771,0.0806,128.66,1,0
ID,web_connectivity,2023-10-05 22:19:28.073614,AS34008,COMT,ok,0.1546,1.3726,40.29,1,0
NG,telegram,2023-10-06 02:41:53.302660,AS2592,COMT,ok,0.2823,0.2294,203.11,1,0
MM,dns_consistency,2023-10-06 07:04:18.531706,AS55374,COMT,confirmed,,0.0166,248.01,0,1
IR,web_connectivity,2023-10-06 11:26:43.760752,AS11241,NEWS,confirmed,0.808,0.0931,24.95,0,1
VN,facebook_messenger,2023-10-06 15:49:08.989797,AS15061,NEWS,ok,0.0772,0.2535,110.21,1,0
TH,web_connectivity,2023-10-06 20:11:34.218843,AS4899,COMM,ok,0.2151,0.8092,,1,0
US,tcp_connect,2023-10-07 00:33:59.447889,AS51222,REL,ok,0.0516,0.7108,15.07,1,0
IR,tcp_connect,2023-10-07 04:56:24.676935,AS15061,ECON,anomaly,0.6482,0.9192,121.67,0,1
US,web_connectivity,2023-10-07 09:18:49.905981,AS4899,COMT,ok,0.2453,0.6526,422.53,1,1
EG,http_header_field_manipulation,2023-10-07 13:41:15.135027,AS2175,ANON,anomaly,0.4673,0.394,32.43,0,0
PK,dns_consistency,2023-10-07 18:03:40.364072,AS44761,COMT,ok,0.1357,1.0745,187.17,1,1
US,web_connectivity,2023-10-07 22:26:05.593118,AS4099,REL,ok,0.1071,0.7537,213.25,1,0
CN,tcp_connect,2023-10-08 02:48:30.822164,AS50319,COMM,confirmed,0.5493,0.1051,128.54,0,0
UZ,telegram,2023-10-08 07:10:56.051210,AS8640,ECON,anomaly,0.1816,1.4039,342.47,1,1
PK,dns_consistency,2023-10-08 11:33:21.280256,AS58569,POLR,confirmed,0.7392,0.0547,234.75,1,1
CN,vanilla_tor,2023-10-08 15:55:46.509301,AS20634,REL,anomaly,0.2123,0.0996,346.91,1,1
MM,web_connectivity,2023-10-08 20:18:11.738347,AS32635,ANON,confirmed,0.4304,0.7585,23.82,1,1
TR,dns_consistency,2023-10-09 00:40:36.967393,AS48048,COMT,ok,0.1244,0.0245,107.46,0,0
TR,http_header_field_manipulation,2023-10-09 05:03:02.196439,AS18345,NEWS,ok,0.126,0.4349,34.3,0,0
AZ,web_connectivity,2023-10-09 09:25:27.425485,AS47656,NEWS,ok,0.011,1.0145,173.31,1,0
AZ,telegram,2023-10-09 13:47:52.654530,AS41628,POLR,ok,0.0174,0.7437,23.37,1,0
IN,tcp_connect,2023-10-09 18:10:17.883576,AS25983,HUMR,ok,0.0764,1.3278,5.0,1,0
RU,whatsapp,2023-10-09 22:32:43.112622,AS28910,ANON,ok,0.0272,0.1399,5.0,1,0
IR,http_header_field_manipulation,2023-10-10 02:55:08.341668,AS25581,REL,anomaly,0.4957,0.7983,25.48,0,1
KZ,whatsapp,2023-10-10 07:17:33.570714,AS50319,REL,ok,0.1222,0.9828,41.63,1,0
KZ,http_header_field_manipulation,2023-10-10 11:39:58.799759,AS45204,COMT,ok,0.0392,1.3997,179.25,0,0
DE,dns_consistency,2023-10-10 16:02:24.028805,AS41628,ANON,ok,0.0888,0.3554,92.7,1,1
TR,telegram,2023-10-10 20:24:49.257851,AS2072,POLR,anomaly,0.5387,0.8547,43.52,1,0
TR,web_connectivity,2023-10-11 00:47:14.486897,AS49977,SRCH,anomaly,0.6268,2.6372,36.68,0,1
KZ,dns_consistency,2023-10-11 05:09:39.715943,AS29338,COMT,ok,0.2106,1.6947,181.1,1,0
TR,web_connectivity,2023-10-11 09:32:04.944989,AS41369,SRCH,ok,0.1495,0.8923,279.65,1,0
US,facebook_messenger,2023-10-11 13:54:30.174034,AS25294,COMM,confirmed,0.2114,0.0118,209.32,0,0
EG,web_connectivity,2023-10-11 18:16:55.403080,AS25581,COMM,ok,0.1253,1.0743,297.33,1,0
CN,web_connectivity,2023-10-11 22:39:20.632126,AS15539,COMM,anomaly,0.9123,0.4038,191.85,0,0
CN,web_connectivity,2023-10-12 03:01:45.861172,AS55374,REL,failure,0.4395,0.1982,812.36,0,1
TR,dns_consistency,2023-10-12 07:24:11.090218,AS22895,REL,ok,0.0694,1.1692,85.61,1,0
VN,web_connectivity,2023-10-12 11:46:36.319263,AS48048,NEWS,ok,0.1498,1.2775,20.41,1,0
MM,tcp_connect,2023-10-12 16:09:01.548309,AS9939,POLR,ok,0.003,0.3969,5.0,1,0
US,web_connectivity,2023-10-12 20:31:26.777355,AS58653,ANON,ok,0.1231,1.2892,225.87,1,0
IR,tcp_connect,2023-10-13 00:53:52.006401,AS32635,LGBT,anomaly,0.3451,0.4728,72.16,1,1
DE,web_connectivity,2023-10-13 05:16:17.235447,AS49977,NEWS,ok,0.2494,0.5907,,1,0
IR,web_connectivity,2023-10-13 09:38:42.464492,AS32671,NEWS,ok,0.1974,1.3024,59.18,1,0
RU,tcp_connect,2023-10-13 14:01:07.693538,AS47656,LGBT,confirmed,0.277,0.3348,33.94,0,1
BR,web_connectivity,2023-10-13 18:23:32.922584,AS4099,ANON,ok,0.0649,0.7708,5.0,1,0
ID,web_connectivity,2023-10-13 22:45:58.151630,AS34008,LGBT,ok,0.2402,2.5892,57.48,1,0
BY,facebook_messenger,2023-10-14 03:08:23.380676,AS34008,HUMR,ok,0.133,0.4871,68.35,1,0
PK,web_connectivity,2023-10-14 07:30:48.609721,AS39530,ANON,ok,0.0756,0.7229,143.22,1,0
EG,web_connectivity,2023-10-14 11:53:13.838767,AS23883,ECON,ok,0.1634,0.0839,174.88,1,0
KZ,web_connectivity,2023-10-14 16:15:39.067813,AS29338,POLR,ok,0.3367,1.9749,29.5,1,0
PK,web_connectivity,2023-10-14 20:38:04.296859,AS23883,COMM,anomaly,0.4436,0.4937,282.49,0,1
NG,web_connectivity,2023-10-15 01:00:29.525905,AS44761,LGBT,ok,0.1515,1.7461,54.27,1,0
IN,whatsapp,2023-10-15 05:22:54.754950,AS51222,HUMR,ok,0.0675,0.1267,104.29,1,0
IR,web_connectivity,2023-10-15 09:45:19.983996,AS18345,COMT,ok,0.1057,1.655,86.14,1,0
DE,web_connectivity,2023-10-15 14:07:45.213042,AS6970,ECON,ok,0.0214,0.501,286.87,0,0
UZ,whatsapp,2023-10-15 18:30:10.442088,AS23883,HUMR,anomaly,0.6113,0.7827,155.02,0,1
BR,web_connectivity,2023-10-15 22:52:35.671134,AS39530,COMM,ok,0.264,0.5858,44.1,1,0
IR,web_connectivity,2023-10-16 03:15:00.900180,AS45204,COMT,confirmed,0.3331,0.0569,174.22,0,1
NG,dns_consistency,2023-10-16 07:37:26.129225,AS15539,ECON,ok,0.0427,0.018,253.24,1,0
DE,web_connectivity,2023-10-16 11:59:51.358271,AS8640,POLR,ok,0.053,1.2879,208.49,1,0
TH,web_connectivity,2023-10-16 16:22:16.587317,AS29338,SRCH,ok,0.2791,1.7233,5.0,1,0
IR,dns_consistency,2023-10-16 20:44:41.816363,AS34008,LGBT,anomaly,0.1541,1.8095,5.0,1,1
EG,facebook_messenger,2023-10-17 01:07:07.045409,AS42772,HUMR,anomaly,0.535,0.6948,134.98,1,1
VN,web_connectivity,2023-10-17 05:29:32.274454,AS50368,COMT,confirmed,0.4122,0.2108,471.08,0,0
FR,tcp_connect,2023-10-17 09:51:57.503500,AS4099,HUMR,ok,0.0223,0.6102,85.05,1,0
BR,web_connectivity,2023-10-17 14:14:22.732546,AS29338,REL,ok,0.2375,0.7479,59.13,1,0
AZ,web_connectivity,2023-10-17 18:36:47.961592,AS25983,REL,ok,0.0073,0.2652,88.18,1,0
RU,web_connectivity,2023-10-17 22:59:13.190638,AS28910,COMT,anomaly,0.6507,0.2766,71.45,1,1
IR,dns_consistency,2023-10-18 03:21:38.419683,AS39530,ECON,ok,0.1116,1.7559,28.47,0,0
TR,web_connectivity,2023-10-18 07:44:03.648729,AS58842,POLR,ok,0.1883,1.1129,39.19,1,0
NG,facebook_messenger,2023-10-18 12:06:28.877775,AS15061,COMT,ok,0.0259,1.2681,23.1,1,0
DE,telegram,2023-10-18 16:28:54.106821,AS8947,ANON,ok,0.0035,0.3473,127.33,1,0
CN,dns_consistency,2023-10-18 20:51:19.335867,AS20634,ECON,ok,0.141,0.2369,233.14,1,0
BR,web_connectivity,2023-10-19 01:13:44.564912,AS58842,ANON,ok,0.1123,0.2754,35.59,1,0
BR,dns_consistency,2023-10-19 05:36:09.793958,AS51947,HUMR,ok,0.0097,0.0314,75.22,0,0
US,tcp_connect,2023-10-19 09:58:35.023004,AS58842,POLR,ok,0.08,0.9359,103.36,1,0
RU,web_connectivity,2023-10-19 14:21:00.252050,AS55374,COMT,ok,0.037,0.7577,359.75,1,0
UZ,web_connectivity,2023-10-19 18:43:25.481096,AS20553,NEWS,ok,,0.6439,202.43,1,0
BR,web_connectivity,2023-10-19 23:05:50.710142,AS52965,LGBT,failure,0.719,0.7457,291.55,1,0
CN,web_connectivity,2023-10-20 03:28:15.939187,AS35044,SRCH,anomaly,0.7102,0.9987,130.68,1,1
VN,web_connectivity,2023-10-20 07:50:41.168233,AS28647,REL,ok,0.1515,0.0107,123.55,1,0
TR,facebook_messenger,2023-10-20 12:13:06.397279,AS35044,COMT,ok,0.0623,1.021,118.95,1,0
US,web_connectivity,2023-10-20 16:35:31.626325,AS4099,ECON,ok,0.0001,0.2751,276.83,1,0
TR,web_connectivity,2023-10-20 20:57:56.855371,AS35011,ANON,ok,0.0217,0.1796,125.58,1,0
KZ,facebook_messenger,2023-10-21 01:20:22.084416,AS29338,COMM,ok,0.203,1.0963,5.0,1,0
FR,dns_consistency,2023-10-21 05:42:47.313462,AS6146,COMT,ok,0.0356,0.5781,96.39,1,0
IR,tcp_connect,2023-10-21 10:05:12.542508,AS50368,REL,failure,,1.2016,52.98,0,0
RU,web_connectivity,2023-10-21 14:27:37.771554,AS20553,POLR,ok,0.1091,1.5426,41.04,1,0
CN,dns_consistency,2023-10-21 18:50:03.000600,AS50368,COMT,anomaly,0.7751,0.8262,98.74,0,1
BR,web_connectivity,2023-10-21 23:12:28.229645,AS32635,POLR,ok,0.0353,0.5953,22.54,1,0
IR,web_connectivity,2023-10-22 03:34:53.458691,AS25294,NEWS,anomaly,0.8872,0.863,115.63,0,0
MM,dns_consistency,2023-10-22 07:57:18.687737,AS22895,LGBT,ok,0.0678,2.9054,208.49,1,0
IN,dns_consistency,2023-10-22 12:19:43.916783,AS55961,COMM,ok,0.3973,0.8963,5.0,1,0
NG,web_connectivity,2023-10-22 16:42:09.145829,AS47656,REL,ok,0.048,0.0884,5.0,1,1
DE,tcp_connect,2023-10-22 21:04:34.374874,AS34008,ECON,ok,0.1639,1.2183,5.0,1,0
KZ,dns_consistency,2023-10-23 01:26:59.603920,AS20553,COMM,ok,0.0662,1.3028,,1,0
RU,http_header_field_manipulation,2023-10-23 05:49:24.832966,AS58842,ECON,ok,0.2083,0.9495,5.0,1,0
EG,web_connectivity,2023-10-23 10:11:50.062012,AS52615,ANON,ok,0.014,0.1904,309.91,1,0
VN,whatsapp,2023-10-23 14:34:15.291058,AS53867,NEWS,ok,0.0219,1.8448,,1,0
NG,web_connectivity,2023-10-23 18:56:40.520104,AS22895,NEWS,ok,0.1135,0.189,5.0,1,0
IN,dns_consistency,2023-10-23 23:19:05.749149,AS22453,REL,ok,0.1018,0.5809,76.02,1,0
RU,web_connectivity,2023-10-24 03:41:30.978195,AS49977,LGBT,ok,0.3245,0.2199,137.57,1,0
VN,telegram,2023-10-24 08:03:56.207241,AS25884,POLR,anomaly,0.0954,0.0315,5.0,1,0
BY,telegram,2023-10-24 12:26:21.436287,AS4099,ANON,confirmed,,0.1475,75.13,0,0
RU,web_connectivity,2023-10-24 16:48:46.665333,AS49724,COMM,anomaly,0.5456,0.8726,80.04,0,0
DE,tcp_connect,2023-10-24 21:11:11.894378,AS18345,COMM,ok,0.249,0.7718,92.27,1,0
IR,web_connectivity,2023-10-25 01:33:37.123424,AS41085,ANON,confirmed,0.6546,0.0895,100.64,1,0
NG,web_connectivity,2023-10-25 05:56:02.352470,AS13266,COMT,ok,0.0799,0.2357,133.15,1,0
MM,whatsapp,2023-10-25 10:18:27.581516,AS33842,ANON,ok,0.1244,0.4206,30.57,1,0
VN,web_connectivity,2023-10-25 14:40:52.810562,AS34008,ECON,ok,0.0808,0.6883,632.37,1,0
TR,web_connectivity,2023-10-25 19:03:18.039607,AS18345,LGBT,anomaly,0.6414,0.137,11.59,0,0
IR,http_header_field_manipulation,2023-10-25 23:25:43.268653,AS34008,SRCH,anomaly,0.43,1.3354,445.5,1,1
MM,tcp_connect,2023-10-26 03:48:08.497699,AS2072,POLR,anomaly,0.233,1.273,145.48,1,1
TR,web_connectivity,2023-10-26 08:10:33.726745,AS4099,LGBT,anomaly,0.9257,0.1644,123.99,0,1
RU,web_connectivity,2023-10-26 12:32:58.955791,AS22895,COMT,ok,0.3011,1.2445,310.39,1,0
BR,web_connectivity,2023-10-26 16:55:24.184836,AS39530,ECON,ok,0.099,2.6911,272.18,1,0
CN,web_connectivity,2023-10-26 21:17:49.413882,AS28910,ECON,ok,0.0325,0.9082,32.1,1,0
BY,web_connectivity,2023-10-27 01:40:14.642928,AS48048,POLR,ok,0.1011,1.3607,121.29,1,0
IR,facebook_messenger,2023-10-27 06:02:39.871974,AS17131,ECON,anomaly,0.6619,0.1656,122.17,1,1
DE,web_connectivity,2023-10-27 10:25:05.101020,AS58569,POLR,ok,0.1209,1.6568,67.81,1,0
CN,dns_consistency,2023-10-27 14:47:30.330066,AS2175,SRCH,failure,0.7904,1.1753,156.23,0,1
VN,telegram,2023-10-27 19:09:55.559111,AS58653,COMT,failure,0.923,0.2434,241.42,1,0
US,http_header_field_manipulation,2023-10-27 23:32:20.788157,AS55874,ECON,ok,0.0355,0.4867,41.84,1,0
MM,web_connectivity,2023-10-28 03:54:46.017203,AS22453,HUMR,anomaly,0.804,0.9471,27.25,1,1
DE,dns_consistency,2023-10-28 08:17:11.246249,AS23883,NEWS,ok,0.1784,0.4565,17.01,1,0
RU,telegram,2023-10-28 12:39:36.475295,AS4899,ECON,anomaly,0.4044,0.0762,81.08,0,1
CN,web_connectivity,2023-10-28 17:02:01.704340,AS10526,NEWS,anomaly,0.3975,1.5587,301.43,0,1
FR,web_connectivity,2023-10-28 21:24:26.933386,AS25294,COMM,ok,0.3466,0.3758,210.53,1,1
IN,web_connectivity,2023-10-29 01:46:52.162432,AS32671,HUMR,ok,0.2184,0.5277,5.0,1,0
NG,dns_consistency,2023-10-29 06:09:17.391478,AS32671,REL,ok,0.0525,0.0758,153.45,1,0
KZ,web_connectivity,2023-10-29 10:31:42.620524,AS42135,ECON,anomaly,0.4129,0.9043,132.23,0,1
RU,tcp_connect,2023-10-29 14:54:07.849569,AS2175,LGBT,anomaly,,0.6808,164.72,1,1
VN,http_header_field_manipulation,2023-10-29 19:16:33.078615,AS13761,COMM,ok,0.0317,0.8438,145.5,1,0
TR,web_connectivity,2023-10-29 23:38:58.307661,AS42135,ANON,ok,0.1788,0.3521,12.96,1,0
CN,tcp_connect,2023-10-30 04:01:23.536707,AS42135,ANON,confirmed,0.842,0.0251,144.43,0,1
CN,web_connectivity,2023-10-30 08:23:48.765753,AS47656,COMM,failure,0.3831,0.5915,173.12,0,0
BY,tcp_connect,2023-10-30 12:46:13.994798,AS52965,REL,ok,0.1317,0.3704,,1,0
IN,http_header_field_manipulation,2023-10-30 17:08:39.223844,AS35011,LGBT,ok,0.0966,0.4439,148.08,1,0
RU,http_header_field_manipulation,2023-10-30 21:31:04.452890,AS17131,REL,anomaly,0.7047,0.7301,,0,1
RU,web_connectivity,2023-10-31 01:53:29.681936,AS19698,REL,ok,0.0062,1.3925,75.56,0,0
IR,http_header_field_manipulation,2023-10-31 06:15:54.910982,AS40389,COMT,anomaly,0.952,0.1853,32.41,0,1
KZ,dns_consistency,2023-10-31 10:38:20.140028,AS58945,NEWS,ok,0.0645,0.6221,198.51,1,1
IN,dns_consistency,2023-10-31 15:00:45.369073,AS38379,ECON,ok,,0.894,346.13,1,0
UZ,web_connectivity,2023-10-31 19:23:10.598119,AS8947,REL,ok,0.1009,0.821,62.72,1,0
MM,web_connectivity,2023-10-31 23:45:35.827165,AS25294,POLR,ok,0.0756,0.0576,79.76,1,0
BY,web_connectivity,2023-11-01 04:08:01.056211,AS19111,COMT,anomaly,0.6439,1.3668,14.81,1,0
TR,web_connectivity,2023-11-01 08:30:26.285257,AS51222,ANON,confirmed,0.4611,0.8646,60.07,0,0
CN,web_connectivity,2023-11-01 12:52:51.514302,AS48048,SRCH,confirmed,0.5794,0.1187,44.69,0,0
BR,http_header_field_manipulation,2023-11-01 17:15:16.743348,AS35011,POLR,ok,0.2481,0.4739,150.63,1,0
IN,web_connectivity,2023-11-01 21:37:41.972394,AS2182,COMM,ok,0.0281,1.3011,408.93,1,0
US,web_connectivity,2023-11-02 02:00:07.201440,AS9939,HUMR,ok,0.048,0.8128,195.54,1,0
RU,dns_consistency,2023-11-02 06:22:32.430486,AS4099,POLR,ok,0.0263,0.5172,34.9,1,0
FR,dns_consistency,2023-11-02 10:44:57.659531,AS25983,HUMR,ok,0.096,1.3256,124.52,1,1
RU,dns_consistency,2023-11-02 15:07:22.888577,AS35011,REL,anomaly,0.8883,0.778,725.47,1,1
IR,whatsapp,2023-11-02 19:29:48.117623,AS58653,POLR,anomaly,0.507,0.8565,5.0,1,1
VN,tcp_connect,2023-11-02 23:52:13.346669,AS47656,COMT,anomaly,0.5315,0.2549,19.62,0,1
IR,web_connectivity,2023-11-03 04:14:38.575715,AS55374,SRCH,anomaly,0.6112,0.4677,21.84,1,0
IR,dns_consistency,2023-11-03 08:37:03.804760,AS25581,NEWS,confirmed,0.8443,0.0642,140.03,0,1
IR,web_connectivity,2023-11-03 12:59:29.033806,AS15631,SRCH,ok,0.3836,0.3036,231.15,1,1
RU,web_connectivity,2023-11-03 17:21:54.262852,AS32671,COMT,anomaly,0.8615,0.1796,43.19,0,0
CN,facebook_messenger,2023-11-03 21:44:19.491898,AS22453,ECON,ok,0.0609,1.164,42.63,1,0
CN,dns_consistency,2023-11-04 02:06:44.720944,AS36237,POLR,ok,0.0181,0.1784,54.3,1,0
US,http_header_field_manipulation,2023-11-04 06:29:09.949990,AS52615,COMM,ok,0.259,0.3062,85.32,1,0
DE,facebook_messenger,2023-11-04 10:51:35.179035,AS53867,SRCH,ok,0.0583,0.019,31.62,0,0
DE,web_connectivity,2023-11-04 15:14:00.408081,AS20634,NEWS,ok,0.2896,0.4655,5.0,1,0
NG,web_connectivity,2023-11-04 19:36:25.637127,AS58653,HUMR,ok,0.0188,0.7228,5.0,1,1
CN,web_connectivity,2023-11-04 23:58:50.866173,AS50368,ANON,ok,0.0722,0.533,5.0,1,0
IR,web_connectivity,2023-11-05 04:21:16.095219,AS45204,COMM,ok,0.1072,1.1614,213.66,1,0
AZ,web_connectivity,2023-11-05 08:43:41.324264,AS2072,LGBT,ok,0.1515,0.2809,45.69,1,0
NG,vanilla_tor,2023-11-05 13:06:06.553310,AS4099,SRCH,ok,0.136,0.3109,90.73,1,0
RU,facebook_messenger,2023-11-05 17:28:31.782356,AS25294,HUMR,ok,0.3265,1.9513,143.11,1,0
ID,http_header_field_manipulation,2023-11-05 21:50:57.011402,AS20634,ANON,ok,0.0313,0.2082,19.85,0,0
VN,tcp_connect,2023-11-06 02:13:22.240448,AS49977,ECON,anomaly,0.7506,1.0146,27.6,0,1
IR,web_connectivity,2023-11-06 06:35:47.469493,AS44761,POLR,confirmed,0.6018,0.4753,5.0,0,0
ID,dns_consistency,2023-11-06 10:58:12.698539,AS55374,NEWS,ok,0.3136,3.2768,300.4,1,0
IN,web_connectivity,2023-11-06 15:20:37.927585,AS50319,SRCH,ok,0.1626,0.5497,28.06,1,0
FR,web_connectivity,2023-11-06 19:43:03.156631,AS25581,REL,ok,0.0668,0.555,111.32,1,0
IR,web_connectivity,2023-11-07 00:05:28.385677,AS41628,ECON,confirmed,0.6412,0.3808,258.77,0,1
IR,http_header_field_manipulation,2023-11-07 04:27:53.614722,AS13761,COMT,ok,0.0491,0.3052,230.68,1,0
VN,web_connectivity,2023-11-07 08:50:18.843768,AS25983,LGBT,confirmed,0.4735,0.3595,27.1,0,0
RU,web_connectivity,2023-11-07 13:12:44.072814,AS17131,COMT,ok,,0.3012,56.11,1,0
RU,http_header_field_manipulation,2023-11-07 17:35:09.301860,AS22895,ANON,anomaly,0.5195,0.5369,5.0,0,1
MM,http_header_field_manipulation,2023-11-07 21:57:34.530906,AS10526,POLR,ok,0.0995,1.553,26.16,1,0
IR,web_connectivity,2023-11-08 02:19:59.759951,AS53867,LGBT,failure,0.1699,0.1166,665.27,1,1
UZ,web_connectivity,2023-11-08 06:42:24.988997,AS25581,COMM,ok,0.1346,0.9997,,1,0
IN,whatsapp,2023-11-08 11:04:50.218043,AS22895,ANON,ok,0.0075,1.0064,21.78,1,0
AZ,web_connectivity,2023-11-08 15:27:15.447089,AS4899,LGBT,ok,0.0612,1.3529,227.7,0,0
IN,http_header_field_manipulation,2023-11-08 19:49:40.676135,AS25581,POLR,ok,0.0863,1.0344,88.31,1,0
US,web_connectivity,2023-11-09 00:12:05.905181,AS48048,POLR,ok,0.3101,1.1308,360.68,1,0
TR,http_header_field_manipulation,2023-11-09 04:34:31.134226,AS42135,ECON,failure,0.4353,1.0443,84.44,1,1
VN,http_header_field_manipulation,2023-11-09 08:56:56.363272,AS49977,SRCH,failure,0.639,1.9404,841.11,1,1
TR,tcp_connect,2023-11-09 13:19:21.592318,AS42135,COMT,anomaly,0.8706,0.6863,177.15,0,1
CN,web_connectivity,2023-11-09 17:41:46.821364,AS28910,LGBT,confirmed,,0.1037,172.66,0,1
RU,web_connectivity,2023-11-09 22:04:12.050410,AS51222,NEWS,failure,0.1203,0.5635,1269.73,1,1
RU,tcp_connect,2023-11-10 02:26:37.279455,AS4263,LGBT,ok,0.1451,2.1004,30.0,1,1
TR,web_connectivity,2023-11-10 06:49:02.508501,AS51947,ANON,ok,0.1437,0.7916,56.44,1,0
EG,whatsapp,2023-11-10 11:11:27.737547,AS23883,COMT,ok,0.3448,0.3693,280.52,1,0
CN,tcp_connect,2023-11-10 15:33:52.966593,AS52965,COMM,anomaly,0.6075,1.1794,99.36,1,1
TR,dns_consistency,2023-11-10 19:56:18.195639,AS55874,HUMR,failure,0.8252,0.674,490.62,0,1
KZ,vanilla_tor,2023-11-11 00:18:43.424684,AS20634,REL,ok,0.1786,0.7064,10.6,1,0
NG,dns_consistency,2023-11-11 04:41:08.653730,AS36237,POLR,ok,0.0959,0.5414,112.33,1,0
UZ,http_header_field_manipulation,2023-11-11 09:03:33.882776,AS59099,REL,anomaly,0.7926,1.1449,231.75,1,0
UZ,http_header_field_manipulation,2023-11-11 13:25:59.111822,AS32635,NEWS,confirmed,0.9341,0.0129,5.0,1,0
RU,dns_consistency,2023-11-11 17:48:24.340868,AS25884,REL,anomaly,0.276,0.8092,695.83,0,1
ID,dns_consistency,2023-11-11 22:10:49.569913,AS2182,COMM,anomaly,0.4573,0.7729,29.49,1,0
RU,tcp_connect,2023-11-12 02:33:14.798959,AS17131,HUMR,ok,0.0706,0.009,114.05,1,0
UZ,dns_consistency,2023-11-12 06:55:40.028005,AS32671,ECON,ok,0.1331,0.4541,87.62,1,0
US,dns_consistency,2023-11-12 11:18:05.257051,AS17131,COMM,ok,0.0391,0.1411,219.6,1,0
US,http_header_field_manipulation,2023-11-12 15:40:30.486097,AS15061,NEWS,ok,0.2341,1.0643,90.08,1,1
EG,web_connectivity,2023-11-12 20:02:55.715143,AS55874,POLR,ok,0.0162,1.7478,54.86,1,0
AZ,web_connectivity,2023-11-13 00:25:20.944188,AS57909,COMM,confirmed,0.7589,0.133,405.13,1,1
NG,web_connectivity,2023-11-13 04:47:46.173234,AS7926,POLR,ok,0.0064,0.2544,101.86,1,0
IN,web_connectivity,2023-11-13 09:10:11.402280,AS58653,HUMR,ok,,0.4318,5.0,1,0
IR,whatsapp,2023-11-13 13:32:36.631326,AS22895,ANON,ok,0.0154,0.1583,52.23,0,0
MM,http_header_field_manipulation,2023-11-13 17:55:01.860372,AS15061,POLR,failure,0.2344,0.9598,674.24,1,0
IR,facebook_messenger,2023-11-13 22:17:27.089417,AS46987,REL,anomaly,0.6008,2.1904,,1,1
EG,web_connectivity,2023-11-14 02:39:52.318463,AS41369,COMM,ok,0.0297,2.6784,154.66,1,0
US,tcp_connect,2023-11-14 07:02:17.547509,AS19111,NEWS,ok,0.2588,0.9281,45.04,1,0
IN,web_connectivity,2023-11-14 11:24:42.776555,AS49724,NEWS,failure,0.5019,0.5365,84.2,1,1
NG,web_connectivity,2023-11-14 15:47:08.005601,AS2592,SRCH,confirmed,0.2518,0.4837,68.91,0,1
PK,whatsapp,2023-11-14 20:09:33.234646,AS15061,LGBT,ok,0.1823,1.3586,99.76,1,0
TH,web_connectivity,2023-11-15 00:31:58.463692,AS29606,NEWS,ok,0.1019,1.7469,264.23,0,0
CN,web_connectivity,2023-11-15 04:54:23.692738,AS28910,REL,failure,0.6107,0.8918,179.93,0,1
TH,web_connectivity,2023-11-15 09:16:48.921784,AS25884,HUMR,ok,0.0049,0.2116,300.33,1,0
ID,tcp_connect,2023-11-15 13:39:14.150830,AS40389,NEWS,confirmed,0.4785,0.2427,,1,0
MM,http_header_field_manipulation,2023-11-15 18:01:39.379875,AS15539,POLR,ok,0.1093,0.4533,116.19,1,0
KZ,web_connectivity,2023-11-15 22:24:04.608921,AS50368,ECON,failure,0.3434,0.1506,822.27,1,1
VN,web_connectivity,2023-11-16 02:46:29.837967,AS36237,NEWS,ok,0.1098,1.8788,157.05,1,0
RU,web_connectivity,2023-11-16 07:08:55.067013,AS6146,LGBT,anomaly,0.5024,1.1715,36.06,0,1
BR,web_connectivity,2023-11-16 11:31:20.296059,AS54883,LGBT,ok,0.0541,0.7622,31.14,1,1
PK,whatsapp,2023-11-16 15:53:45.525105,AS2182,SRCH,ok,0.0099,0.1669,38.43,1,0
TH,telegram,2023-11-16 20:16:10.754150,AS53867,POLR,ok,0.0623,1.8044,104.53,1,0
BR,facebook_messenger,2023-11-17 00:38:35.983196,AS29338,REL,ok,0.0149,0.5087,150.26,1,0
MM,whatsapp,2023-11-17 05:01:01.212242,AS15631,SRCH,ok,0.1096,0.9488,19.86,1,0
EG,whatsapp,2023-11-17 09:23:26.441288,AS47656,COMM,ok,,1.3754,28.44,1,0
TR,tcp_connect,2023-11-17 13:45:51.670334,AS25294,SRCH,failure,0.5529,2.3303,63.39,0,0
IR,facebook_messenger,2023-11-17 18:08:16.899379,AS2175,REL,anomaly,0.7384,1.0585,5.0,0,1
PK,whatsapp,2023-11-17 22:30:42.128425,AS53867,HUMR,ok,0.242,0.274,287.04,1,0
CN,dns_consistency,2023-11-18 02:53:07.357471,AS54883,COMT,ok,0.0083,0.1999,280.02,1,0
CN,web_connectivity,2023-11-18 07:15:32.586517,AS35011,ANON,confirmed,0.5949,0.5201,5.0,0,1
NG,dns_consistency,2023-11-18 11:37:57.815563,AS36237,HUMR,ok,0.0621,0.2252,223.55,1,0
MM,http_header_field_manipulation,2023-11-18 16:00:23.044608,AS25983,COMM,ok,0.039,0.2372,79.19,1,0
BR,dns_consistency,2023-11-18 20:22:48.273654,AS40389,ANON,ok,0.0291,1.0944,130.74,1,0
KZ,http_header_field_manipulation,2023-11-19 00:45:13.502700,AS46987,COMT,confirmed,0.8504,0.5144,100.92,0,1
CN,http_header_field_manipulation,2023-11-19 05:07:38.731746,AS10526,ECON,failure,0.4078,0.136,1165.01,1,1
CN,web_connectivity,2023-11-19 09:30:03.960792,AS13761,SRCH,ok,0.0136,0.2593,125.0,1,0
NG,web_connectivity,2023-11-19 13:52:29.189837,AS48048,COMM,ok,0.0468,0.9061,37.33,1,0
BY,whatsapp,2023-11-19 18:14:54.418883,AS19698,NEWS,ok,0.1101,0.2118,64.97,1,0
US,dns_consistency,2023-11-19 22:37:19.647929,AS53867,HUMR,ok,0.1131,0.527,66.62,1,0
RU,web_connectivity,2023-11-20 02:59:44.876975,AS42772,REL,ok,0.1619,1.4397,330.56,1,0
VN,whatsapp,2023-11-20 07:22:10.106021,AS40389,COMM,ok,0.0022,1.5188,7.34,1,0
MM,web_connectivity,2023-11-20 11:44:35.335067,AS4899,COMM,ok,0.1503,1.1232,200.06,1,0
CN,web_connectivity,2023-11-20 16:07:00.564112,AS46987,LGBT,failure,0.2218,0.6718,483.34,0,0
RU,web_connectivity,2023-11-20 20:29:25.793158,AS8947,LGBT,anomaly,0.6651,0.1737,175.56,1,1
US,whatsapp,2023-11-21 00:51:51.022204,AS1588,POLR,ok,0.0211,0.7643,23.03,1,0
RU,tcp_connect,2023-11-21 05:14:16.251250,AS18345,ECON,anomaly,0.4433,1.1586,39.01,0,1
IN,dns_consistency,2023-11-21 09:36:41.480296,AS41369,LGBT,ok,0.0568,0.0192,178.68,1,0
RU,telegram,2023-11-21 13:59:06.709341,AS2592,ECON,anomaly,0.4439,1.4917,5.0,0,0
CN,telegram,2023-11-21 18:21:31.938387,AS25294,SRCH,ok,0.1297,0.8487,231.1,1,0
IN,http_header_field_manipulation,2023-11-21 22:43:57.167433,AS39530,POLR,ok,0.1097,1.1092,83.27,1,0
IR,telegram,2023-11-22 03:06:22.396479,AS35011,ECON,confirmed,0.8624,0.2309,137.23,0,1
IR,http_header_field_manipulation,2023-11-22 07:28:47.625525,AS29338,COMT,anomaly,0.2737,0.0831,39.39,0,1
BY,http_header_field_manipulation,2023-11-22 11:51:12.854570,AS57909,NEWS,ok,0.0816,0.1808,147.25,1,0
RU,web_connectivity,2023-11-22 16:13:38.083616,AS26441,SRCH,ok,0.6618,0.0902,314.05,1,0
VN,web_connectivity,2023-11-22 20:36:03.312662,AS49977,HUMR,failure,0.5333,2.0252,98.34,0,1
MM,web_connectivity,2023-11-23 00:58:28.541708,AS41085,NEWS,anomaly,0.3609,0.144,219.39,0,1
IR,tcp_connect,2023-11-23 05:20:53.770754,AS40389,LGBT,anomaly,0.6089,0.9601,92.11,1,1
CN,web_connectivity,2023-11-23 09:43:18.999799,AS2175,SRCH,anomaly,0.2868,2.8167,15.59,0,1
NG,web_connectivity,2023-11-23 14:05:44.228845,AS41369,COMM,ok,0.1283,0.239,212.7,1,0
TR,web_connectivity,2023-11-23 18:28:09.457891,AS20634,NEWS,ok,0.1528,0.1887,35.02,1,0
DE,dns_consistency,2023-11-23 22:50:34.686937,AS4899,POLR,ok,0.1623,1.9387,214.18,1,0
BY,web_connectivity,2023-11-24 03:12:59.915983,AS29606,SRCH,ok,0.2543,2.1844,52.99,1,0
IR,whatsapp,2023-11-24 07:35:25.145029,AS25294,SRCH,confirmed,0.5254,0.4165,150.41,1,1
NG,facebook_messenger,2023-11-24 11:57:50.374074,AS20553,ECON,ok,0.1705,0.8302,131.51,1,0
TH,facebook_messenger,2023-11-24 16:20:15.603120,AS58569,SRCH,ok,0.0947,1.0197,73.67,1,0
RU,http_header_field_manipulation,2023-11-24 20:42:40.832166,AS32635,COMM,ok,0.0654,0.3844,235.16,1,0
RU,facebook_messenger,2023-11-25 01:05:06.061212,AS20553,COMM,ok,0.0012,1.7004,61.22,1,0
BR,web_connectivity,2023-11-25 05:27:31.290258,AS25294,ECON,ok,0.0907,1.6224,211.94,1,0
ID,dns_consistency,2023-11-25 09:49:56.519303,AS50319,COMT,ok,0.1089,0.8376,109.25,1,0
CN,web_connectivity,2023-11-25 14:12:21.748349,AS50319,HUMR,ok,0.0107,1.0013,37.75,1,0
TR,telegram,2023-11-25 18:34:46.977395,AS51947,ECON,ok,0.2713,0.057,34.35,1,0
RU,web_connectivity,2023-11-25 22:57:12.206441,AS25983,NEWS,ok,0.0083,0.0318,227.38,1,0
IN,http_header_field_manipulation,2023-11-26 03:19:37.435487,AS4099,ECON,ok,0.1047,0.373,48.3,1,0
RU,tcp_connect,2023-11-26 07:42:02.664532,AS9939,COMM,ok,0.1793,0.742,131.42,1,0
IN,dns_consistency,2023-11-26 12:04:27.893578,AS28647,NEWS,ok,0.0379,0.4852,85.86,1,0
BR,web_connectivity,2023-11-26 16:26:53.122624,AS35044,HUMR,ok,0.1162,0.3246,56.53,1,0
FR,http_header_field_manipulation,2023-11-26 20:49:18.351670,AS55961,NEWS,ok,0.1203,0.4406,272.66,1,0
MM,tcp_connect,2023-11-27 01:11:43.580716,AS54883,NEWS,ok,0.087,0.4845,68.81,1,1
BY,web_connectivity,2023-11-27 05:34:08.809761,AS50319,POLR,failure,0.631,0.5883,983.88,0,1
CN,tcp_connect,2023-11-27 09:56:34.038807,AS24775,LGBT,anomaly,0.5579,1.0086,,1,1
RU,whatsapp,2023-11-27 14:18:59.267853,AS2175,ANON,ok,0.0107,1.1055,55.45,1,0
NG,vanilla_tor,2023-11-27 18:41:24.496899,AS2182,ANON,ok,0.0988,0.733,328.71,1,0
US,web_connectivity,2023-11-27 23:03:49.725945,AS11241,HUMR,ok,0.227,1.421,29.08,1,0
US,web_connectivity,2023-11-28 03:26:14.954991,AS47656,POLR,ok,0.0256,0.3301,95.15,1,0
IR,web_connectivity,2023-11-28 07:48:40.184036,AS25884,COMT,ok,0.0368,1.111,5.0,1,0
US,http_header_field_manipulation,2023-11-28 12:11:05.413082,AS44761,HUMR,ok,0.0519,0.0774,23.3,1,0
IR,telegram,2023-11-28 16:33:30.642128,AS35044,LGBT,confirmed,0.6137,0.4904,5.99,0,0
IN,telegram,2023-11-28 20:55:55.871174,AS25884,COMM,ok,0.2269,0.5144,142.12,0,0
RU,telegram,2023-11-29 01:18:21.100220,AS49977,REL,anomaly,0.879,1.2387,33.11,1,1
AZ,http_header_field_manipulation,2023-11-29 05:40:46.329265,AS36237,POLR,ok,0.0166,1.5095,85.28,1,0
RU,http_header_field_manipulation,2023-11-29 10:03:11.558311,AS6970,POLR,ok,0.0272,1.3662,72.19,0,0
TH,web_connectivity,2023-11-29 14:25:36.787357,AS53867,COMM,ok,0.1929,0.015,269.3,1,0
AZ,web_connectivity,2023-11-29 18:48:02.016403,AS46987,COMT,ok,0.1263,0.9432,185.15,1,0
PK,telegram,2023-11-29 23:10:27.245449,AS41628,LGBT,ok,0.0409,0.489,,1,0
FR,http_header_field_manipulation,2023-11-30 03:32:52.474494,AS4263,NEWS,ok,0.0328,0.126,296.35,1,1
RU,dns_consistency,2023-11-30 07:55:17.703540,AS20634,ANON,anomaly,0.7997,0.0544,101.35,0,0
NG,web_connectivity,2023-11-30 12:17:42.932586,AS59099,LGBT,ok,0.0975,0.8194,234.01,1,1
BY,web_connectivity,2023-11-30 16:40:08.161632,AS58653,COMT,ok,0.1937,1.1678,222.41,1,0
IR,dns_consistency,2023-11-30 21:02:33.390678,AS32671,COMM,ok,0.0231,0.4024,177.63,1,0
BR,telegram,2023-12-01 01:24:58.619723,AS28647,HUMR,ok,0.0159,1.6739,43.9,1,0
IN,web_connectivity,2023-12-01 05:47:23.848769,AS11241,SRCH,ok,0.0805,0.5211,217.38,1,0
DE,web_connectivity,2023-12-01 10:09:49.077815,AS49977,LGBT,ok,0.0508,0.0544,86.18,1,1
UZ,http_header_field_manipulation,2023-12-01 14:32:14.306861,AS58653,COMM,ok,0.009,0.0914,26.26,1,0
US,web_connectivity,2023-12-01 18:54:39.535907,AS35011,REL,ok,0.0481,0.5827,9.26,1,0
RU,web_connectivity,2023-12-01 23:17:04.764952,AS15631,COMM,ok,0.2051,0.8364,158.79,1,0
TH,web_connectivity,2023-12-02 03:39:29.993998,AS36237,HUMR,ok,0.0329,1.3588,53.83,1,0
IR,dns_consistency,2023-12-02 08:01:55.223044,AS33842,COMT,ok,0.0214,0.5062,56.66,0,0
KZ,dns_consistency,2023-12-02 12:24:20.452090,AS58569,SRCH,ok,0.2556,0.8903,107.27,1,0
FR,telegram,2023-12-02 16:46:45.681136,AS49724,REL,ok,0.0176,0.3138,38.12,1,0
AZ,dns_consistency,2023-12-02 21:09:10.910182,AS50319,COMM,ok,0.0699,0.5311,29.42,1,0
VN,http_header_field_manipulation,2023-12-03 01:31:36.139227,AS13266,ANON,anomaly,0.5857,0.6426,164.77,0,1
PK,web_connectivity,2023-12-03 05:54:01.368273,AS33842,COMT,ok,0.0471,0.7823,132.95,1,0
VN,http_header_field_manipulation,2023-12-03 10:16:26.597319,AS29338,COMM,ok,0.0059,0.3677,293.43,1,0
DE,http_header_field_manipulation,2023-12-03 14:38:51.826365,AS25884,NEWS,ok,0.0541,0.5157,162.08,1,0
CN,web_connectivity,2023-12-03 19:01:17.055411,AS50368,ANON,ok,0.0832,1.2456,62.42,0,0
TR,http_header_field_manipulation,2023-12-03 23:23:42.284456,AS4099,COMM,ok,0.0711,0.0532,59.35,1,0
EG,web_connectivity,2023-12-04 03:46:07.513502,AS19111,ECON,ok,0.0197,1.6504,105.64,1,0
NG,dns_consistency,2023-12-04 08:08:32.742548,AS38379,COMM,ok,0.0468,0.1242,65.77,1,0
BR,http_header_field_manipulation,2023-12-04 12:30:57.971594,AS58842,POLR,ok,0.0138,1.1649,503.69,1,0
VN,http_header_field_manipulation,2023-12-04 16:53:23.200640,AS26441,ANON,confirmed,0.4052,0.2342,8.36,1,1
PK,telegram,2023-12-04 21:15:48.429685,AS25983,COMT,failure,0.3887,0.0962,469.69,1,0
PK,facebook_messenger,2023-12-05 01:38:13.658731,AS38379,REL,ok,0.1228,0.0499,88.06,1,0
IR,tcp_connect,2023-12-05 06:00:38.887777,AS35011,REL,confirmed,0.6246,0.0413,295.29,1,1
IN,whatsapp,2023-12-05 10:23:04.116823,AS42135,ECON,ok,0.2036,0.1466,254.74,1,0
CN,web_connectivity,2023-12-05 14:45:29.345869,AS9939,ANON,anomaly,0.5035,1.6834,282.04,0,1
US,web_connectivity,2023-12-05 19:07:54.574914,AS25884,HUMR,ok,0.0741,0.404,556.96,1,0
RU,web_connectivity,2023-12-05 23:30:19.803960,AS4263,COMT,failure,0.8095,0.3019,117.24,0,1
PK,web_connectivity,2023-12-06 03:52:45.033006,AS28647,COMM,ok,0.3572,0.0019,83.52,1,0
IR,web_connectivity,2023-12-06 08:15:10.262052,AS41628,LGBT,ok,0.0842,0.2101,19.14,1,0
CN,whatsapp,2023-12-06 12:37:35.491098,AS55874,ANON,confirmed,0.1698,0.1432,198.43,1,1
MM,dns_consistency,2023-12-06 17:00:00.720144,AS51222,ECON,ok,0.1748,0.9196,106.61,1,0
RU,http_header_field_manipulation,2023-12-06 21:22:25.949189,AS58653,ECON,ok,0.1896,0.2538,148.21,1,0
VN,web_connectivity,2023-12-07 01:44:51.178235,AS6970,HUMR,confirmed,0.8753,0.0535,18.95,1,1
UZ,http_header_field_manipulation,2023-12-07 06:07:16.407281,AS15061,REL,ok,0.5005,1.0875,11.36,1,0
NG,tcp_connect,2023-12-07 10:29:41.636327,AS19111,SRCH,ok,0.1224,0.9079,5.0,0,0
EG,web_connectivity,2023-12-07 14:52:06.865373,AS54883,REL,ok,0.083,0.5992,179.3,1,0
MM,telegram,2023-12-07 19:14:32.094418,AS11241,COMT,ok,0.0072,0.2526,56.32,1,0
CN,web_connectivity,2023-12-07 23:36:57.323464,AS15539,NEWS,confirmed,0.8292,0.3684,214.32,1,1
BR,telegram,2023-12-08 03:59:22.552510,AS54883,REL,ok,0.1085,0.6179,97.27,1,0
TR,web_connectivity,2023-12-08 08:21:47.781556,AS2592,REL,ok,0.015,0.9495,27.23,1,0
CN,dns_consistency,2023-12-08 12:44:13.010602,AS2175,LGBT,ok,0.1847,0.8241,9.32,1,0
CN,vanilla_tor,2023-12-08 17:06:38.239647,AS45204,NEWS,anomaly,0.5767,1.0225,329.42,0,1
BR,http_header_field_manipulation,2023-12-08 21:29:03.468693,AS13266,LGBT,ok,0.0003,2.2773,105.58,1,0
MM,dns_consistency,2023-12-09 01:51:28.697739,AS59099,SRCH,ok,0.061,1.1365,91.92,1,0
AZ,http_header_field_manipulation,2023-12-09 06:13:53.926785,AS46987,LGBT,anomaly,0.503,0.2033,70.64,0,1
IN,web_connectivity,2023-12-09 10:36:19.155831,AS20634,REL,ok,0.1011,2.0077,44.63,1,0
IN,web_connectivity,2023-12-09 14:58:44.384876,AS19111,LGBT,ok,0.3041,1.6396,5.0,1,0
VN,web_connectivity,2023-12-09 19:21:09.613922,AS58842,ECON,ok,0.0073,0.5678,246.9,1,0
MM,web_connectivity,2023-12-09 23:43:34.842968,AS1588,COMT,ok,0.3011,0.7115,297.71,1,0
CN,telegram,2023-12-10 04:06:00.072014,AS2592,HUMR,anomaly,0.48,0.1901,92.17,0,1
TR,whatsapp,2023-12-10 08:28:25.301060,AS20553,COMM,confirmed,0.7385,0.1606,89.65,1,1
US,web_connectivity,2023-12-10 12:50:50.530106,AS20553,COMT,ok,0.0246,2.9353,5.0,1,1
DE,whatsapp,2023-12-10 17:13:15.759151,AS58653,SRCH,ok,0.1006,0.0383,5.0,1,0
EG,web_connectivity,2023-12-10 21:35:40.988197,AS25884,ECON,anomaly,0.851,1.153,151.81,0,1
US,web_connectivity,2023-12-11 01:58:06.217243,AS25294,SRCH,ok,0.0247,0.1644,68.5,1,0
IR,tcp_connect,2023-12-11 06:20:31.446289,AS58945,COMT,ok,,0.997,365.19,1,0
IR,web_connectivity,2023-12-11 10:42:56.675335,AS38379,POLR,anomaly,0.7989,1.9271,5.0,1,1
KZ,web_connectivity,2023-12-11 15:05:21.904380,AS40389,HUMR,failure,0.6078,0.4485,413.5,1,1
CN,http_header_field_manipulation,2023-12-11 19:27:47.133426,AS6970,REL,confirmed,0.2141,1.0379,476.53,0,1
RU,vanilla_tor,2023-12-11 23:50:12.362472,AS35044,COMT,anomaly,,0.3498,139.08,0,0
EG,dns_consistency,2023-12-12 04:12:37.591518,AS2592,ECON,ok,0.1617,0.2111,17.36,1,0
VN,web_connectivity,2023-12-12 08:35:02.820564,AS51947,ANON,ok,0.191,0.5839,35.22,1,0
NG,web_connectivity,2023-12-12 12:57:28.049609,AS15539,ANON,ok,0.0833,0.044,33.51,1,0
US,http_header_field_manipulation,2023-12-12 17:19:53.278655,AS28910,SRCH,ok,0.042,2.1306,276.72,1,0
ID,http_header_field_manipulation,2023-12-12 21:42:18.507701,AS32635,SRCH,ok,0.0238,1.2118,58.6,1,0
IR,whatsapp,2023-12-13 02:04:43.736747,AS54883,HUMR,ok,0.018,0.313,388.32,1,0
US,telegram,2023-12-13 06:27:08.965793,AS19698,COMM,ok,0.0258,0.0694,32.49,1,0
BR,whatsapp,2023-12-13 10:49:34.194838,AS25983,POLR,ok,0.4702,1.6694,344.79,1,0
RU,http_header_field_manipulation,2023-12-13 15:11:59.423884,AS45204,COMT,anomaly,0.3019,0.1052,191.46,0,1
IN,web_connectivity,2023-12-13 19:34:24.652930,AS50368,REL,ok,0.1808,0.1391,38.25,1,0
MM,http_header_field_manipulation,2023-12-13 23:56:49.881976,AS4099,POLR,anomaly,0.3881,0.2925,16.81,0,1
DE,http_header_field_manipulation,2023-12-14 04:19:15.111022,AS15631,SRCH,ok,0.0279,1.3316,363.2,1,0
AZ,web_connectivity,2023-12-14 08:41:40.340068,AS59099,COMT,anomaly,0.4112,0.0756,138.82,0,0
NG,dns_consistency,2023-12-14 13:04:05.569113,AS22895,SRCH,ok,0.024,0.6247,,1,0
PK,web_connectivity,2023-12-14 17:26:30.798159,AS52965,ECON,ok,0.0417,1.2917,120.23,1,0
MM,telegram,2023-12-14 21:48:56.027205,AS22895,POLR,confirmed,0.5974,0.3266,14.92,0,1
VN,web_connectivity,2023-12-15 02:11:21.256251,AS46987,LGBT,ok,0.1315,0.0476,229.33,1,0
PK,tcp_connect,2023-12-15 06:33:46.485297,AS35011,REL,ok,0.022,2.256,162.09,1,1
VN,web_connectivity,2023-12-15 10:56:11.714342,AS1588,NEWS,ok,0.0881,1.1474,79.52,1,0
BR,tcp_connect,2023-12-15 15:18:36.943388,AS25884,LGBT,ok,0.1221,0.1592,152.53,1,0
BR,web_connectivity,2023-12-15 19:41:02.172434,AS17131,ECON,anomaly,0.8557,1.5315,40.39,1,1
IR,tcp_connect,2023-12-16 00:03:27.401480,AS26441,NEWS,anomaly,0.5171,0.5449,333.24,0,1
BY,web_connectivity,2023-12-16 04:25:52.630526,AS42135,COMT,ok,0.0022,0.477,11.7,1,0
TR,dns_consistency,2023-12-16 08:48:17.859571,AS46987,COMM,failure,0.5349,0.9497,509.41,0,1
US,web_connectivity,2023-12-16 13:10:43.088617,AS49977,COMM,ok,0.1096,0.3911,46.57,1,0
CN,dns_consistency,2023-12-16 17:33:08.317663,AS57909,HUMR,anomaly,0.528,0.1164,91.48,1,1
VN,whatsapp,2023-12-16 21:55:33.546709,AS49724,ECON,ok,0.0091,0.2261,38.35,1,0
FR,tcp_connect,2023-12-17 02:17:58.775755,AS25581,SRCH,ok,0.211,0.2008,41.37,1,0
MM,web_connectivity,2023-12-17 06:40:24.004800,AS36237,COMT,ok,0.2969,0.2011,47.61,1,0
NG,dns_consistency,2023-12-17 11:02:49.233846,AS2592,COMT,ok,,1.4807,16.4,1,0
BR,whatsapp,2023-12-17 15:25:14.462892,AS19111,ANON,ok,0.0275,1.6882,18.34,1,0
DE,http_header_field_manipulation,2023-12-17 19:47:39.691938,AS41369,COMT,ok,0.0738,2.2837,51.95,1,0
CN,web_connectivity,2023-12-18 00:10:04.920984,AS44761,HUMR,ok,0.2153,0.4561,95.45,1,0
TR,web_connectivity,2023-12-18 04:32:30.150030,AS59099,LGBT,ok,0.074,0.3989,89.41,1,1
IN,dns_consistency,2023-12-18 08:54:55.379075,AS22453,ECON,ok,0.0824,0.313,5.0,1,0
TH,web_connectivity,2023-12-18 13:17:20.608121,AS25581,HUMR,ok,0.0307,2.0523,180.56,1,0
IN,http_header_field_manipulation,2023-12-18 17:39:45.837167,AS50368,ANON,ok,0.0008,1.4025,14.75,1,0
BR,http_header_field_manipulation,2023-12-18 22:02:11.066213,AS55961,POLR,ok,0.1729,1.262,5.0,1,0
UZ,web_connectivity,2023-12-19 02:24:36.295259,AS8640,SRCH,ok,0.1516,1.3215,,1,0
US,dns_consistency,2023-12-19 06:47:01.524304,AS2072,COMM,ok,0.0775,0.2814,49.07,1,0
CN,tcp_connect,2023-12-19 11:09:26.753350,AS2182,SRCH,anomaly,0.8318,0.8253,277.49,0,0
IN,web_connectivity,2023-12-19 15:31:51.982396,AS29606,HUMR,ok,0.1055,1.3657,30.07,1,0
IN,web_connectivity,2023-12-19 19:54:17.211442,AS6146,HUMR,ok,0.0108,0.6888,147.11,1,0
EG,http_header_field_manipulation,2023-12-20 00:16:42.440488,AS8640,LGBT,ok,0.0864,2.0061,47.85,1,0
TR,web_connectivity,2023-12-20 04:39:07.669533,AS50319,COMM,ok,0.0099,0.125,18.59,1,0
EG,whatsapp,2023-12-20 09:01:32.898579,AS28647,COMT,anomaly,0.6488,2.0812,116.09,0,0
KZ,facebook_messenger,2023-12-20 13:23:58.127625,AS15539,ANON,ok,0.3576,3.518,184.87,1,0
TR,facebook_messenger,2023-12-20 17:46:23.356671,AS50368,ECON,ok,0.3678,0.592,54.48,1,0
IR,web_connectivity,2023-12-20 22:08:48.585717,AS18345,NEWS,anomaly,0.8558,0.4569,,0,0
NG,http_header_field_manipulation,2023-12-21 02:31:13.814762,AS6146,REL,ok,0.0888,0.7511,517.87,1,0
IN,whatsapp,2023-12-21 06:53:39.043808,AS13761,COMT,confirmed,0.231,0.0471,5.0,0,0
US,web_connectivity,2023-12-21 11:16:04.272854,AS55961,NEWS,ok,0.0582,1.2291,71.13,1,0
NG,web_connectivity,2023-12-21 15:38:29.501900,AS29606,REL,ok,0.0485,0.2991,157.03,1,0
IN,web_connectivity,2023-12-21 20:00:54.730946,AS51222,ANON,ok,0.0339,1.2333,68.82,1,0
UZ,whatsapp,2023-12-22 00:23:19.959992,AS55874,COMT,ok,0.0005,0.0786,61.34,1,0
IN,dns_consistency,2023-12-22 04:45:45.189037,AS32635,ECON,ok,0.013,1.3101,,1,0
TR,dns_consistency,2023-12-22 09:08:10.418083,AS41369,ECON,ok,0.0539,0.0139,347.48,1,0
KZ,http_header_field_manipulation,2023-12-22 13:30:35.647129,AS41085,HUMR,ok,0.087,0.0844,278.09,1,0
IR,dns_consistency,2023-12-22 17:53:00.876175,AS20634,COMM,confirmed,0.3633,0.0169,,0,1
IR,web_connectivity,2023-12-22 22:15:26.105221,AS25294,REL,confirmed,0.6011,0.8187,5.0,1,1
TH,dns_consistency,2023-12-23 02:37:51.334266,AS58842,COMM,confirmed,0.5231,1.3176,25.55,0,1
CN,http_header_field_manipulation,2023-12-23 07:00:16.563312,AS22895,REL,ok,0.0546,0.685,246.58,1,1
IR,http_header_field_manipulation,2023-12-23 11:22:41.792358,AS4099,LGBT,confirmed,0.7921,0.5135,,1,1
US,tcp_connect,2023-12-23 15:45:07.021404,AS13761,ANON,ok,0.0244,1.2136,,1,0
RU,dns_consistency,2023-12-23 20:07:32.250450,AS8947,COMM,ok,0.0279,0.7115,143.89,1,0
NG,telegram,2023-12-24 00:29:57.479495,AS41085,NEWS,ok,0.0665,0.3874,172.75,1,0
DE,dns_consistency,2023-12-24 04:52:22.708541,AS51947,HUMR,ok,0.2833,3.354,77.06,1,0
NG,dns_consistency,2023-12-24 09:14:47.937587,AS2072,HUMR,ok,0.0128,0.7463,5.0,1,0
TR,tcp_connect,2023-12-24 13:37:13.166633,AS26441,ECON,ok,0.04,0.0229,196.18,1,0
KZ,whatsapp,2023-12-24 17:59:38.395679,AS55374,REL,ok,0.1845,1.8006,63.09,1,0
CN,http_header_field_manipulation,2023-12-24 22:22:03.624724,AS10526,POLR,ok,0.0854,1.279,146.11,1,0
NG,web_connectivity,2023-12-25 02:44:28.853770,AS44761,REL,ok,0.0823,2.2401,34.51,1,1
TH,web_connectivity,2023-12-25 07:06:54.082816,AS48048,NEWS,anomaly,0.4194,0.6992,94.35,0,0
IN,web_connectivity,2023-12-25 11:29:19.311862,AS36237,POLR,ok,0.0345,0.4628,,1,0
IR,web_connectivity,2023-12-25 15:51:44.540908,AS52615,ECON,anomaly,0.808,0.5863,27.35,0,0
RU,dns_consistency,2023-12-25 20:14:09.769953,AS23227,HUMR,ok,0.0849,3.0207,128.53,0,0
ID,tcp_connect,2023-12-26 00:36:34.998999,AS58842,HUMR,anomaly,0.4364,0.117,240.24,1,1
PK,dns_consistency,2023-12-26 04:59:00.228045,AS41369,NEWS,ok,0.1328,0.7833,228.5,1,0
UZ,web_connectivity,2023-12-26 09:21:25.457091,AS28647,SRCH,ok,0.0045,0.4839,67.18,1,0
VN,web_connectivity,2023-12-26 13:43:50.686137,AS15631,ANON,anomaly,0.8594,0.0258,262.6,0,0
TR,dns_consistency,2023-12-26 18:06:15.915183,AS40389,ANON,ok,0.0245,0.1759,,1,0
IR,http_header_field_manipulation,2023-12-26 22:28:41.144228,AS42135,REL,anomaly,0.4821,0.62,84.71,0,1
UZ,whatsapp,2023-12-27 02:51:06.373274,AS41085,SRCH,ok,0.0759,0.0462,146.68,1,0
DE,facebook_messenger,2023-12-27 07:13:31.602320,AS25983,REL,ok,0.638,0.4297,21.33,1,0
IN,telegram,2023-12-27 11:35:56.831366,AS59099,LGBT,ok,0.0959,0.691,48.48,1,1
BR,dns_consistency,2023-12-27 15:58:22.060412,AS24775,COMM,failure,0.3455,1.8564,392.28,0,1
IR,tcp_connect,2023-12-27 20:20:47.289457,AS26441,LGBT,confirmed,0.4125,0.7813,101.92,0,1
TR,web_connectivity,2023-12-28 00:43:12.518503,AS55961,NEWS,ok,0.2563,0.9279,5.0,1,0
NG,web_connectivity,2023-12-28 05:05:37.747549,AS51947,LGBT,ok,0.1447,1.7653,365.45,1,0
IR,web_connectivity,2023-12-28 09:28:02.976595,AS15061,HUMR,anomaly,0.4706,0.8682,32.1,0,0
IR,web_connectivity,2023-12-28 13:50:28.205641,AS23883,ANON,confirmed,0.7668,0.5443,5.0,0,1
US,web_connectivity,2023-12-28 18:12:53.434686,AS2592,HUMR,ok,0.074,0.6982,222.7,1,0
NG,whatsapp,2023-12-28 22:35:18.663732,AS4263,HUMR,anomaly,0.8068,1.0272,204.98,0,0
IR,dns_consistency,2023-12-29 02:57:43.892778,AS58653,LGBT,ok,0.0208,0.198,108.77,1,0
RU,tcp_connect,2023-12-29 07:20:09.121824,AS25581,COMM,ok,0.3874,0.0734,147.26,1,0
ID,telegram,2023-12-29 11:42:34.350870,AS58842,POLR,ok,0.0597,0.8849,242.55,1,0
RU,vanilla_tor,2023-12-29 16:04:59.579915,AS59099,COMM,anomaly,0.3324,0.9217,120.74,1,0
RU,telegram,2023-12-29 20:27:24.808961,AS24775,REL,ok,0.1238,0.1432,495.29,1,0
TR,http_header_field_manipulation,2023-12-30 00:49:50.038007,AS13266,POLR,ok,0.1562,0.254,86.97,1,0
CN,web_connectivity,2023-12-30 05:12:15.267053,AS57909,LGBT,confirmed,0.3329,0.0303,50.15,0,1
BR,dns_consistency,2023-12-30 09:34:40.496099,AS42135,NEWS,ok,0.0602,0.7284,5.0,1,0
KZ,tcp_connect,2023-12-30 13:57:05.725145,AS25294,COMM,ok,0.0064,0.5362,58.89,1,0
DE,telegram,2023-12-30 18:19:30.954190,AS19698,NEWS,ok,0.2636,0.9934,224.69,1,0
PK,facebook_messenger,2023-12-30 22:41:56.183236,AS2175,POLR,confirmed,0.0776,0.0586,5.0,0,1
KZ,tcp_connect,2023-12-31 03:04:21.412282,AS39530,REL,confirmed,0.838,0.8286,176.09,1,1
IR,dns_consistency,2023-12-31 07:26:46.641328,AS54883,ANON,ok,0.1361,0.0792,5.0,1,0
DE,facebook_messenger,2023-12-31 11:49:11.870374,AS32671,ECON,ok,0.1294,0.2271,78.25,1,0
NG,facebook_messenger,2023-12-31 16:11:37.099419,AS50368,ECON,ok,0.0938,1.3298,50.05,1,0
TR,dns_consistency,2023-12-31 20:34:02.328465,AS17131,HUMR,ok,0.2764,1.8844,351.41,1,0
EG,http_header_field_manipulation,2024-01-01 00:56:27.557511,AS19698,REL,ok,0.2522,0.6267,61.35,1,0
EG,tcp_connect,2024-01-01 05:18:52.786557,AS22895,SRCH,ok,0.0526,0.1036,79.06,1,0
IN,web_connectivity,2024-01-01 09:41:18.015603,AS6970,REL,ok,0.1541,0.1409,121.39,1,0
RU,whatsapp,2024-01-01 14:03:43.244648,AS51222,LGBT,failure,0.4265,0.2943,38.81,1,1
RU,web_connectivity,2024-01-01 18:26:08.473694,AS29338,SRCH,anomaly,0.9043,0.8291,55.77,0,0
IN,dns_consistency,2024-01-01 22:48:33.702740,AS32671,COMM,ok,0.3493,0.291,5.0,1,0
RU,dns_consistency,2024-01-02 03:10:58.931786,AS25294,SRCH,anomaly,0.6705,0.3316,9.73,0,1
MM,http_header_field_manipulation,2024-01-02 07:33:24.160832,AS7926,LGBT,ok,0.0332,0.2149,5.0,1,0
TR,web_connectivity,2024-01-02 11:55:49.389877,AS1588,COMT,ok,0.0083,1.922,131.51,1,0
VN,web_connectivity,2024-01-02 16:18:14.618923,AS25884,SRCH,ok,0.084,0.9394,5.0,1,0
TR,telegram,2024-01-02 20:40:39.847969,AS25581,HUMR,anomaly,0.7299,0.1105,55.49,0,1
MM,web_connectivity,2024-01-03 01:03:05.077015,AS6970,SRCH,ok,0.2299,1.1062,44.79,1,0
KZ,web_connectivity,2024-01-03 05:25:30.306061,AS4263,NEWS,anomaly,0.3376,2.0342,5.0,1,1
BY,tcp_connect,2024-01-03 09:47:55.535107,AS49724,REL,anomaly,0.5276,1.2302,58.14,0,1
DE,web_connectivity,2024-01-03 14:10:20.764152,AS32635,ECON,ok,0.0818,0.07,163.35,1,0
RU,whatsapp,2024-01-03 18:32:45.993198,AS15631,COMM,ok,0.0013,0.7464,28.75,1,1
IN,web_connectivity,2024-01-03 22:55:11.222244,AS4899,COMT,ok,0.1337,1.7084,43.25,1,0
IN,tcp_connect,2024-01-04 03:17:36.451290,AS24775,LGBT,ok,0.2925,0.1935,30.26,1,0
ID,dns_consistency,2024-01-04 07:40:01.680336,AS41085,COMT,ok,0.1457,1.0515,152.41,1,0
BR,telegram,2024-01-04 12:02:26.909381,AS49977,NEWS,ok,0.2307,0.0634,20.59,1,0
NG,web_connectivity,2024-01-04 16:24:52.138427,AS39530,LGBT,ok,0.0639,0.1912,5.0,0,0
MM,web_connectivity,2024-01-04 20:47:17.367473,AS51947,SRCH,ok,0.1794,0.6691,708.71,1,0
BR,facebook_messenger,2024-01-05 01:09:42.596519,AS10526,ECON,ok,0.0639,0.8067,94.06,1,0
BR,tcp_connect,2024-01-05 05:32:07.825565,AS29338,COMM,ok,0.0087,0.7427,148.07,1,0
CN,tcp_connect,2024-01-05 09:54:33.054610,AS55874,POLR,failure,0.3873,1.1846,609.63,0,0
RU,web_connectivity,2024-01-05 14:16:58.283656,AS4263,ECON,confirmed,0.8136,0.0055,,1,0
EG,dns_consistency,2024-01-05 18:39:23.512702,AS22895,ECON,ok,0.017,0.7875,214.56,1,0
BY,web_connectivity,2024-01-05 23:01:48.741748,AS52965,HUMR,ok,0.0125,0.8375,140.81,1,0
IN,web_connectivity,2024-01-06 03:24:13.970794,AS57909,REL,ok,0.0562,1.6622,56.69,1,0
US,dns_consistency,2024-01-06 07:46:39.199839,AS25884,NEWS,ok,0.0739,0.4524,19.59,1,0
TR,vanilla_tor,2024-01-06 12:09:04.428885,AS19111,ECON,ok,0.0288,0.1051,106.63,1,0
DE,web_connectivity,2024-01-06 16:31:29.657931,AS41628,NEWS,ok,0.2733,0.9071,57.12,1,0
CN,web_connectivity,2024-01-06 20:53:54.886977,AS38379,ECON,anomaly,0.493,1.4981,10.4,0,1
PK,web_connectivity,2024-01-07 01:16:20.116023,AS36237,HUMR,anomaly,0.4362,1.4186,321.24,1,0
US,tcp_connect,2024-01-07 05:38:45.345069,AS4099,ANON,ok,0.0215,0.8016,,1,0
US,dns_consistency,2024-01-07 10:01:10.574114,AS41369,NEWS,ok,0.103,1.0658,76.66,1,0
RU,web_connectivity,2024-01-07 14:23:35.803160,AS57909,SRCH,ok,,0.8723,157.73,1,0
NG,whatsapp,2024-01-07 18:46:01.032206,AS32635,COMT,anomaly,0.781,1.0766,108.7,0,0
CN,web_connectivity,2024-01-07 23:08:26.261252,AS23883,ECON,confirmed,0.4186,0.2584,503.84,0,1
IN,web_connectivity,2024-01-08 03:30:51.490298,AS7926,HUMR,ok,0.073,0.8794,105.53,1,0
IN,web_connectivity,2024-01-08 07:53:16.719343,AS2175,ANON,ok,0.0652,0.4832,107.02,1,0
DE,web_connectivity,2024-01-08 12:15:41.948389,AS9939,POLR,ok,0.0535,0.6509,98.3,1,0
CN,web_connectivity,2024-01-08 16:38:07.177435,AS6970,HUMR,failure,0.6081,0.7967,1474.44,0,0
AZ,web_connectivity,2024-01-08 21:00:32.406481,AS19111,SRCH,confirmed,0.2319,0.0314,39.28,0,1
IN,dns_consistency,2024-01-09 01:22:57.635527,AS32671,NEWS,ok,0.0615,1.1658,193.81,1,0
NG,web_connectivity,2024-01-09 05:45:22.864572,AS4263,COMT,ok,0.0905,0.0254,5.26,1,1
NG,web_connectivity,2024-01-09 10:07:48.093618,AS32671,SRCH,ok,0.0703,2.3574,132.17,1,0
NG,web_connectivity,2024-01-09 14:30:13.322664,AS25294,LGBT,ok,0.0375,0.5118,122.86,1,0
BR,web_connectivity,2024-01-09 18:52:38.551710,AS45204,ANON,ok,,0.2857,119.24,1,0
BY,web_connectivity,2024-01-09 23:15:03.780756,AS55961,HUMR,ok,0.042,1.9911,31.09,1,0
MM,web_connectivity,2024-01-10 03:37:29.009801,AS2175,COMT,ok,0.1057,1.9597,142.86,1,0
IN,vanilla_tor,2024-01-10 07:59:54.238847,AS25983,SRCH,ok,0.0003,0.8087,126.89,1,0
NG,dns_consistency,2024-01-10 12:22:19.467893,AS2175,SRCH,failure,0.5301,0.1367,441.79,0,1
IR,tcp_connect,2024-01-10 16:44:44.696939,AS55374,POLR,anomaly,0.6518,1.0433,277.45,0,0
RU,tcp_connect,2024-01-10 21:07:09.925985,AS29338,NEWS,ok,0.1315,1.5532,49.29,1,0
DE,http_header_field_manipulation,2024-01-11 01:29:35.155031,AS50319,COMT,ok,0.0057,0.0513,169.82,1,0
KZ,http_header_field_manipulation,2024-01-11 05:52:00.384076,AS15539,COMM,ok,0.1509,0.8603,115.85,1,0
NG,http_header_field_manipulation,2024-01-11 10:14:25.613122,AS8640,NEWS,ok,0.2376,2.0882,57.81,1,0
VN,http_header_field_manipulation,2024-01-11 14:36:50.842168,AS2592,COMT,ok,,0.8508,24.02,0,1
IR,telegram,2024-01-11 18:59:16.071214,AS36237,ECON,anomaly,0.2578,1.8576,40.37,0,1
DE,web_connectivity,2024-01-11 23:21:41.300260,AS2072,HUMR,ok,0.1974,1.6082,60.14,1,0
IN,web_connectivity,2024-01-12 03:44:06.529305,AS32635,COMT,ok,0.3882,0.8999,69.64,1,1
MM,web_connectivity,2024-01-12 08:06:31.758351,AS13266,ANON,ok,0.0084,0.4147,17.21,1,0
IR,whatsapp,2024-01-12 12:28:56.987397,AS2072,COMT,anomaly,0.6723,1.6932,48.19,0,1
US,web_connectivity,2024-01-12 16:51:22.216443,AS9939,SRCH,ok,0.1495,0.4891,315.83,1,0
UZ,telegram,2024-01-12 21:13:47.445489,AS4263,HUMR,ok,0.1631,0.083,5.0,1,0
KZ,web_connectivity,2024-01-13 01:36:12.674534,AS51947,COMM,ok,0.2295,0.686,11.9,1,0
AZ,web_connectivity,2024-01-13 05:58:37.903580,AS8947,SRCH,confirmed,0.4637,0.0786,137.19,1,1
IN,web_connectivity,2024-01-13 10:21:03.132626,AS49724,LGBT,ok,0.0316,1.952,35.37,1,0
TH,http_header_field_manipulation,2024-01-13 14:43:28.361672,AS2072,REL,ok,0.0184,0.4253,42.92,1,0
MM,tcp_connect,2024-01-13 19:05:53.590718,AS2592,LGBT,ok,0.0319,3.4575,351.97,1,0
AZ,web_connectivity,2024-01-13 23:28:18.819763,AS44761,NEWS,ok,0.1808,1.0273,66.51,1,0
TH,http_header_field_manipulation,2024-01-14 03:50:44.048809,AS19698,POLR,ok,0.0923,1.315,56.78,1,0
TH,web_connectivity,2024-01-14 08:13:09.277855,AS58653,COMT,ok,,0.6288,112.8,1,0
CN,dns_consistency,2024-01-14 12:35:34.506901,AS4099,POLR,anomaly,0.7807,0.484,54.29,0,1
IR,dns_consistency,2024-01-14 16:57:59.735947,AS55961,COMM,anomaly,0.4735,0.6566,205.6,1,1
VN,whatsapp,2024-01-14 21:20:24.964993,AS25884,NEWS,ok,0.0205,0.5611,91.22,1,0
BR,telegram,2024-01-15 01:42:50.194038,AS58569,LGBT,ok,0.0044,1.4631,71.75,1,0
TR,dns_consistency,2024-01-15 06:05:15.423084,AS22453,LGBT,anomaly,0.4714,0.1697,74.99,1,1
VN,web_connectivity,2024-01-15 10:27:40.652130,AS58842,REL,anomaly,0.8074,0.5535,327.94,0,1
RU,whatsapp,2024-01-15 14:50:05.881176,AS49724,NEWS,ok,0.0398,0.1355,111.92,1,0
RU,web_connectivity,2024-01-15 19:12:31.110222,AS11241,REL,anomaly,0.7778,0.8776,33.58,0,1
TR,dns_consistency,2024-01-15 23:34:56.339267,AS18345,ECON,anomaly,0.6218,0.3633,42.91,0,1
CN,web_connectivity,2024-01-16 03:57:21.568313,AS13266,COMT,anomaly,,1.9838,12.51,0,1
EG,web_connectivity,2024-01-16 08:19:46.797359,AS17131,ECON,anomaly,0.4529,0.8726,109.63,1,1
TH,http_header_field_manipulation,2024-01-16 12:42:12.026405,AS17131,SRCH,anomaly,0.4706,0.404,5.0,1,1
VN,web_connectivity,2024-01-16 17:04:37.255451,AS2182,LGBT,ok,0.0627,0.3574,147.79,1,1
VN,telegram,2024-01-16 21:27:02.484496,AS2175,SRCH,ok,0.1407,0.1662,274.43,1,0
RU,http_header_field_manipulation,2024-01-17 01:49:27.713542,AS41628,SRCH,anomaly,0.4858,1.6183,135.65,1,1
US,http_header_field_manipulation,2024-01-17 06:11:52.942588,AS22453,HUMR,ok,0.11,1.6303,233.0,1,0
MM,web_connectivity,2024-01-17 10:34:18.171634,AS7926,COMM,failure,0.9613,0.8701,114.9,0,1
VN,web_connectivity,2024-01-17 14:56:43.400680,AS55961,REL,ok,0.0507,0.9091,196.11,1,0
CN,tcp_connect,2024-01-17 19:19:08.629725,AS2182,COMT,anomaly,0.6224,0.2085,160.28,1,0
BY,http_header_field_manipulation,2024-01-17 23:41:33.858771,AS49977,POLR,failure,0.634,0.1421,,0,1
ID,dns_consistency,2024-01-18 04:03:59.087817,AS24775,COMT,ok,0.1687,0.7208,118.5,1,1
CN,web_connectivity,2024-01-18 08:26:24.316863,AS58653,LGBT,anomaly,0.5417,0.4659,60.48,0,1
CN,dns_consistency,2024-01-18 12:48:49.545909,AS36237,ECON,anomaly,0.1717,2.3153,152.97,0,0
TR,tcp_connect,2024-01-18 17:11:14.774954,AS50368,NEWS,anomaly,0.9271,0.6202,136.25,1,0
RU,http_header_field_manipulation,2024-01-18 21:33:40.004000,AS45204,POLR,ok,0.0301,0.2145,61.35,1,0
AZ,http_header_field_manipulation,2024-01-19 01:56:05.233046,AS8640,NEWS,ok,0.0028,1.2993,5.0,1,0
UZ,telegram,2024-01-19 06:18:30.462092,AS58842,ANON,confirmed,0.9198,1.3382,168.02,0,0
NG,http_header_field_manipulation,2024-01-19 10:40:55.691138,AS58842,ECON,ok,0.0353,1.7034,26.21,1,0
PK,web_connectivity,2024-01-19 15:03:20.920184,AS50319,REL,anomaly,0.5894,0.1653,30.93,0,1
VN,http_header_field_manipulation,2024-01-19 19:25:46.149229,AS19111,COMM,ok,0.0192,0.2777,90.19,1,0
IN,http_header_field_manipulation,2024-01-19 23:48:11.378275,AS2175,POLR,ok,0.0043,0.3441,288.93,1,0
NG,web_connectivity,2024-01-20 04:10:36.607321,AS38379,COMM,ok,,0.5352,5.0,1,0
BY,web_connectivity,2024-01-20 08:33:01.836367,AS10526,COMT,ok,0.1113,0.3069,63.82,1,0
MM,http_header_field_manipulation,2024-01-20 12:55:27.065413,AS1588,LGBT,ok,0.0074,0.4634,,1,0
RU,http_header_field_manipulation,2024-01-20 17:17:52.294458,AS25884,POLR,anomaly,0.4049,0.2802,76.63,0,1
DE,telegram,2024-01-20 21:40:17.523504,AS49724,HUMR,ok,0.0967,0.1239,189.52,1,0
IN,whatsapp,2024-01-21 02:02:42.752550,AS2175,COMT,ok,0.1405,0.6155,27.33,1,0
PK,web_connectivity,2024-01-21 06:25:07.981596,AS4263,POLR,ok,0.0163,1.2654,27.85,1,0
US,http_header_field_manipulation,2024-01-21 10:47:33.210642,AS32635,COMM,ok,0.0284,0.3737,127.32,0,0
TR,dns_consistency,2024-01-21 15:09:58.439687,AS58842,HUMR,ok,0.001,1.0381,96.61,1,0
EG,web_connectivity,2024-01-21 19:32:23.668733,AS1588,ANON,anomaly,0.425,0.3452,37.33,1,1
DE,web_connectivity,2024-01-21 23:54:48.897779,AS35044,ANON,ok,0.0785,0.0284,101.45,1,0
CN,web_connectivity,2024-01-22 04:17:14.126825,AS13266,REL,confirmed,0.5433,0.2469,246.26,0,1
KZ,web_connectivity,2024-01-22 08:39:39.355871,AS38379,COMT,ok,0.1036,0.413,30.64,1,1
IR,tcp_connect,2024-01-22 13:02:04.584916,AS19698,COMT,anomaly,0.643,1.0552,146.53,1,1
RU,web_connectivity,2024-01-22 17:24:29.813962,AS4899,ECON,confirmed,0.3255,0.49,47.5,0,1
IR,web_connectivity,2024-01-22 21:46:55.043008,AS38379,HUMR,failure,0.2793,0.4194,469.57,0,1
IR,web_connectivity,2024-01-23 02:09:20.272054,AS25294,HUMR,ok,0.1995,0.0685,53.36,1,0
US,http_header_field_manipulation,2024-01-23 06:31:45.501100,AS25983,ECON,ok,0.1762,0.6609,35.55,1,0
NG,web_connectivity,2024-01-23 10:54:10.730146,AS32635,COMM,ok,0.2016,1.8311,32.23,1,0
DE,web_connectivity,2024-01-23 15:16:35.959191,AS52965,LGBT,ok,0.0548,0.5512,218.45,1,0
CN,web_connectivity,2024-01-23 19:39:01.188237,AS10526,POLR,failure,0.806,0.1679,606.18,0,1
IR,web_connectivity,2024-01-24 00:01:26.417283,AS38379,POLR,failure,0.627,0.1682,1734.28,0,0
US,web_connectivity,2024-01-24 04:23:51.646329,AS52615,COMM,ok,0.0622,0.3576,107.12,1,0
BR,tcp_connect,2024-01-24 08:46:16.875375,AS44761,NEWS,ok,0.0133,0.7623,122.7,1,0
TR,web_connectivity,2024-01-24 13:08:42.104420,AS22453,LGBT,ok,0.0638,1.9294,85.64,1,0
CN,web_connectivity,2024-01-24 17:31:07.333466,AS49977,SRCH,anomaly,0.6896,0.2018,5.0,0,1
RU,web_connectivity,2024-01-24 21:53:32.562512,AS26441,REL,ok,0.0066,0.5999,5.0,1,0
RU,whatsapp,2024-01-25 02:15:57.791558,AS24775,NEWS,ok,0.1553,0.331,107.45,1,0
IR,web_connectivity,2024-01-25 06:38:23.020604,AS58945,NEWS,ok,0.0699,0.9457,93.48,1,0
PK,vanilla_tor,2024-01-25 11:00:48.249649,AS20634,HUMR,ok,0.1649,2.8181,28.24,1,1
TR,tcp_connect,2024-01-25 15:23:13.478695,AS35011,COMM,confirmed,0.7333,0.087,79.51,1,0
RU,dns_consistency,2024-01-25 19:45:38.707741,AS2182,COMM,ok,0.0066,0.3078,294.81,1,0
US,tcp_connect,2024-01-26 00:08:03.936787,AS42135,ANON,ok,0.0031,0.1163,192.09,0,0
US,dns_consistency,2024-01-26 04:30:29.165833,AS22895,LGBT,ok,0.1142,0.2011,97.17,1,0
IN,dns_consistency,2024-01-26 08:52:54.394878,AS39530,ECON,confirmed,0.6811,0.0654,5.0,0,1
IR,dns_consistency,2024-01-26 13:15:19.623924,AS10526,SRCH,anomaly,0.4053,0.4318,5.0,0,1
PK,http_header_field_manipulation,2024-01-26 17:37:44.852970,AS38379,COMT,ok,0.1228,0.4378,195.4,1,0
VN,web_connectivity,2024-01-26 22:00:10.082016,AS52965,COMM,confirmed,0.7035,0.2016,31.81,1,1
IN,http_header_field_manipulation,2024-01-27 02:22:35.311062,AS4899,HUMR,ok,0.0492,0.185,128.31,1,0
IN,http_header_field_manipulation,2024-01-27 06:45:00.540108,AS46987,HUMR,ok,0.1477,0.0218,271.73,1,0
IR,web_connectivity,2024-01-27 11:07:25.769153,AS53867,SRCH,anomaly,0.8271,0.2698,78.28,0,1
PK,facebook_messenger,2024-01-27 15:29:50.998199,AS8640,NEWS,failure,0.7194,0.33,627.77,0,0
BR,web_connectivity,2024-01-27 19:52:16.227245,AS19698,ANON,ok,0.1049,1.3502,187.35,1,0
RU,telegram,2024-01-28 00:14:41.456291,AS19698,NEWS,confirmed,0.8401,0.1695,21.09,0,1
IN,http_header_field_manipulation,2024-01-28 04:37:06.685337,AS28647,COMM,ok,0.1952,0.7287,16.7,1,0
KZ,http_header_field_manipulation,2024-01-28 08:59:31.914382,AS47656,POLR,ok,0.021,1.6534,228.24,1,0
DE,whatsapp,2024-01-28 13:21:57.143428,AS44761,REL,ok,0.1123,1.4135,,1,0
TR,whatsapp,2024-01-28 17:44:22.372474,AS22453,ANON,confirmed,0.2637,0.0358,105.02,0,1
NG,web_connectivity,2024-01-28 22:06:47.601520,AS26441,NEWS,ok,0.1689,0.4113,68.0,1,0
CN,http_header_field_manipulation,2024-01-29 02:29:12.830566,AS53867,ECON,ok,0.1255,0.5798,164.7,1,0
US,web_connectivity,2024-01-29 06:51:38.059611,AS22453,LGBT,ok,0.0552,0.6835,9.84,1,0
VN,dns_consistency,2024-01-29 11:14:03.288657,AS58653,COMT,anomaly,0.4379,0.9037,22.86,0,0
AZ,telegram,2024-01-29 15:36:28.517703,AS6970,COMM,ok,0.2693,0.0753,220.03,1,0
VN,web_connectivity,2024-01-29 19:58:53.746749,AS52965,SRCH,anomaly,0.7009,0.0794,126.32,0,0
IN,web_connectivity,2024-01-30 00:21:18.975795,AS25884,REL,ok,,0.6509,143.02,1,1
PK,dns_consistency,2024-01-30 04:43:44.204840,AS42772,LGBT,ok,0.0941,1.2596,96.67,1,0
KZ,web_connectivity,2024-01-30 09:06:09.433886,AS10526,ECON,ok,,1.2905,126.39,1,0
DE,web_connectivity,2024-01-30 13:28:34.662932,AS51947,NEWS,ok,0.1938,1.2285,424.17,1,0
RU,dns_consistency,2024-01-30 17:50:59.891978,AS42135,ECON,ok,0.011,0.9071,138.23,1,0
KZ,http_header_field_manipulation,2024-01-30 22:13:25.121024,AS44761,SRCH,ok,0.0422,1.1314,11.55,1,0
IR,web_connectivity,2024-01-31 02:35:50.350070,AS13761,LGBT,ok,0.1688,0.4021,5.0,1,0
IR,dns_consistency,2024-01-31 06:58:15.579115,AS35011,NEWS,ok,0.0432,0.6113,36.77,1,0
TR,vanilla_tor,2024-01-31 11:20:40.808161,AS17131,ECON,ok,0.1219,0.3176,34.81,0,0
IN,facebook_messenger,2024-01-31 15:43:06.037207,AS53867,POLR,anomaly,,2.6264,267.58,0,1
MM,http_header_field_manipulation,2024-01-31 20:05:31.266253,AS15539,NEWS,anomaly,0.608,0.2913,122.01,0,1
IN,web_connectivity,2024-02-01 00:27:56.495299,AS52615,ANON,ok,0.1924,1.3354,87.76,1,0
RU,web_connectivity,2024-02-01 04:50:21.724344,AS26441,COMT,failure,0.6815,1.1828,1112.5,1,1
NG,whatsapp,2024-02-01 09:12:46.953390,AS22895,HUMR,ok,,0.0266,11.03,1,0
VN,web_connectivity,2024-02-01 13:35:12.182436,AS41628,SRCH,confirmed,0.7064,0.8547,59.38,0,0
MM,facebook_messenger,2024-02-01 17:57:37.411482,AS55374,SRCH,ok,0.1792,0.3308,25.77,1,0
IN,dns_consistency,2024-02-01 22:20:02.640528,AS54883,ANON,ok,0.2394,1.0863,41.65,1,0
RU,whatsapp,2024-02-02 02:42:27.869573,AS25884,COMM,anomaly,0.3099,1.1332,12.81,0,0
BR,web_connectivity,2024-02-02 07:04:53.098619,AS41085,NEWS,ok,0.2946,1.7856,8.93,1,0
IR,web_connectivity,2024-02-02 11:27:18.327665,AS32635,ECON,anomaly,0.3343,0.088,39.63,1,1
RU,http_header_field_manipulation,2024-02-02 15:49:43.556711,AS2072,LGBT,ok,0.091,2.7403,18.19,1,0
PK,whatsapp,2024-02-02 20:12:08.785757,AS7926,SRCH,ok,0.0528,0.6456,333.19,1,0
IN,http_header_field_manipulation,2024-02-03 00:34:34.014802,AS17131,LGBT,ok,0.1506,2.3985,5.0,1,0
US,web_connectivity,2024-02-03 04:56:59.243848,AS20553,SRCH,ok,0.0631,1.7489,42.43,1,0
VN,whatsapp,2024-02-03 09:19:24.472894,AS35011,HUMR,anomaly,0.8225,0.2293,150.52,0,1
IN,dns_consistency,2024-02-03 13:41:49.701940,AS29606,REL,ok,0.1879,0.6157,,1,0
RU,web_connectivity,2024-02-03 18:04:14.930986,AS44761,LGBT,ok,0.1222,0.5592,394.77,1,0
CN,dns_consistency,2024-02-03 22:26:40.160032,AS52965,ANON,confirmed,0.3864,0.1941,105.73,1,1
CN,http_header_field_manipulation,2024-02-04 02:49:05.389077,AS32635,COMM,anomaly,0.8301,1.3581,16.69,0,1
FR,dns_consistency,2024-02-04 07:11:30.618123,AS23227,COMT,ok,0.0028,0.0489,105.91,1,0
EG,whatsapp,2024-02-04 11:33:55.847169,AS51222,NEWS,ok,0.0534,1.0491,90.94,1,0
DE,web_connectivity,2024-02-04 15:56:21.076215,AS28910,COMM,ok,0.2635,1.394,107.85,1,0
RU,dns_consistency,2024-02-04 20:18:46.305261,AS24775,ECON,ok,0.1887,0.5876,55.74,1,0
IR,web_connectivity,2024-02-05 00:41:11.534306,AS54883,REL,ok,0.0745,0.1968,268.82,1,0
MM,dns_consistency,2024-02-05 05:03:36.763352,AS39530,HUMR,confirmed,0.9225,0.3081,93.92,0,1
TH,web_connectivity,2024-02-05 09:26:01.992398,AS25294,HUMR,confirmed,0.6334,0.1259,173.16,0,0
RU,web_connectivity,2024-02-05 13:48:27.221444,AS28647,LGBT,anomaly,0.6393,0.529,86.3,1,1
UZ,web_connectivity,2024-02-05 18:10:52.450490,AS2182,NEWS,anomaly,0.6318,1.9795,20.45,1,0
IN,web_connectivity,2024-02-05 22:33:17.679535,AS52615,REL,ok,0.0986,1.5287,18.53,1,0
CN,web_connectivity,2024-02-06 02:55:42.908581,AS50368,ANON,confirmed,0.6296,0.5374,130.49,0,0
IR,web_connectivity,2024-02-06 07:18:08.137627,AS23227,POLR,anomaly,0.7629,0.5277,5.0,0,1
PK,web_connectivity,2024-02-06 11:40:33.366673,AS47656,SRCH,ok,0.0165,0.934,308.96,1,0
DE,web_connectivity,2024-02-06 16:02:58.595719,AS4099,COMM,ok,0.2033,0.3157,59.76,1,0
BY,facebook_messenger,2024-02-06 20:25:23.824764,AS51947,LGBT,ok,0.0832,1.8141,239.71,1,0
CN,web_connectivity,2024-02-07 00:47:49.053810,AS47656,HUMR,confirmed,0.8516,0.3184,73.32,1,1
VN,web_connectivity,2024-02-07 05:10:14.282856,AS45204,ANON,ok,0.0338,0.6877,5.0,1,0
IR,web_connectivity,2024-02-07 09:32:39.511902,AS15631,COMM,anomaly,0.4689,1.0193,5.0,1,1
RU,dns_consistency,2024-02-07 13:55:04.740948,AS17131,ECON,ok,0.2277,0.2669,21.83,0,0
IR,dns_consistency,2024-02-07 18:17:29.969994,AS35011,ECON,anomaly,0.8812,0.1576,87.58,0,1
MM,web_connectivity,2024-02-07 22:39:55.199039,AS2592,POLR,ok,0.0724,0.8102,67.24,1,0
VN,web_connectivity,2024-02-08 03:02:20.428085,AS10526,HUMR,ok,0.0402,0.5844,,1,0
IR,http_header_field_manipulation,2024-02-08 07:24:45.657131,AS34008,HUMR,ok,0.0327,0.4804,70.44,1,0
IN,facebook_messenger,2024-02-08 11:47:10.886177,AS58569,LGBT,ok,0.0787,0.5335,42.99,1,0
PK,whatsapp,2024-02-08 16:09:36.115223,AS48048,LGBT,ok,0.0,0.3413,78.41,1,0
TR,web_connectivity,2024-02-08 20:32:01.344268,AS18345,ANON,ok,0.1905,0.2258,138.15,1,0
UZ,http_header_field_manipulation,2024-02-09 00:54:26.573314,AS20634,POLR,ok,0.2592,0.7878,112.75,1,0
UZ,web_connectivity,2024-02-09 05:16:51.802360,AS32671,NEWS,ok,0.0191,0.4411,108.11,1,0
BR,http_header_field_manipulation,2024-02-09 09:39:17.031406,AS19698,LGBT,anomaly,0.4079,0.0777,16.09,0,0
NG,dns_consistency,2024-02-09 14:01:42.260452,AS50319,NEWS,ok,0.071,0.5194,115.99,1,0
VN,dns_consistency,2024-02-09 18:24:07.489497,AS49724,COMT,anomaly,0.8234,0.259,480.25,0,0
CN,dns_consistency,2024-02-09 22:46:32.718543,AS15539,ANON,anomaly,0.3951,0.8575,458.33,0,1
IN,tcp_connect,2024-02-10 03:08:57.947589,AS20634,HUMR,ok,0.1149,1.5796,14.63,1,0
IR,tcp_connect,2024-02-10 07:31:23.176635,AS19111,ANON,ok,0.2699,1.9723,158.17,1,1
UZ,web_connectivity,2024-02-10 11:53:48.405681,AS20634,ANON,ok,0.2001,0.1554,52.78,1,0
EG,tcp_connect,2024-02-10 16:16:13.634726,AS17131,NEWS,anomaly,0.591,0.4003,27.38,0,0
RU,whatsapp,2024-02-10 20:38:38.863772,AS28647,ANON,ok,0.0401,0.3323,166.37,1,0
US,web_connectivity,2024-02-11 01:01:04.092818,AS40389,COMT,ok,0.1439,0.1606,31.67,1,0
TR,web_connectivity,2024-02-11 05:23:29.321864,AS15539,ECON,ok,0.021,0.8899,187.26,1,0
MM,tcp_connect,2024-02-11 09:45:54.550910,AS51222,HUMR,ok,0.056,0.1901,55.9,1,0
TR,dns_consistency,2024-02-11 14:08:19.779955,AS45204,COMT,anomaly,0.4617,0.2351,20.28,1,1
NG,http_header_field_manipulation,2024-02-11 18:30:45.009001,AS23227,COMT,ok,,1.4009,226.89,1,0
IR,dns_consistency,2024-02-11 22:53:10.238047,AS11241,NEWS,ok,0.2732,0.7918,5.71,1,0
BR,facebook_messenger,2024-02-12 03:15:35.467093,AS50319,LGBT,ok,0.0248,1.9925,56.94,1,0
TR,telegram,2024-02-12 07:38:00.696139,AS42135,ANON,ok,0.0358,0.4822,146.16,1,0
IR,web_connectivity,2024-02-12 12:00:25.925185,AS51947,ECON,anomaly,0.9264,0.7036,257.77,0,0
NG,web_connectivity,2024-02-12 16:22:51.154230,AS25884,COMT,ok,0.1483,0.4495,30.41,1,0
NG,web_connectivity,2024-02-12 20:45:16.383276,AS55874,POLR,ok,0.1643,0.2083,,1,1
FR,web_connectivity,2024-02-13 01:07:41.612322,AS25581,NEWS,ok,0.0069,0.4015,70.29,1,0
VN,web_connectivity,2024-02-13 05:30:06.841368,AS41628,COMM,ok,0.0049,0.7474,19.13,1,0
US,tcp_connect,2024-02-13 09:52:32.070414,AS4263,LGBT,ok,0.0134,1.0089,123.7,1,0
UZ,whatsapp,2024-02-13 14:14:57.299459,AS22895,ECON,anomaly,0.5963,1.6958,7.1,0,0
BY,whatsapp,2024-02-13 18:37:22.528505,AS24775,ANON,ok,0.0707,0.4573,109.37,1,0
US,web_connectivity,2024-02-13 22:59:47.757551,AS25983,SRCH,ok,0.0408,0.3478,143.44,1,0
US,tcp_connect,2024-02-14 03:22:12.986597,AS34008,LGBT,ok,0.0275,0.4554,159.69,1,0
TH,dns_consistency,2024-02-14 07:44:38.215643,AS47656,NEWS,ok,0.0046,0.1957,94.7,1,0
NG,web_connectivity,2024-02-14 12:07:03.444688,AS15061,COMT,ok,0.1483,1.039,284.97,1,0
EG,dns_consistency,2024-02-14 16:29:28.673734,AS35044,REL,ok,0.1433,0.5983,139.99,1,0
RU,whatsapp,2024-02-14 20:51:53.902780,AS47656,POLR,ok,0.0357,0.4738,52.47,0,0
EG,web_connectivity,2024-02-15 01:14:19.131826,AS41628,ECON,failure,0.4013,0.1425,893.18,0,1
CN,vanilla_tor,2024-02-15 05:36:44.360872,AS25884,LGBT,anomaly,0.3667,1.1144,43.78,0,0
IR,http_header_field_manipulation,2024-02-15 09:59:09.589917,AS15061,ANON,anomaly,0.8138,0.8835,57.98,1,0
BY,dns_consistency,2024-02-15 14:21:34.818963,AS50368,ECON,ok,0.0864,0.5033,180.12,1,0
VN,web_connectivity,2024-02-15 18:44:00.048009,AS54883,REL,ok,0.0395,2.1541,76.45,1,0
IN,web_connectivity,2024-02-15 23:06:25.277055,AS41085,ANON,ok,0.1953,1.3712,5.0,1,0
DE,http_header_field_manipulation,2024-02-16 03:28:50.506101,AS25884,COMM,ok,0.0028,0.6567,24.24,1,0
CN,dns_consistency,2024-02-16 07:51:15.735147,AS58569,POLR,anomaly,0.4924,0.1127,38.62,0,1
RU,dns_consistency,2024-02-16 12:13:40.964192,AS23883,NEWS,ok,0.0344,1.2632,313.87,1,0
TR,dns_consistency,2024-02-16 16:36:06.193238,AS20553,SRCH,ok,0.1004,1.2191,138.6,1,0
IR,whatsapp,2024-02-16 20:58:31.422284,AS50319,ECON,confirmed,0.478,0.0531,105.05,0,1
IN,web_connectivity,2024-02-17 01:20:56.651330,AS41085,NEWS,ok,0.1193,0.7263,18.73,1,0
BY,dns_consistency,2024-02-17 05:43:21.880376,AS55874,SRCH,ok,0.1825,3.6675,77.0,1,0
IR,http_header_field_manipulation,2024-02-17 10:05:47.109421,AS22453,COMT,ok,0.2945,0.4085,117.55,1,1
RU,web_connectivity,2024-02-17 14:28:12.338467,AS8640,REL,confirmed,0.8994,0.1867,71.99,0,1
KZ,telegram,2024-02-17 18:50:37.567513,AS15631,COMT,ok,0.0397,0.4186,47.02,1,1
PK,tcp_connect,2024-02-17 23:13:02.796559,AS52965,ANON,confirmed,0.2928,0.6331,36.96,1,0
RU,web_connectivity,2024-02-18 03:35:28.025605,AS22453,COMM,confirmed,0.9144,0.0896,134.06,0,0
RU,whatsapp,2024-02-18 07:57:53.254650,AS29338,SRCH,confirmed,0.4814,0.4028,118.38,0,0
VN,telegram,2024-02-18 12:20:18.483696,AS4263,REL,ok,0.1435,0.3858,54.26,1,0
IN,tcp_connect,2024-02-18 16:42:43.712742,AS57909,LGBT,ok,0.1372,1.4393,293.11,1,0
EG,web_connectivity,2024-02-18 21:05:08.941788,AS11241,COMT,anomaly,0.68,0.7143,182.77,1,0
IN,vanilla_tor,2024-02-19 01:27:34.170834,AS2175,REL,ok,0.0964,1.17,45.55,1,0
ID,web_connectivity,2024-02-19 05:49:59.399879,AS22895,COMM,ok,0.0149,1.2519,5.0,1,0
VN,dns_consistency,2024-02-19 10:12:24.628925,AS22453,COMM,ok,0.0119,0.0157,193.16,0,0
RU,web_connectivity,2024-02-19 14:34:49.857971,AS41369,HUMR,anomaly,0.4809,1.6321,57.31,1,1
TR,web_connectivity,2024-02-19 18:57:15.087017,AS45204,REL,ok,0.0835,0.1541,46.72,1,0
BR,telegram,2024-02-19 23:19:40.316063,AS58842,ANON,ok,0.097,0.7383,103.98,1,0
IR,tcp_connect,2024-02-20 03:42:05.545109,AS25983,ECON,confirmed,0.6232,0.3733,126.25,0,1
RU,tcp_connect,2024-02-20 08:04:30.774154,AS10526,POLR,ok,0.0759,2.0691,99.85,1,0
RU,web_connectivity,2024-02-20 12:26:56.003200,AS15631,LGBT,ok,0.2839,2.0827,38.38,0,0
US,telegram,2024-02-20 16:49:21.232246,AS50319,ECON,ok,0.2251,0.0805,50.5,1,0
NG,web_connectivity,2024-02-20 21:11:46.461292,AS35011,HUMR,ok,0.0791,1.9336,5.0,1,0
RU,web_connectivity,2024-02-21 01:34:11.690338,AS58653,POLR,ok,0.0394,0.1847,5.0,1,0
VN,http_header_field_manipulation,2024-02-21 05:56:36.919383,AS59099,SRCH,ok,0.0317,1.1668,275.49,1,0
NG,web_connectivity,2024-02-21 10:19:02.148429,AS4899,NEWS,ok,0.0216,0.825,614.22,1,0
TH,web_connectivity,2024-02-21 14:41:27.377475,AS13266,HUMR,ok,0.0198,0.4811,36.69,1,0
BY,telegram,2024-02-21 19:03:52.606521,AS22453,LGBT,anomaly,0.3333,0.1274,49.44,0,1
TH,http_header_field_manipulation,2024-02-21 23:26:17.835567,AS32671,NEWS,ok,0.1293,0.4122,71.78,1,0
ID,facebook_messenger,2024-02-22 03:48:43.064612,AS11241,SRCH,ok,,0.503,5.0,1,0
DE,dns_consistency,2024-02-22 08:11:08.293658,AS46987,LGBT,ok,0.1008,0.7407,125.28,1,0
DE,web_connectivity,2024-02-22 12:33:33.522704,AS19698,HUMR,ok,0.1709,0.4599,7.72,1,0
TR,web_connectivity,2024-02-22 16:55:58.751750,AS6146,ECON,ok,0.0629,0.1587,21.82,1,0
US,telegram,2024-02-22 21:18:23.980796,AS50319,LGBT,ok,0.0597,0.8088,230.9,1,0
IR,web_connectivity,2024-02-23 01:40:49.209841,AS2592,COMT,anomaly,0.1584,0.2352,94.79,0,1
VN,http_header_field_manipulation,2024-02-23 06:03:14.438887,AS35044,SRCH,ok,0.3365,0.205,18.69,1,0
RU,web_connectivity,2024-02-23 10:25:39.667933,AS15061,NEWS,ok,0.0152,2.3569,5.0,1,0
CN,http_header_field_manipulation,2024-02-23 14:48:04.896979,AS10526,ANON,confirmed,0.5551,0.4347,127.06,1,1
CN,web_connectivity,2024-02-23 19:10:30.126025,AS6146,SRCH,failure,0.4056,0.1252,66.4,1,0
TH,web_connectivity,2024-02-23 23:32:55.355071,AS42135,LGBT,ok,0.4548,1.7663,25.65,1,0
IR,tcp_connect,2024-02-24 03:55:20.584116,AS13761,LGBT,ok,0.0422,0.6213,81.68,1,0
KZ,web_connectivity,2024-02-24 08:17:45.813162,AS6970,POLR,ok,0.297,1.5191,264.55,1,0
IR,dns_consistency,2024-02-24 12:40:11.042208,AS35011,ECON,ok,0.0141,2.1692,126.77,1,0
VN,tcp_connect,2024-02-24 17:02:36.271254,AS19111,ECON,anomaly,0.6892,0.59,33.97,0,1
TR,http_header_field_manipulation,2024-02-24 21:25:01.500300,AS55374,SRCH,ok,0.0953,0.983,250.95,1,1
TR,web_connectivity,2024-02-25 01:47:26.729345,AS58653,REL,ok,0.0396,0.3595,32.26,1,1
FR,tcp_connect,2024-02-25 06:09:51.958391,AS48048,COMM,ok,0.0828,0.4792,5.0,1,0
CN,telegram,2024-02-25 10:32:17.187437,AS13761,REL,anomaly,0.7747,0.4572,75.95,1,1
CN,http_header_field_manipulation,2024-02-25 14:54:42.416483,AS58569,SRCH,confirmed,0.3335,0.3489,5.0,1,1
BR,http_header_field_manipulation,2024-02-25 19:17:07.645529,AS51222,HUMR,ok,0.0208,0.0136,10.21,1,0
PK,whatsapp,2024-02-25 23:39:32.874574,AS11241,SRCH,ok,0.0734,0.4462,5.0,1,0
FR,whatsapp,2024-02-26 04:01:58.103620,AS29606,COMM,ok,0.1084,0.264,18.14,1,0
EG,web_connectivity,2024-02-26 08:24:23.332666,AS4899,HUMR,ok,0.1056,1.432,138.34,1,0
BR,vanilla_tor,2024-02-26 12:46:48.561712,AS4899,NEWS,ok,0.0168,1.0727,127.87,1,0
IN,web_connectivity,2024-02-26 17:09:13.790758,AS34008,SRCH,anomaly,0.6189,1.0401,53.72,0,1
BR,vanilla_tor,2024-02-26 21:31:39.019803,AS4099,COMT,ok,0.1768,0.4269,,1,0
NG,web_connectivity,2024-02-27 01:54:04.248849,AS25294,SRCH,ok,0.4335,0.7636,5.0,1,0
CN,web_connectivity,2024-02-27 06:16:29.477895,AS59099,COMT,ok,0.0139,1.1224,5.0,1,0
VN,whatsapp,2024-02-27 10:38:54.706941,AS39530,SRCH,ok,0.2129,0.1649,120.93,1,0
CN,web_connectivity,2024-02-27 15:01:19.935987,AS26441,SRCH,anomaly,0.484,0.1958,85.15,0,1
DE,web_connectivity,2024-02-27 19:23:45.165033,AS4899,COMT,ok,0.0638,0.5534,115.41,1,0
CN,http_header_field_manipulation,2024-02-27 23:46:10.394078,AS34008,POLR,confirmed,0.9435,0.165,,0,1
TR,http_header_field_manipulation,2024-02-28 04:08:35.623124,AS8640,POLR,anomaly,0.5277,0.1385,156.25,1,1
NG,web_connectivity,2024-02-28 08:31:00.852170,AS34008,SRCH,ok,0.0351,1.3417,102.04,1,0
RU,dns_consistency,2024-02-28 12:53:26.081216,AS25581,LGBT,confirmed,0.7882,0.3668,46.59,1,0
RU,dns_consistency,2024-02-28 17:15:51.310262,AS18345,COMM,ok,0.0319,1.3898,62.89,1,0
IR,web_connectivity,2024-02-28 21:38:16.539307,AS23883,COMM,ok,0.0446,1.1484,195.99,1,0
IR,dns_consistency,2024-02-29 02:00:41.768353,AS35011,REL,ok,0.0009,0.441,80.62,1,0
CN,web_connectivity,2024-02-29 06:23:06.997399,AS13266,HUMR,anomaly,0.8566,0.2186,177.81,1,1
PK,web_connectivity,2024-02-29 10:45:32.226445,AS20634,HUMR,anomaly,0.785,1.6479,64.51,0,1
DE,http_header_field_manipulation,2024-02-29 15:07:57.455491,AS11241,SRCH,ok,0.0872,0.0117,80.12,1,0
DE,whatsapp,2024-02-29 19:30:22.684536,AS44761,REL,ok,0.2286,0.2935,204.97,1,0
NG,dns_consistency,2024-02-29 23:52:47.913582,AS35011,COMM,ok,0.0897,1.3727,76.27,0,0
EG,web_connectivity,2024-03-01 04:15:13.142628,AS29338,SRCH,failure,0.348,1.7115,311.36,0,1
RU,http_header_field_manipulation,2024-03-01 08:37:38.371674,AS58945,ANON,confirmed,0.3725,0.248,34.62,0,0
AZ,telegram,2024-03-01 13:00:03.600720,AS58842,COMT,anomaly,0.5981,0.9549,5.6,0,0
FR,dns_consistency,2024-03-01 17:22:28.829765,AS2182,HUMR,ok,0.1837,0.4543,423.77,1,1
IR,dns_consistency,2024-03-01 21:44:54.058811,AS41085,POLR,ok,0.0813,0.4544,5.0,1,0
VN,vanilla_tor,2024-03-02 02:07:19.287857,AS25581,SRCH,ok,0.1055,2.0568,33.39,1,0
RU,http_header_field_manipulation,2024-03-02 06:29:44.516903,AS53867,NEWS,ok,0.0172,2.0123,173.93,1,0
RU,tcp_connect,2024-03-02 10:52:09.745949,AS25983,COMT,ok,0.1173,0.602,170.03,1,0
TR,http_header_field_manipulation,2024-03-02 15:14:34.974995,AS15539,REL,ok,0.0449,0.7798,25.61,1,0
BY,web_connectivity,2024-03-02 19:37:00.204040,AS55374,HUMR,ok,0.0373,0.9353,,1,0
VN,web_connectivity,2024-03-02 23:59:25.433086,AS29606,REL,ok,0.0092,1.4066,277.16,1,0
DE,http_header_field_manipulation,2024-03-03 04:21:50.662132,AS41085,ANON,ok,0.0743,0.1033,204.62,1,0
DE,dns_consistency,2024-03-03 08:44:15.891178,AS10526,COMT,ok,0.0161,0.6753,17.13,1,0
DE,web_connectivity,2024-03-03 13:06:41.120224,AS2072,NEWS,ok,0.1412,0.467,5.0,1,0
TR,web_connectivity,2024-03-03 17:29:06.349269,AS18345,NEWS,ok,0.0649,1.4923,119.83,1,0
AZ,whatsapp,2024-03-03 21:51:31.578315,AS1588,LGBT,ok,0.0573,0.2563,27.56,1,0
BR,whatsapp,2024-03-04 02:13:56.807361,AS2182,NEWS,ok,0.0062,0.5447,18.32,1,0
DE,dns_consistency,2024-03-04 06:36:22.036407,AS15539,NEWS,ok,0.0835,0.2063,21.2,1,0
DE,http_header_field_manipulation,2024-03-04 10:58:47.265453,AS54883,ANON,ok,,1.6699,319.92,1,0
TH,web_connectivity,2024-03-04 15:21:12.494498,AS58842,HUMR,ok,0.104,1.4532,42.11,1,0
EG,dns_consistency,2024-03-04 19:43:37.723544,AS6970,LGBT,confirmed,0.4737,0.1572,32.18,0,0
IR,web_connectivity,2024-03-05 00:06:02.952590,AS6970,COMT,confirmed,0.5647,0.0303,5.14,1,1
DE,http_header_field_manipulation,2024-03-05 04:28:28.181636,AS26441,SRCH,ok,0.0353,2.1794,101.19,1,0
TR,dns_consistency,2024-03-05 08:50:53.410682,AS42772,HUMR,confirmed,0.1202,0.4533,68.6,0,1
FR,dns_consistency,2024-03-05 13:13:18.639727,AS15061,POLR,ok,0.0264,0.5359,28.7,1,0
IN,web_connectivity,2024-03-05 17:35:43.868773,AS23227,HUMR,ok,0.0094,0.6335,46.59,1,0
RU,web_connectivity,2024-03-05 21:58:09.097819,AS20634,LGBT,confirmed,,0.2494,46.24,0,1
IN,telegram,2024-03-06 02:20:34.326865,AS15539,ANON,failure,0.8193,0.9066,1160.67,0,0
TR,web_connectivity,2024-03-06 06:42:59.555911,AS15539,REL,anomaly,0.2066,0.8325,186.1,0,1
BR,web_connectivity,2024-03-06 11:05:24.784956,AS32671,COMM,ok,0.2584,0.3905,5.0,1,1
CN,web_connectivity,2024-03-06 15:27:50.014002,AS58945,COMT,anomaly,0.7596,0.0633,22.31,1,0
RU,web_connectivity,2024-03-06 19:50:15.243048,AS25581,COMM,ok,0.0057,0.9798,24.66,1,0
RU,dns_consistency,2024-03-07 00:12:40.472094,AS39530,ECON,failure,0.4526,0.1308,91.5,0,1
TR,dns_consistency,2024-03-07 04:35:05.701140,AS49724,COMT,ok,0.0374,0.398,414.25,1,0
TR,web_connectivity,2024-03-07 08:57:30.930186,AS2182,ANON,confirmed,0.3544,0.2352,66.24,1,1
BY,web_connectivity,2024-03-07 13:19:56.159231,AS20553,POLR,ok,0.2334,0.6538,17.89,1,0
CN,web_connectivity,2024-03-07 17:42:21.388277,AS36237,COMM,ok,,1.3145,365.0,1,0
RU,dns_consistency,2024-03-07 22:04:46.617323,AS15631,NEWS,failure,0.4361,0.3924,295.55,1,0
MM,whatsapp,2024-03-08 02:27:11.846369,AS23883,POLR,confirmed,,0.4517,137.41,1,1
AZ,web_connectivity,2024-03-08 06:49:37.075415,AS2175,COMM,ok,0.0338,0.5249,395.29,0,0
US,http_header_field_manipulation,2024-03-08 11:12:02.304460,AS52965,LGBT,ok,0.1151,1.4276,265.38,1,1
TR,tcp_connect,2024-03-08 15:34:27.533506,AS58945,COMM,confirmed,0.6383,0.6254,384.36,0,1
PK,web_connectivity,2024-03-08 19:56:52.762552,AS55961,ECON,confirmed,0.4263,0.0658,240.7,1,1
RU,http_header_field_manipulation,2024-03-09 00:19:17.991598,AS51947,ECON,anomaly,0.4216,0.1662,155.42,0,1
UZ,http_header_field_manipulation,2024-03-09 04:41:43.220644,AS10526,SRCH,confirmed,0.5185,0.6665,5.0,0,1
AZ,http_header_field_manipulation,2024-03-09 09:04:08.449689,AS39530,LGBT,anomaly,0.5318,1.2727,39.58,1,0
US,telegram,2024-03-09 13:26:33.678735,AS58842,COMM,ok,0.009,0.4025,62.0,1,0
CN,web_connectivity,2024-03-09 17:48:58.907781,AS55874,COMT,anomaly,0.2694,0.2284,310.36,1,0
RU,web_connectivity,2024-03-09 22:11:24.136827,AS55874,COMT,ok,0.2078,1.9219,,1,0
FR,dns_consistency,2024-03-10 02:33:49.365873,AS55374,COMM,ok,0.1872,0.2281,38.17,1,0
PK,web_connectivity,2024-03-10 06:56:14.594918,AS4263,HUMR,ok,0.0092,0.3035,125.82,1,0
TR,web_connectivity,2024-03-10 11:18:39.823964,AS23227,COMT,anomaly,0.5464,0.5184,30.64,0,0
RU,whatsapp,2024-03-10 15:41:05.053010,AS51947,ANON,failure,0.4277,0.4285,454.88,1,1
NG,dns_consistency,2024-03-10 20:03:30.282056,AS50319,REL,ok,0.4368,1.9571,111.68,1,0
FR,web_connectivity,2024-03-11 00:25:55.511102,AS57909,SRCH,ok,0.0095,0.0842,35.14,1,1
EG,web_connectivity,2024-03-11 04:48:20.740148,AS4899,LGBT,ok,0.0432,0.9913,99.21,1,0
RU,web_connectivity,2024-03-11 09:10:45.969193,AS13761,REL,ok,0.1928,0.4483,59.75,1,0
IN,web_connectivity,2024-03-11 13:33:11.198239,AS8640,NEWS,ok,0.0099,0.9054,29.8,1,0
IR,whatsapp,2024-03-11 17:55:36.427285,AS32635,LGBT,ok,0.1032,0.1129,16.19,1,1
UZ,vanilla_tor,2024-03-11 22:18:01.656331,AS49977,ANON,ok,0.0685,1.2522,17.3,1,0
TR,dns_consistency,2024-03-12 02:40:26.885377,AS42135,LGBT,ok,0.0727,0.4036,188.49,1,0
EG,web_connectivity,2024-03-12 07:02:52.114422,AS55874,REL,confirmed,0.6343,0.3247,182.77,0,1
RU,tcp_connect,2024-03-12 11:25:17.343468,AS9939,NEWS,ok,0.4972,0.3693,65.67,1,0
IR,whatsapp,2024-03-12 15:47:42.572514,AS28910,POLR,ok,0.2695,0.0473,,0,0
VN,telegram,2024-03-12 20:10:07.801560,AS1588,REL,ok,0.0034,0.1229,5.0,1,0
BY,http_header_field_manipulation,2024-03-13 00:32:33.030606,AS55374,COMM,ok,0.0561,2.0366,391.88,1,0
CN,dns_consistency,2024-03-13 04:54:58.259651,AS22895,ANON,ok,0.1673,1.2731,25.72,1,1
IN,http_header_field_manipulation,2024-03-13 09:17:23.488697,AS2592,SRCH,ok,0.1337,1.579,38.55,1,0
NG,web_connectivity,2024-03-13 13:39:48.717743,AS28910,LGBT,ok,0.0052,1.225,5.0,1,0
MM,http_header_field_manipulation,2024-03-13 18:02:13.946789,AS2592,ANON,ok,0.3169,0.6527,133.62,1,0
NG,http_header_field_manipulation,2024-03-13 22:24:39.175835,AS45204,COMT,anomaly,0.9124,0.9647,169.84,1,1
RU,tcp_connect,2024-03-14 02:47:04.404880,AS13266,ANON,ok,0.1443,0.6827,355.86,1,1
US,dns_consistency,2024-03-14 07:09:29.633926,AS9939,ECON,ok,0.2199,0.2393,271.32,1,0
KZ,http_header_field_manipulation,2024-03-14 11:31:54.862972,AS2072,HUMR,ok,0.0273,0.7911,5.0,1,0
AZ,http_header_field_manipulation,2024-03-14 15:54:20.092018,AS38379,COMT,anomaly,0.7448,1.5303,198.2,1,1
BR,web_connectivity,2024-03-14 20:16:45.321064,AS50319,POLR,ok,0.0494,1.001,397.02,1,0
FR,telegram,2024-03-15 00:39:10.550110,AS23227,ANON,ok,0.1136,1.7309,93.48,1,0
IR,http_header_field_manipulation,2024-03-15 05:01:35.779155,AS23227,SRCH,confirmed,0.9149,0.2019,12.06,0,1
DE,tcp_connect,2024-03-15 09:24:01.008201,AS35011,NEWS,ok,0.0785,0.2284,62.44,1,0
PK,web_connectivity,2024-03-15 13:46:26.237247,AS44761,POLR,ok,0.0296,0.8602,206.25,1,0
IR,telegram,2024-03-15 18:08:51.466293,AS25884,NEWS,ok,0.0691,0.724,416.37,1,0
FR,dns_consistency,2024-03-15 22:31:16.695339,AS23227,COMM,ok,0.1699,1.1691,369.83,1,0
TR,http_header_field_manipulation,2024-03-16 02:53:41.924384,AS23883,HUMR,ok,0.0129,0.4641,74.42,1,0
TR,facebook_messenger,2024-03-16 07:16:07.153430,AS6146,ECON,failure,0.9832,1.2376,617.59,0,1
CN,telegram,2024-03-16 11:38:32.382476,AS20634,COMM,confirmed,0.3952,0.7603,110.89,0,1
TR,http_header_field_manipulation,2024-03-16 16:00:57.611522,AS23883,POLR,ok,0.5503,0.214,49.68,1,0
BR,web_connectivity,2024-03-16 20:23:22.840568,AS53867,POLR,ok,0.0776,0.9027,342.14,1,0
IN,facebook_messenger,2024-03-17 00:45:48.069613,AS4099,NEWS,ok,0.2235,0.1719,204.36,1,0
CN,vanilla_tor,2024-03-17 05:08:13.298659,AS20634,COMM,ok,0.0096,0.9019,16.9,1,0
MM,web_connectivity,2024-03-17 09:30:38.527705,AS54883,COMT,anomaly,0.7127,1.1706,45.92,0,1
RU,dns_consistency,2024-03-17 13:53:03.756751,AS36237,LGBT,ok,0.11,1.4545,114.55,1,0
BY,dns_consistency,2024-03-17 18:15:28.985797,AS13266,REL,ok,0.0006,1.9237,74.46,1,0
CN,web_connectivity,2024-03-17 22:37:54.214842,AS25581,LGBT,anomaly,0.7055,1.3552,5.0,1,1
US,web_connectivity,2024-03-18 03:00:19.443888,AS41085,ECON,ok,0.1107,1.0291,51.85,1,0
IN,dns_consistency,2024-03-18 07:22:44.672934,AS50319,ANON,ok,0.2517,0.1987,339.34,1,0
BR,facebook_messenger,2024-03-18 11:45:09.901980,AS51947,SRCH,ok,0.0115,0.9571,90.13,1,0
MM,web_connectivity,2024-03-18 16:07:35.131026,AS13266,REL,ok,0.2036,0.6379,155.23,1,1
FR,telegram,2024-03-18 20:30:00.360072,AS20634,REL,ok,0.2123,0.4548,131.21,1,0
TR,telegram,2024-03-19 00:52:25.589117,AS58842,COMT,anomaly,0.4774,0.0629,5.78,0,1
BR,whatsapp,2024-03-19 05:14:50.818163,AS15631,ECON,ok,0.0731,0.341,36.53,1,0
DE,web_connectivity,2024-03-19 09:37:16.047209,AS1588,HUMR,ok,0.0786,0.7096,341.94,1,0
FR,dns_consistency,2024-03-19 13:59:41.276255,AS48048,ECON,ok,0.0168,0.5616,96.1,1,0
MM,web_connectivity,2024-03-19 18:22:06.505301,AS38379,ECON,ok,0.3346,0.7132,473.81,1,0
IN,facebook_messenger,2024-03-19 22:44:31.734346,AS36237,NEWS,ok,0.243,1.7846,249.92,1,0
DE,dns_consistency,2024-03-20 03:06:56.963392,AS33842,HUMR,ok,0.1031,0.3792,22.94,1,0
CN,web_connectivity,2024-03-20 07:29:22.192438,AS24775,SRCH,confirmed,0.4338,0.0591,5.0,0,1
PK,web_connectivity,2024-03-20 11:51:47.421484,AS2072,COMM,ok,0.2942,1.1177,63.24,1,0
BY,dns_consistency,2024-03-20 16:14:12.650530,AS32635,SRCH,confirmed,0.8432,0.1915,94.0,0,0
ID,facebook_messenger,2024-03-20 20:36:37.879575,AS22895,NEWS,anomaly,0.1988,0.6368,291.91,1,0
BR,dns_consistency,2024-03-21 00:59:03.108621,AS44761,NEWS,ok,0.0732,0.0301,35.76,1,0
VN,http_header_field_manipulation,2024-03-21 05:21:28.337667,AS22895,NEWS,ok,0.0148,0.1467,194.09,1,0
DE,web_connectivity,2024-03-21 09:43:53.566713,AS41628,NEWS,ok,0.1139,0.6095,75.48,1,0
NG,whatsapp,2024-03-21 14:06:18.795759,AS20634,ECON,ok,0.4174,1.2965,44.72,0,0
TR,dns_consistency,2024-03-21 18:28:44.024804,AS15631,ECON,ok,0.0052,0.1683,102.94,1,0
EG,telegram,2024-03-21 22:51:09.253850,AS15631,NEWS,ok,0.4498,0.906,82.56,1,0
RU,web_connectivity,2024-03-22 03:13:34.482896,AS58569,HUMR,failure,0.7572,0.0847,4224.21,0,1
RU,http_header_field_manipulation,2024-03-22 07:35:59.711942,AS2182,HUMR,confirmed,0.4603,0.0043,131.36,0,1
EG,dns_consistency,2024-03-22 11:58:24.940988,AS10526,LGBT,ok,0.0176,1.1243,6.72,1,0
TH,web_connectivity,2024-03-22 16:20:50.170034,AS2072,POLR,ok,0.096,0.2583,88.26,1,0
NG,web_connectivity,2024-03-22 20:43:15.399079,AS51947,LGBT,ok,0.1329,1.2585,102.0,1,0
EG,web_connectivity,2024-03-23 01:05:40.628125,AS54883,ANON,ok,0.054,0.8426,97.06,0,0
BY,web_connectivity,2024-03-23 05:28:05.857171,AS28910,LGBT,ok,0.0106,0.8621,44.14,1,0
IN,http_header_field_manipulation,2024-03-23 09:50:31.086217,AS32671,POLR,failure,0.6765,0.5235,88.59,1,1
IR,web_connectivity,2024-03-23 14:12:56.315263,AS24775,POLR,anomaly,0.4094,0.0881,5.0,0,1
TH,dns_consistency,2024-03-23 18:35:21.544308,AS2182,LGBT,ok,0.1757,0.1761,27.08,1,0
TH,dns_consistency,2024-03-23 22:57:46.773354,AS26441,SRCH,ok,0.2164,0.5562,63.47,1,0
DE,dns_consistency,2024-03-24 03:20:12.002400,AS13266,COMM,ok,0.0733,1.1839,126.84,1,1
CN,web_connectivity,2024-03-24 07:42:37.231446,AS34008,LGBT,anomaly,,0.6644,86.76,0,1
KZ,dns_consistency,2024-03-24 12:05:02.460492,AS25884,COMT,anomaly,0.5183,1.4756,47.14,0,1
EG,web_connectivity,2024-03-24 16:27:27.689537,AS22453,SRCH,ok,0.1703,0.8374,220.5,1,0
RU,web_connectivity,2024-03-24 20:49:52.918583,AS23883,ANON,ok,0.2128,0.1319,53.03,1,0
IR,dns_consistency,2024-03-25 01:12:18.147629,AS42135,COMT,confirmed,0.5057,0.1236,133.52,0,1
FR,web_connectivity,2024-03-25 05:34:43.376675,AS10526,SRCH,ok,0.0535,0.0576,201.3,1,0
RU,telegram,2024-03-25 09:57:08.605721,AS58653,NEWS,anomaly,0.8347,0.4785,77.45,0,1
TR,telegram,2024-03-25 14:19:33.834766,AS25294,NEWS,anomaly,0.7311,0.6953,197.08,0,1
US,http_header_field_manipulation,2024-03-25 18:41:59.063812,AS45204,ECON,ok,0.3351,1.1736,118.59,1,0
IR,web_connectivity,2024-03-25 23:04:24.292858,AS11241,ECON,confirmed,0.749,0.3288,229.97,1,1
CN,http_header_field_manipulation,2024-03-26 03:26:49.521904,AS55961,SRCH,confirmed,0.8031,0.2962,123.39,0,0
TR,http_header_field_manipulation,2024-03-26 07:49:14.750950,AS4899,COMT,ok,0.1352,0.6415,5.0,1,0
CN,web_connectivity,2024-03-26 12:11:39.979996,AS22453,REL,failure,0.6604,0.3223,245.09,0,1
MM,web_connectivity,2024-03-26 16:34:05.209041,AS2182,LGBT,ok,0.2956,1.0382,76.04,1,0
US,web_connectivity,2024-03-26 20:56:30.438087,AS26441,COMM,ok,0.1325,0.5529,57.2,1,0
CN,web_connectivity,2024-03-27 01:18:55.667133,AS2072,REL,ok,0.0323,0.4306,31.23,1,0
TR,http_header_field_manipulation,2024-03-27 05:41:20.896179,AS26441,COMT,ok,0.1424,0.0913,51.66,1,0
RU,whatsapp,2024-03-27 10:03:46.125225,AS29606,COMT,confirmed,,0.6843,57.18,1,1
RU,web_connectivity,2024-03-27 14:26:11.354270,AS6146,NEWS,ok,0.0538,1.8276,298.39,0,0
EG,web_connectivity,2024-03-27 18:48:36.583316,AS41628,ECON,ok,0.0696,0.4411,5.0,1,0
IR,web_connectivity,2024-03-27 23:11:01.812362,AS8640,SRCH,ok,0.0045,0.6346,13.56,1,0
DE,web_connectivity,2024-03-28 03:33:27.041408,AS58945,REL,ok,0.1529,0.3004,40.52,1,0
BY,web_connectivity,2024-03-28 07:55:52.270454,AS19111,COMT,ok,0.0487,1.5129,182.92,1,0
IN,web_connectivity,2024-03-28 12:18:17.499499,AS1588,HUMR,ok,0.109,0.0331,69.01,1,0
TR,web_connectivity,2024-03-28 16:40:42.728545,AS52965,ANON,ok,0.4962,0.4209,67.99,1,0
AZ,http_header_field_manipulation,2024-03-28 21:03:07.957591,AS8947,LGBT,ok,0.2261,0.3589,64.19,1,0
AZ,http_header_field_manipulation,2024-03-29 01:25:33.186637,AS11241,COMT,anomaly,0.7818,1.2042,122.34,0,1
KZ,telegram,2024-03-29 05:47:58.415683,AS42135,REL,ok,0.1504,1.0513,5.0,1,0
BR,http_header_field_manipulation,2024-03-29 10:10:23.644728,AS35011,POLR,anomaly,0.5606,0.5377,74.06,1,1
ID,web_connectivity,2024-03-29 14:32:48.873774,AS58653,REL,ok,0.0616,0.5721,26.83,1,0
MM,tcp_connect,2024-03-29 18:55:14.102820,AS58945,NEWS,ok,0.0073,0.515,495.13,1,0
IN,web_connectivity,2024-03-29 23:17:39.331866,AS19111,COMM,confirmed,0.6013,0.0126,60.98,1,1
NG,dns_consistency,2024-03-30 03:40:04.560912,AS2592,COMT,ok,0.0782,0.6882,39.91,1,0
IR,web_connectivity,2024-03-30 08:02:29.789958,AS41085,SRCH,failure,0.6845,0.0306,432.59,1,0
BR,web_connectivity,2024-03-30 12:24:55.019003,AS13266,LGBT,ok,0.0559,0.2916,47.15,1,0
CN,dns_consistency,2024-03-30 16:47:20.248049,AS4263,LGBT,confirmed,0.5908,0.5252,61.42,0,0
TR,web_connectivity,2024-03-30 21:09:45.477095,AS38379,COMM,ok,0.0163,0.2691,114.16,1,0
IR,web_connectivity,2024-03-31 01:32:10.706141,AS25294,ECON,confirmed,0.8361,0.0536,5.0,0,1
TR,web_connectivity,2024-03-31 05:54:35.935187,AS2182,SRCH,ok,0.1554,0.402,14.21,1,0
DE,tcp_connect,2024-03-31 10:17:01.164232,AS52965,LGBT,ok,0.1086,1.4333,59.11,1,0
NG,web_connectivity,2024-03-31 14:39:26.393278,AS4099,ANON,ok,0.089,0.9507,131.64,1,1
TR,dns_consistency,2024-03-31 19:01:51.622324,AS58653,ECON,ok,0.0818,1.3613,18.42,1,0
MM,tcp_connect,2024-03-31 23:24:16.851370,AS52965,LGBT,ok,0.2822,1.6575,131.24,1,0
US,web_connectivity,2024-04-01 03:46:42.080416,AS2592,NEWS,ok,0.1171,1.087,38.45,1,0
NG,tcp_connect,2024-04-01 08:09:07.309461,AS2182,LGBT,ok,0.0997,1.1779,72.66,1,0
CN,whatsapp,2024-04-01 12:31:32.538507,AS20634,SRCH,confirmed,0.5628,1.0474,103.57,0,1
MM,vanilla_tor,2024-04-01 16:53:57.767553,AS41085,HUMR,anomaly,0.4563,1.3126,51.53,1,0
NG,web_connectivity,2024-04-01 21:16:22.996599,AS22895,COMM,anomaly,0.5563,0.2172,362.85,0,0
AZ,web_connectivity,2024-04-02 01:38:48.225645,AS11241,REL,anomaly,0.7127,0.6797,187.97,1,1
IR,http_header_field_manipulation,2024-04-02 06:01:13.454690,AS52965,ECON,failure,0.8111,0.2372,465.94,0,0
IN,web_connectivity,2024-04-02 10:23:38.683736,AS13761,HUMR,confirmed,0.6934,0.0733,43.67,1,1
IR,web_connectivity,2024-04-02 14:46:03.912782,AS25884,COMM,ok,0.0238,0.6706,252.72,0,0
CN,web_connectivity,2024-04-02 19:08:29.141828,AS49724,HUMR,ok,0.0243,0.8469,156.12,1,0
IN,tcp_connect,2024-04-02 23:30:54.370874,AS52965,REL,ok,0.0158,0.632,9.94,1,0
KZ,web_connectivity,2024-04-03 03:53:19.599919,AS57909,NEWS,ok,0.0709,0.214,88.44,1,0
BR,http_header_field_manipulation,2024-04-03 08:15:44.828965,AS47656,LGBT,ok,,0.6808,25.57,1,0
TR,web_connectivity,2024-04-03 12:38:10.058011,AS36237,HUMR,anomaly,0.6746,0.2439,167.61,0,1
PK,http_header_field_manipulation,2024-04-03 17:00:35.287057,AS44761,NEWS,ok,0.0593,2.1982,57.04,1,0
RU,dns_consistency,2024-04-03 21:23:00.516103,AS52965,HUMR,anomaly,0.6271,1.0884,36.85,0,0
IN,web_connectivity,2024-04-04 01:45:25.745149,AS50319,ECON,confirmed,0.5291,0.5388,294.0,1,0
NG,web_connectivity,2024-04-04 06:07:50.974194,AS51222,SRCH,ok,0.0267,1.2188,285.07,1,0
BR,web_connectivity,2024-04-04 10:30:16.203240,AS25294,ANON,ok,0.0759,0.0338,203.74,1,0
NG,web_connectivity,2024-04-04 14:52:41.432286,AS15539,NEWS,ok,0.0125,0.0629,5.0,1,0
CN,dns_consistency,2024-04-04 19:15:06.661332,AS48048,POLR,anomaly,0.5189,0.8858,161.3,0,1
TR,facebook_messenger,2024-04-04 23:37:31.890378,AS25294,ECON,ok,0.1272,1.4134,24.12,1,0
TH,http_header_field_manipulation,2024-04-05 03:59:57.119423,AS35011,SRCH,ok,0.0406,0.0099,5.0,1,0
FR,whatsapp,2024-04-05 08:22:22.348469,AS38379,ANON,ok,0.0093,0.5943,16.74,1,0
TR,vanilla_tor,2024-04-05 12:44:47.577515,AS19111,SRCH,anomaly,0.1665,1.6921,164.76,0,0
NG,dns_consistency,2024-04-05 17:07:12.806561,AS58653,COMT,ok,0.0612,2.0122,36.38,0,0
CN,web_connectivity,2024-04-05 21:29:38.035607,AS45204,SRCH,anomaly,0.6124,1.096,175.21,0,0
IN,telegram,2024-04-06 01:52:03.264652,AS19111,ANON,anomaly,0.681,0.8248,,0,1
MM,http_header_field_manipulation,2024-04-06 06:14:28.493698,AS41085,LGBT,ok,0.048,0.2587,171.62,1,0
US,facebook_messenger,2024-04-06 10:36:53.722744,AS15631,ANON,ok,0.2484,0.1403,314.35,1,0
BY,http_header_field_manipulation,2024-04-06 14:59:18.951790,AS33842,REL,ok,0.1314,0.3645,138.14,1,0
NG,tcp_connect,2024-04-06 19:21:44.180836,AS58842,ECON,anomaly,0.9805,0.3272,245.7,0,0
NG,telegram,2024-04-06 23:44:09.409881,AS59099,SRCH,ok,0.1489,0.6943,57.49,1,0
RU,tcp_connect,2024-04-07 04:06:34.638927,AS23227,ANON,ok,0.1738,1.0932,301.74,0,0
PK,dns_consistency,2024-04-07 08:28:59.867973,AS6970,COMT,ok,0.0822,0.5281,324.88,1,0
FR,dns_consistency,2024-04-07 12:51:25.097019,AS13761,ANON,ok,0.1907,0.5273,83.7,1,0
DE,whatsapp,2024-04-07 17:13:50.326065,AS54883,ANON,ok,0.0517,1.2364,38.99,0,1
IR,tcp_connect,2024-04-07 21:36:15.555111,AS4263,COMT,failure,0.5028,1.6716,145.4,1,1
FR,web_connectivity,2024-04-08 01:58:40.784156,AS42772,REL,ok,0.3308,0.8828,65.0,1,0
TR,dns_consistency,2024-04-08 06:21:06.013202,AS20634,COMT,ok,0.0235,0.5274,148.5,1,0
IN,http_header_field_manipulation,2024-04-08 10:43:31.242248,AS18345,REL,ok,0.0888,0.3107,81.1,1,0
RU,web_connectivity,2024-04-08 15:05:56.471294,AS57909,REL,ok,0.0727,0.0437,96.97,1,0
IR,web_connectivity,2024-04-08 19:28:21.700340,AS23883,COMT,anomaly,0.5037,1.0444,5.0,0,1
CN,web_connectivity,2024-04-08 23:50:46.929385,AS33842,COMM,anomaly,0.655,0.7829,314.33,0,1
US,whatsapp,2024-04-09 04:13:12.158431,AS59099,COMM,ok,0.0515,1.1945,58.72,1,1
BR,web_connectivity,2024-04-09 08:35:37.387477,AS29606,NEWS,ok,0.4524,0.2238,,1,0
NG,dns_consistency,2024-04-09 12:58:02.616523,AS59099,COMM,ok,0.0791,1.2851,18.97,1,0
BR,whatsapp,2024-04-09 17:20:27.845569,AS8947,ECON,ok,0.0292,0.9033,72.6,1,0
US,web_connectivity,2024-04-09 21:42:53.074614,AS55374,SRCH,ok,0.1511,1.7897,67.74,1,0
MM,web_connectivity,2024-04-10 02:05:18.303660,AS4263,NEWS,ok,0.0338,0.4281,206.26,1,0
TH,facebook_messenger,2024-04-10 06:27:43.532706,AS8947,ECON,ok,0.1668,0.7247,356.05,1,0
CN,http_header_field_manipulation,2024-04-10 10:50:08.761752,AS13266,ECON,confirmed,0.4624,0.3708,5.78,1,1
IR,web_connectivity,2024-04-10 15:12:33.990798,AS49724,COMT,anomaly,0.6173,0.4684,10.27,1,1
IN,tcp_connect,2024-04-10 19:34:59.219843,AS18345,REL,ok,0.1,0.9936,34.67,1,0
RU,tcp_connect,2024-04-10 23:57:24.448889,AS4263,HUMR,ok,0.0382,1.1214,5.0,1,0
KZ,whatsapp,2024-04-11 04:19:49.677935,AS6970,LGBT,confirmed,0.4236,0.4932,120.46,0,1
CN,web_connectivity,2024-04-11 08:42:14.906981,AS49977,COMM,ok,0.054,1.7984,5.0,1,0
US,web_connectivity,2024-04-11 13:04:40.136027,AS4099,NEWS,ok,0.0773,0.4618,20.69,1,0
IR,http_header_field_manipulation,2024-04-11 17:27:05.365073,AS17131,COMT,anomaly,0.9204,1.3236,56.95,0,1
BR,web_connectivity,2024-04-11 21:49:30.594118,AS25581,REL,ok,0.0365,1.262,46.68,1,0
RU,web_connectivity,2024-04-12 02:11:55.823164,AS35011,COMT,anomaly,0.6041,0.0206,30.23,1,1
PK,web_connectivity,2024-04-12 06:34:21.052210,AS6146,HUMR,ok,0.0074,0.14,489.03,1,0
ID,dns_consistency,2024-04-12 10:56:46.281256,AS58945,COMT,ok,0.0788,1.7195,5.0,1,0
TR,web_connectivity,2024-04-12 15:19:11.510302,AS29606,COMT,confirmed,0.7317,0.2692,28.35,0,1
CN,web_connectivity,2024-04-12 19:41:36.739347,AS35011,HUMR,confirmed,0.4604,0.2113,22.98,1,1
DE,tcp_connect,2024-04-13 00:04:01.968393,AS33842,REL,ok,0.0616,0.1784,36.05,1,0
NG,web_connectivity,2024-04-13 04:26:27.197439,AS48048,NEWS,ok,0.0445,1.8415,218.69,1,0
IR,web_connectivity,2024-04-13 08:48:52.426485,AS13266,COMM,anomaly,0.6156,0.8554,20.11,0,1
MM,http_header_field_manipulation,2024-04-13 13:11:17.655531,AS25983,HUMR,confirmed,0.8971,0.4646,,0,1
CN,dns_consistency,2024-04-13 17:33:42.884576,AS48048,COMT,ok,0.0393,0.0523,5.0,1,0
RU,http_header_field_manipulation,2024-04-13 21:56:08.113622,AS34008,COMT,confirmed,0.636,0.1312,15.54,1,1
US,web_connectivity,2024-04-14 02:18:33.342668,AS32671,LGBT,ok,0.0332,0.4867,169.06,1,1
IR,web_connectivity,2024-04-14 06:40:58.571714,AS41369,COMT,anomaly,0.6083,0.1461,5.0,0,0
VN,dns_consistency,2024-04-14 11:03:23.800760,AS4899,ANON,ok,0.065,0.4444,260.07,1,0
IR,vanilla_tor,2024-04-14 15:25:49.029805,AS52615,REL,anomaly,0.8405,0.3242,5.0,0,0
MM,web_connectivity,2024-04-14 19:48:14.258851,AS22895,NEWS,ok,0.0584,0.8046,64.85,1,0
DE,http_header_field_manipulation,2024-04-15 00:10:39.487897,AS8640,ANON,ok,0.0542,1.2634,35.65,1,0
BR,web_connectivity,2024-04-15 04:33:04.716943,AS41369,REL,ok,0.0599,1.1108,273.38,1,0
IR,web_connectivity,2024-04-15 08:55:29.945989,AS50319,SRCH,anomaly,0.4901,0.8043,128.02,1,1
IR,web_connectivity,2024-04-15 13:17:55.175035,AS51947,LGBT,ok,0.0419,0.7758,14.08,1,1
NG,whatsapp,2024-04-15 17:40:20.404080,AS9939,NEWS,ok,0.0884,0.9606,316.35,1,1
CN,web_connectivity,2024-04-15 22:02:45.633126,AS4099,ECON,anomaly,0.2557,1.3411,340.64,0,1
IN,web_connectivity,2024-04-16 02:25:10.862172,AS44761,SRCH,ok,0.0206,0.0116,103.07,1,0
DE,tcp_connect,2024-04-16 06:47:36.091218,AS58842,COMM,ok,0.1652,0.551,48.34,1,0
CN,web_connectivity,2024-04-16 11:10:01.320264,AS51947,COMM,anomaly,0.6853,0.7811,11.39,0,1
MM,web_connectivity,2024-04-16 15:32:26.549309,AS49977,REL,ok,0.213,1.2723,5.0,1,0
TH,web_connectivity,2024-04-16 19:54:51.778355,AS20553,LGBT,ok,0.058,0.0178,254.03,1,0
DE,facebook_messenger,2024-04-17 00:17:17.007401,AS2175,LGBT,ok,0.2612,0.9813,13.61,1,0
UZ,web_connectivity,2024-04-17 04:39:42.236447,AS15061,ANON,ok,0.0272,0.0169,,1,0
KZ,vanilla_tor,2024-04-17 09:02:07.465493,AS25983,REL,ok,0.0264,1.1063,49.62,1,0
IR,web_connectivity,2024-04-17 13:24:32.694538,AS15061,HUMR,anomaly,0.7895,1.5566,44.44,1,1
IR,web_connectivity,2024-04-17 17:46:57.923584,AS59099,LGBT,ok,0.0185,0.7716,188.35,1,0
DE,telegram,2024-04-17 22:09:23.152630,AS25581,REL,ok,0.0863,0.7042,64.51,1,0
US,dns_consistency,2024-04-18 02:31:48.381676,AS10526,SRCH,ok,0.1379,0.3406,13.48,0,0
TR,web_connectivity,2024-04-18 06:54:13.610722,AS15631,SRCH,ok,0.0922,0.3284,9.03,1,0
TR,dns_consistency,2024-04-18 11:16:38.839767,AS4899,COMM,ok,0.115,1.2741,44.65,1,0
DE,web_connectivity,2024-04-18 15:39:04.068813,AS17131,ANON,ok,0.0581,0.12,388.14,1,0
VN,http_header_field_manipulation,2024-04-18 20:01:29.297859,AS55961,LGBT,failure,0.8749,0.0002,182.72,1,1
RU,http_header_field_manipulation,2024-04-19 00:23:54.526905,AS18345,POLR,failure,0.6703,0.5006,36.85,0,1
EG,web_connectivity,2024-04-19 04:46:19.755951,AS25983,HUMR,ok,0.1109,0.7261,33.46,1,0
UZ,telegram,2024-04-19 09:08:44.984997,AS22895,COMM,ok,,2.3828,10.88,1,0
PK,dns_consistency,2024-04-19 13:31:10.214042,AS41369,ANON,ok,0.1058,0.6909,130.35,1,0
CN,web_connectivity,2024-04-19 17:53:35.443088,AS4899,NEWS,ok,0.17,0.723,270.06,1,0
RU,web_connectivity,2024-04-19 22:16:00.672134,AS2072,LGBT,ok,0.0083,0.1197,394.81,1,0
US,whatsapp,2024-04-20 02:38:25.901180,AS23227,REL,ok,0.0302,0.7965,32.84,1,0
ID,web_connectivity,2024-04-20 07:00:51.130226,AS42772,COMT,ok,0.1775,2.4288,204.79,1,0
MM,dns_consistency,2024-04-20 11:23:16.359271,AS22453,COMM,ok,0.1867,1.6594,17.14,1,0
BR,facebook_messenger,2024-04-20 15:45:41.588317,AS8640,ANON,ok,0.0792,0.7,89.79,1,1
IR,http_header_field_manipulation,2024-04-20 20:08:06.817363,AS10526,NEWS,ok,0.0743,0.9199,41.53,1,0
EG,http_header_field_manipulation,2024-04-21 00:30:32.046409,AS49977,ANON,failure,0.9089,1.6383,99.48,0,0
MM,web_connectivity,2024-04-21 04:52:57.275455,AS28910,COMT,ok,0.1159,0.357,56.69,1,0
TH,http_header_field_manipulation,2024-04-21 09:15:22.504500,AS35011,LGBT,ok,0.0175,0.0721,63.97,1,0
NG,web_connectivity,2024-04-21 13:37:47.733546,AS23227,ANON,ok,0.2263,1.1444,100.35,1,0
US,telegram,2024-04-21 18:00:12.962592,AS55961,COMT,ok,0.1751,0.6299,544.05,1,0
NG,web_connectivity,2024-04-21 22:22:38.191638,AS55374,ANON,ok,0.0721,0.855,7.5,1,0
TH,web_connectivity,2024-04-22 02:45:03.420684,AS49724,LGBT,ok,0.1486,0.2567,162.78,1,0
NG,web_connectivity,2024-04-22 07:07:28.649729,AS55874,LGBT,ok,0.0651,1.7974,61.82,1,0
CN,web_connectivity,2024-04-22 11:29:53.878775,AS25294,SRCH,anomaly,0.4359,1.0508,29.65,1,1
NG,web_connectivity,2024-04-22 15:52:19.107821,AS25983,ECON,ok,0.0059,0.3965,25.21,1,0
AZ,whatsapp,2024-04-22 20:14:44.336867,AS17131,NEWS,ok,0.0924,1.1419,94.08,1,0
BR,telegram,2024-04-23 00:37:09.565913,AS23883,LGBT,ok,0.0167,0.1476,127.11,1,0
US,http_header_field_manipulation,2024-04-23 04:59:34.794959,AS7926,NEWS,ok,0.0342,0.1319,48.96,1,1
EG,web_connectivity,2024-04-23 09:22:00.024004,AS22895,SRCH,ok,0.0892,0.9645,,1,0
VN,web_connectivity,2024-04-23 13:44:25.253050,AS6970,COMT,confirmed,0.7688,0.0246,36.43,0,1
RU,facebook_messenger,2024-04-23 18:06:50.482096,AS55874,LGBT,anomaly,0.6227,0.5733,226.26,1,0
EG,web_connectivity,2024-04-23 22:29:15.711142,AS34008,COMT,ok,0.0067,1.2529,42.89,1,0
IN,dns_consistency,2024-04-24 02:51:40.940188,AS53867,HUMR,ok,0.2056,0.1748,219.21,1,1
TH,web_connectivity,2024-04-24 07:14:06.169233,AS58842,ANON,ok,0.0088,0.355,46.74,1,0
FR,vanilla_tor,2024-04-24 11:36:31.398279,AS55374,POLR,ok,0.0963,0.561,76.11,1,0
DE,web_connectivity,2024-04-24 15:58:56.627325,AS36237,COMM,ok,0.0158,0.241,191.69,1,0
ID,web_connectivity,2024-04-24 20:21:21.856371,AS49724,REL,ok,0.1761,0.4673,5.0,1,0
TR,http_header_field_manipulation,2024-04-25 00:43:47.085417,AS4263,NEWS,anomaly,0.5234,0.4145,7.27,1,1
VN,web_connectivity,2024-04-25 05:06:12.314462,AS33842,COMT,confirmed,0.2871,0.1917,378.48,1,0
RU,http_header_field_manipulation,2024-04-25 09:28:37.543508,AS23883,LGBT,ok,0.0913,1.0883,33.07,1,0
IR,web_connectivity,2024-04-25 13:51:02.772554,AS50319,ECON,confirmed,0.5184,0.3653,258.05,1,0
AZ,dns_consistency,2024-04-25 18:13:28.001600,AS57909,ANON,ok,0.1525,1.6276,61.76,1,0
KZ,web_connectivity,2024-04-25 22:35:53.230646,AS8640,NEWS,ok,0.1009,0.2249,33.39,1,0
US,dns_consistency,2024-04-26 02:58:18.459691,AS58569,ANON,ok,0.0635,1.684,88.74,1,0
TR,whatsapp,2024-04-26 07:20:43.688737,AS28910,REL,ok,0.0116,0.1829,78.86,1,0
DE,facebook_messenger,2024-04-26 11:43:08.917783,AS2072,COMT,ok,0.0331,0.621,5.0,1,0
AZ,tcp_connect,2024-04-26 16:05:34.146829,AS55961,COMT,ok,,1.0373,178.52,1,0
CN,tcp_connect,2024-04-26 20:27:59.375875,AS50368,SRCH,ok,0.2445,0.226,13.79,1,0
TR,dns_consistency,2024-04-27 00:50:24.604920,AS15539,REL,ok,0.1002,1.6883,17.33,1,0
MM,web_connectivity,2024-04-27 05:12:49.833966,AS40389,LGBT,ok,0.1496,0.1042,116.52,1,0
TH,http_header_field_manipulation,2024-04-27 09:35:15.063012,AS39530,SRCH,confirmed,0.5988,0.0557,222.28,0,1
RU,web_connectivity,2024-04-27 13:57:40.292058,AS46987,POLR,anomaly,0.4787,1.0618,87.62,0,0
MM,web_connectivity,2024-04-27 18:20:05.521104,AS28647,HUMR,confirmed,0.5867,0.5433,14.2,1,1
NG,http_header_field_manipulation,2024-04-27 22:42:30.750150,AS22453,REL,ok,0.0202,1.7903,66.49,1,0
CN,http_header_field_manipulation,2024-04-28 03:04:55.979195,AS55961,ANON,ok,0.0863,0.7297,173.44,1,0
PK,web_connectivity,2024-04-28 07:27:21.208241,AS11241,HUMR,ok,0.1569,0.45,30.75,1,0
EG,tcp_connect,2024-04-28 11:49:46.437287,AS55374,ANON,ok,0.1823,1.0402,104.55,1,0
IR,telegram,2024-04-28 16:12:11.666333,AS8640,SRCH,anomaly,0.7727,0.7762,51.53,1,1
US,dns_consistency,2024-04-28 20:34:36.895379,AS54883,COMT,ok,0.1191,0.4156,390.96,1,0
PK,http_header_field_manipulation,2024-04-29 00:57:02.124424,AS58945,ANON,ok,0.1371,0.6026,81.2,1,0
CN,web_connectivity,2024-04-29 05:19:27.353470,AS41628,HUMR,anomaly,0.7881,0.1459,240.83,0,1
DE,facebook_messenger,2024-04-29 09:41:52.582516,AS58569,COMM,ok,0.0065,1.5833,35.03,1,0
IR,web_connectivity,2024-04-29 14:04:17.811562,AS49977,ANON,confirmed,0.5502,0.0554,192.77,1,1
TR,whatsapp,2024-04-29 18:26:43.040608,AS15539,HUMR,ok,0.1774,0.2571,45.3,1,0
CN,telegram,2024-04-29 22:49:08.269653,AS58842,SRCH,anomaly,0.9441,1.3711,8.53,0,1
US,http_header_field_manipulation,2024-04-30 03:11:33.498699,AS7926,COMM,ok,0.2081,0.0275,27.13,1,0
IR,tcp_connect,2024-04-30 07:33:58.727745,AS35011,COMT,ok,0.0675,1.6134,84.24,1,0
IN,dns_consistency,2024-04-30 11:56:23.956791,AS41085,POLR,anomaly,0.7053,1.356,94.59,0,0
CN,telegram,2024-04-30 16:18:49.185837,AS29338,LGBT,ok,0.0763,2.0679,26.11,1,0
PK,tcp_connect,2024-04-30 20:41:14.414882,AS49977,SRCH,ok,0.1407,0.6546,5.0,1,0
VN,web_connectivity,2024-05-01 01:03:39.643928,AS33842,POLR,anomaly,0.4161,0.6214,144.23,1,0
RU,web_connectivity,2024-05-01 05:26:04.872974,AS29338,SRCH,ok,0.048,2.122,138.75,1,0
ID,dns_consistency,2024-05-01 09:48:30.102020,AS38379,REL,anomaly,0.3443,0.4979,49.38,1,1
PK,whatsapp,2024-05-01 14:10:55.331066,AS1588,ANON,ok,0.1212,0.1717,122.22,1,0
NG,whatsapp,2024-05-01 18:33:20.560112,AS34008,HUMR,ok,0.0119,0.1509,249.81,1,0
DE,whatsapp,2024-05-01 22:55:45.789157,AS4899,ECON,ok,0.1681,1.2774,76.52,1,0
IR,web_connectivity,2024-05-02 03:18:11.018203,AS8640,HUMR,confirmed,0.5411,0.9854,136.89,1,1
ID,web_connectivity,2024-05-02 07:40:36.247249,AS36237,COMM,ok,0.1393,0.067,218.98,1,0
RU,http_header_field_manipulation,2024-05-02 12:03:01.476295,AS25983,LGBT,confirmed,,0.3443,47.69,0,0
VN,http_header_field_manipulation,2024-05-02 16:25:26.705341,AS52615,REL,ok,0.0057,0.4152,8.05,1,0
US,web_connectivity,2024-05-02 20:47:51.934386,AS52615,REL,ok,0.1472,0.0509,5.0,1,0
KZ,http_header_field_manipulation,2024-05-03 01:10:17.163432,AS13761,SRCH,ok,0.0411,1.3469,161.8,1,0
IN,dns_consistency,2024-05-03 05:32:42.392478,AS29606,ECON,confirmed,0.7255,0.1672,75.96,1,1
US,dns_consistency,2024-05-03 09:55:07.621524,AS19698,ANON,ok,0.0894,0.1788,13.03,1,0
PK,http_header_field_manipulation,2024-05-03 14:17:32.850570,AS57909,COMM,ok,0.1556,1.4952,5.0,1,0
RU,http_header_field_manipulation,2024-05-03 18:39:58.079615,AS49724,ANON,confirmed,,0.3664,42.02,1,1
RU,web_connectivity,2024-05-03 23:02:23.308661,AS23883,REL,confirmed,0.7818,0.1001,54.42,0,1
CN,whatsapp,2024-05-04 03:24:48.537707,AS25983,REL,anomaly,0.6115,0.1425,414.21,0,0
IR,web_connectivity,2024-05-04 07:47:13.766753,AS8947,COMM,ok,0.0005,0.6054,17.13,1,1
RU,tcp_connect,2024-05-04 12:09:38.995799,AS7926,LGBT,ok,0.3109,0.7952,,1,0
NG,web_connectivity,2024-05-04 16:32:04.224844,AS23227,NEWS,ok,0.0406,0.2744,388.48,1,0
MM,http_header_field_manipulation,2024-05-04 20:54:29.453890,AS42135,LGBT,ok,0.0308,0.4903,5.0,1,0
ID,telegram,2024-05-05 01:16:54.682936,AS15539,POLR,anomaly,0.7322,0.1552,204.33,0,1
DE,web_connectivity,2024-05-05 05:39:19.911982,AS20634,NEWS,ok,0.1963,1.7132,210.99,1,0
CN,facebook_messenger,2024-05-05 10:01:45.141028,AS23883,ECON,confirmed,0.3294,0.0878,27.05,0,1
AZ,web_connectivity,2024-05-05 14:24:10.370074,AS19111,LGBT,confirmed,0.3712,0.874,42.54,0,0
BY,web_connectivity,2024-05-05 18:46:35.599119,AS58653,COMM,anomaly,0.0539,0.7925,330.23,0,0
NG,whatsapp,2024-05-05 23:09:00.828165,AS29606,HUMR,ok,0.0171,0.4532,140.96,1,0
CN,http_header_field_manipulation,2024-05-06 03:31:26.057211,AS22895,COMM,anomaly,0.8988,1.1157,246.3,0,1
KZ,web_connectivity,2024-05-06 07:53:51.286257,AS50368,SRCH,anomaly,0.6584,0.3543,221.29,1,0
IR,telegram,2024-05-06 12:16:16.515303,AS4099,REL,ok,0.1391,1.3981,96.1,1,0
RU,http_header_field_manipulation,2024-05-06 16:38:41.744348,AS51947,HUMR,anomaly,0.7116,0.3313,5.0,0,1
MM,web_connectivity,2024-05-06 21:01:06.973394,AS4263,SRCH,ok,0.0915,0.0439,81.01,1,0
BR,whatsapp,2024-05-07 01:23:32.202440,AS35044,SRCH,ok,0.4436,0.2226,31.32,1,0
CN,dns_consistency,2024-05-07 05:45:57.431486,AS45204,SRCH,confirmed,0.68,0.4681,58.25,1,0
VN,web_connectivity,2024-05-07 10:08:22.660532,AS32671,POLR,ok,0.1205,0.6887,21.44,1,0
PK,whatsapp,2024-05-07 14:30:47.889577,AS20553,SRCH,confirmed,0.507,0.7266,42.3,0,1
BY,tcp_connect,2024-05-07 18:53:13.118623,AS20553,REL,anomaly,0.9092,0.4565,17.31,0,1
TR,http_header_field_manipulation,2024-05-07 23:15:38.347669,AS2182,POLR,ok,0.0742,0.5,70.8,1,0
RU,telegram,2024-05-08 03:38:03.576715,AS41369,HUMR,ok,0.2224,0.0314,12.41,1,0
US,whatsapp,2024-05-08 08:00:28.805761,AS18345,COMT,ok,0.1153,0.9402,25.86,1,0
AZ,web_connectivity,2024-05-08 12:22:54.034806,AS11241,POLR,ok,0.1974,0.5174,27.68,1,0
CN,whatsapp,2024-05-08 16:45:19.263852,AS13761,ANON,confirmed,0.2974,0.1837,26.18,0,1
IN,web_connectivity,2024-05-08 21:07:44.492898,AS55874,ANON,ok,0.0096,0.1572,359.99,1,0
CN,web_connectivity,2024-05-09 01:30:09.721944,AS4263,HUMR,anomaly,0.6429,2.8205,43.23,1,1
RU,facebook_messenger,2024-05-09 05:52:34.950990,AS58842,HUMR,confirmed,0.3706,0.0798,91.59,1,1
KZ,tcp_connect,2024-05-09 10:15:00.180036,AS41369,SRCH,ok,0.347,0.8703,11.44,1,1
IR,web_connectivity,2024-05-09 14:37:25.409081,AS6146,HUMR,anomaly,0.6673,0.6074,177.38,0,0
PK,http_header_field_manipulation,2024-05-09 18:59:50.638127,AS29338,SRCH,ok,,0.0186,133.39,1,0
TR,dns_consistency,2024-05-09 23:22:15.867173,AS2072,COMM,ok,0.0051,0.4539,208.56,1,0
CN,web_connectivity,2024-05-10 03:44:41.096219,AS50368,LGBT,confirmed,0.6279,0.0355,15.71,0,1
TH,whatsapp,2024-05-10 08:07:06.325265,AS15061,ECON,ok,0.1313,1.3591,46.41,1,0
VN,whatsapp,2024-05-10 12:29:31.554310,AS13266,LGBT,ok,0.1521,0.8406,50.6,1,1
VN,tcp_connect,2024-05-10 16:51:56.783356,AS24775,POLR,ok,0.1286,0.1147,147.28,1,0
PK,dns_consistency,2024-05-10 21:14:22.012402,AS22895,NEWS,ok,0.0409,0.7906,132.0,1,0
TR,web_connectivity,2024-05-11 01:36:47.241448,AS42772,LGBT,anomaly,0.5659,1.5742,465.1,0,0
BR,whatsapp,2024-05-11 05:59:12.470494,AS41628,POLR,ok,0.3377,1.2022,284.78,1,0
CN,web_connectivity,2024-05-11 10:21:37.699539,AS51222,COMT,anomaly,0.7554,0.6107,340.68,1,1
BY,web_connectivity,2024-05-11 14:44:02.928585,AS55961,ANON,ok,0.0861,0.5963,115.46,1,0
BR,vanilla_tor,2024-05-11 19:06:28.157631,AS52965,COMM,ok,0.0174,0.5671,10.8,1,0
CN,whatsapp,2024-05-11 23:28:53.386677,AS32635,POLR,ok,0.009,0.5267,336.84,1,0
KZ,http_header_field_manipulation,2024-05-12 03:51:18.615723,AS11241,POLR,ok,0.0122,0.8855,262.08,1,0
BR,web_connectivity,2024-05-12 08:13:43.844768,AS38379,SRCH,ok,0.1466,0.4247,66.28,1,0
US,web_connectivity,2024-05-12 12:36:09.073814,AS4099,ECON,ok,0.1191,1.0786,116.48,1,0
RU,dns_consistency,2024-05-12 16:58:34.302860,AS49724,LGBT,anomaly,0.4569,1.4057,14.02,0,0
KZ,http_header_field_manipulation,2024-05-12 21:20:59.531906,AS25581,COMT,ok,0.0531,0.6048,84.73,1,0
ID,http_header_field_manipulation,2024-05-13 01:43:24.760952,AS1588,POLR,anomaly,,1.75,184.06,1,1
BR,tcp_connect,2024-05-13 06:05:49.989998,AS38379,ANON,ok,0.2904,0.644,448.72,1,0
DE,dns_consistency,2024-05-13 10:28:15.219043,AS8947,NEWS,ok,0.0689,0.4478,65.92,1,0
TR,http_header_field_manipulation,2024-05-13 14:50:40.448089,AS51947,NEWS,ok,0.067,1.0826,55.47,1,0
CN,tcp_connect,2024-05-13 19:13:05.677135,AS32635,COMT,failure,0.9489,0.886,1113.63,1,0
BR,http_header_field_manipulation,2024-05-13 23:35:30.906181,AS58653,COMM,ok,0.0459,0.3607,238.5,1,1
IR,facebook_messenger,2024-05-14 03:57:56.135227,AS40389,NEWS,ok,0.002,0.1071,131.15,1,0
UZ,whatsapp,2024-05-14 08:20:21.364272,AS49977,SRCH,anomaly,0.899,1.6234,103.0,1,0
IR,web_connectivity,2024-05-14 12:42:46.593318,AS32635,HUMR,confirmed,0.3533,0.4405,272.18,0,1
PK,facebook_messenger,2024-05-14 17:05:11.822364,AS47656,NEWS,anomaly,0.7153,0.047,135.03,0,0
TR,web_connectivity,2024-05-14 21:27:37.051410,AS17131,ECON,confirmed,0.7699,0.2153,,1,0
CN,vanilla_tor,2024-05-15 01:50:02.280456,AS1588,ANON,anomaly,0.6537,1.6498,426.05,1,1
BR,http_header_field_manipulation,2024-05-15 06:12:27.509501,AS10526,ANON,anomaly,0.662,1.4109,144.32,0,1
PK,http_header_field_manipulation,2024-05-15 10:34:52.738547,AS55374,HUMR,ok,0.0263,1.2225,47.57,1,1
EG,web_connectivity,2024-05-15 14:57:17.967593,AS2592,ANON,confirmed,0.6017,0.0135,8.54,1,1
CN,web_connectivity,2024-05-15 19:19:43.196639,AS11241,COMM,anomaly,0.8234,0.5154,11.25,0,1
TR,web_connectivity,2024-05-15 23:42:08.425685,AS15539,LGBT,ok,0.1809,2.0611,420.44,1,0
AZ,whatsapp,2024-05-16 04:04:33.654730,AS19698,HUMR,anomaly,0.6552,0.5058,215.88,0,0
EG,web_connectivity,2024-05-16 08:26:58.883776,AS25294,ANON,ok,0.0053,0.2868,11.06,1,0
EG,dns_consistency,2024-05-16 12:49:24.112822,AS36237,SRCH,ok,0.0355,0.6284,154.59,1,0
CN,telegram,2024-05-16 17:11:49.341868,AS33842,COMT,ok,0.1822,0.2868,42.91,1,0
MM,web_connectivity,2024-05-16 21:34:14.570914,AS55874,REL,ok,0.0194,0.1228,61.77,1,0
TR,tcp_connect,2024-05-17 01:56:39.799960,AS25581,ECON,anomaly,0.4097,0.3556,71.31,0,1
IN,dns_consistency,2024-05-17 06:19:05.029005,AS23227,COMT,ok,0.005,0.6909,279.39,1,0
TR,web_connectivity,2024-05-17 10:41:30.258051,AS8947,COMM,failure,0.6003,0.0851,21.61,0,1
IR,whatsapp,2024-05-17 15:03:55.487097,AS50368,REL,anomaly,0.7253,0.4022,8.48,0,0
IN,http_header_field_manipulation,2024-05-17 19:26:20.716143,AS51222,REL,ok,0.3474,0.6958,215.92,1,0
RU,web_connectivity,2024-05-17 23:48:45.945189,AS52615,SRCH,failure,0.6539,0.2619,3443.77,1,1
DE,dns_consistency,2024-05-18 04:11:11.174234,AS2175,POLR,ok,0.2913,0.8008,151.92,1,0
EG,whatsapp,2024-05-18 08:33:36.403280,AS53867,COMT,ok,0.1061,1.1967,191.84,1,0
ID,web_connectivity,2024-05-18 12:56:01.632326,AS2182,POLR,ok,0.0606,0.8736,79.53,0,1
RU,web_connectivity,2024-05-18 17:18:26.861372,AS45204,NEWS,confirmed,0.8439,0.544,72.46,1,1
TR,tcp_connect,2024-05-18 21:40:52.090418,AS32635,LGBT,anomaly,0.5783,0.3023,34.47,0,0
US,whatsapp,2024-05-19 02:03:17.319463,AS20553,REL,ok,0.0679,1.181,5.0,1,0
IR,tcp_connect,2024-05-19 06:25:42.548509,AS15061,COMT,ok,0.0638,0.883,58.04,1,0
IR,web_connectivity,2024-05-19 10:48:07.777555,AS55374,SRCH,confirmed,0.3795,0.1,391.79,0,1
DE,dns_consistency,2024-05-19 15:10:33.006601,AS7926,POLR,ok,0.0714,1.3049,141.67,0,0
BR,tcp_connect,2024-05-19 19:32:58.235647,AS51222,POLR,ok,0.0094,1.9622,256.55,1,0
BY,web_connectivity,2024-05-19 23:55:23.464692,AS55374,COMM,anomaly,0.5288,1.0478,41.31,0,1
FR,dns_consistency,2024-05-20 04:17:48.693738,AS35011,ANON,ok,0.1156,0.0097,83.79,1,0
PK,tcp_connect,2024-05-20 08:40:13.922784,AS38379,POLR,ok,0.1837,1.1986,143.83,1,0
CN,whatsapp,2024-05-20 13:02:39.151830,AS41628,NEWS,anomaly,0.6632,0.3797,51.99,0,0
PK,web_connectivity,2024-05-20 17:25:04.380876,AS55961,REL,anomaly,0.6991,0.399,21.37,0,1
US,web_connectivity,2024-05-20 21:47:29.609921,AS40389,ANON,ok,0.0394,0.3399,89.04,1,0
DE,dns_consistency,2024-05-21 02:09:54.838967,AS41085,COMM,confirmed,0.2056,0.6311,161.73,0,1
TH,http_header_field_manipulation,2024-05-21 06:32:20.068013,AS2072,ECON,confirmed,0.307,0.554,60.05,0,1
EG,tcp_connect,2024-05-21 10:54:45.297059,AS41085,REL,ok,0.1146,0.3582,251.6,1,0
VN,web_connectivity,2024-05-21 15:17:10.526105,AS18345,LGBT,anomaly,0.873,1.0057,72.74,0,1
RU,web_connectivity,2024-05-21 19:39:35.755151,AS52615,ANON,anomaly,0.8127,0.2021,115.17,1,1
AZ,http_header_field_manipulation,2024-05-22 00:02:00.984196,AS48048,POLR,ok,0.2113,0.1322,48.69,1,0
MM,telegram,2024-05-22 04:24:26.213242,AS15631,COMM,ok,0.0628,0.2237,25.1,1,0
TR,tcp_connect,2024-05-22 08:46:51.442288,AS15539,NEWS,ok,0.0242,0.6743,5.0,1,0
TR,http_header_field_manipulation,2024-05-22 13:09:16.671334,AS17131,COMT,ok,0.0392,1.6391,14.88,1,0
RU,facebook_messenger,2024-05-22 17:31:41.900380,AS32635,POLR,ok,0.1428,1.1625,436.03,1,0
RU,web_connectivity,2024-05-22 21:54:07.129425,AS4099,LGBT,ok,0.066,1.1897,83.83,1,0
VN,dns_consistency,2024-05-23 02:16:32.358471,AS52965,ECON,ok,0.1036,0.3862,9.32,1,0
IR,web_connectivity,2024-05-23 06:38:57.587517,AS59099,LGBT,anomaly,0.7543,0.5811,54.87,1,0
UZ,facebook_messenger,2024-05-23 11:01:22.816563,AS32635,COMM,confirmed,0.1949,0.0754,116.16,1,1
BY,dns_consistency,2024-05-23 15:23:48.045609,AS20634,COMM,ok,0.0322,0.5215,253.91,1,0
TR,web_connectivity,2024-05-23 19:46:13.274654,AS41628,LGBT,confirmed,0.2759,0.0139,23.71,0,1
IN,web_connectivity,2024-05-24 00:08:38.503700,AS15631,SRCH,ok,0.0166,0.0129,35.15,1,0
TR,web_connectivity,2024-05-24 04:31:03.732746,AS20634,COMT,ok,0.0722,0.5975,5.0,1,0
RU,web_connectivity,2024-05-24 08:53:28.961792,AS6970,ECON,ok,0.046,0.5791,55.76,1,0
RU,web_connectivity,2024-05-24 13:15:54.190838,AS55374,LGBT,confirmed,0.5797,0.0677,149.54,0,1
DE,facebook_messenger,2024-05-24 17:38:19.419883,AS33842,NEWS,ok,0.0754,2.0311,195.47,1,1
TH,web_connectivity,2024-05-24 22:00:44.648929,AS52615,COMM,anomaly,0.4531,0.2012,34.04,0,1
UZ,dns_consistency,2024-05-25 02:23:09.877975,AS18345,HUMR,ok,0.2779,1.1863,14.34,1,0
MM,web_connectivity,2024-05-25 06:45:35.107021,AS44761,POLR,ok,0.019,0.7756,533.84,1,0
NG,tcp_connect,2024-05-25 11:08:00.336067,AS29606,COMT,ok,0.1741,0.5035,5.0,1,1
AZ,dns_consistency,2024-05-25 15:30:25.565113,AS55374,HUMR,failure,0.5216,0.7947,955.11,1,0
US,web_connectivity,2024-05-25 19:52:50.794158,AS4099,HUMR,ok,0.0849,0.4401,189.4,1,0
IR,whatsapp,2024-05-26 00:15:16.023204,AS4263,LGBT,failure,0.9193,1.1699,1136.61,1,1
VN,tcp_connect,2024-05-26 04:37:41.252250,AS13761,SRCH,ok,0.0269,1.4526,134.2,1,0
UZ,facebook_messenger,2024-05-26 09:00:06.481296,AS10526,ECON,anomaly,0.7751,0.0446,57.32,1,0
RU,web_connectivity,2024-05-26 13:22:31.710342,AS40389,HUMR,anomaly,0.7562,0.829,5.0,0,1
CN,dns_consistency,2024-05-26 17:44:56.939387,AS6970,REL,confirmed,0.75,0.4377,79.34,0,1
CN,vanilla_tor,2024-05-26 22:07:22.168433,AS39530,HUMR,confirmed,0.558,0.2015,97.52,0,1
RU,tcp_connect,2024-05-27 02:29:47.397479,AS59099,REL,ok,0.047,0.0241,142.01,0,0
CN,whatsapp,2024-05-27 06:52:12.626525,AS4899,COMM,confirmed,0.6396,0.1526,307.67,0,1
IN,http_header_field_manipulation,2024-05-27 11:14:37.855571,AS4899,POLR,anomaly,0.7461,1.296,86.32,1,0
TH,http_header_field_manipulation,2024-05-27 15:37:03.084616,AS58653,REL,ok,0.0936,0.3736,424.72,1,0
AZ,tcp_connect,2024-05-27 19:59:28.313662,AS59099,REL,confirmed,0.6233,0.597,19.87,0,1
TH,web_connectivity,2024-05-28 00:21:53.542708,AS1588,SRCH,ok,0.3732,1.2528,47.24,1,0
IR,http_header_field_manipulation,2024-05-28 04:44:18.771754,AS18345,HUMR,ok,0.052,0.4224,27.16,1,0
RU,tcp_connect,2024-05-28 09:06:44.000800,AS4099,COMM,ok,0.1652,0.4864,9.19,1,0
IR,web_connectivity,2024-05-28 13:29:09.229845,AS2182,LGBT,confirmed,0.3341,0.0356,55.39,1,1
UZ,web_connectivity,2024-05-28 17:51:34.458891,AS25983,LGBT,ok,0.0266,0.559,111.07,1,0
IR,web_connectivity,2024-05-28 22:13:59.687937,AS9939,COMM,anomaly,0.7062,1.3969,31.35,0,1
BR,whatsapp,2024-05-29 02:36:24.916983,AS42135,ANON,ok,0.1288,1.3935,86.45,0,0
CN,tcp_connect,2024-05-29 06:58:50.146029,AS44761,NEWS,anomaly,0.6052,0.4752,66.89,1,0
RU,http_header_field_manipulation,2024-05-29 11:21:15.375075,AS25294,POLR,ok,0.0426,1.0027,8.65,1,0
RU,tcp_connect,2024-05-29 15:43:40.604120,AS25884,COMM,ok,0.0036,0.3646,29.05,1,0
EG,dns_consistency,2024-05-29 20:06:05.833166,AS25581,REL,ok,0.0186,0.681,68.92,1,0
IR,whatsapp,2024-05-30 00:28:31.062212,AS42135,REL,anomaly,0.2499,1.2484,93.63,1,0
CN,web_connectivity,2024-05-30 04:50:56.291258,AS24775,COMM,anomaly,0.5376,0.3944,226.42,0,1
IN,http_header_field_manipulation,2024-05-30 09:13:21.520304,AS52965,ANON,confirmed,0.8388,0.0442,51.96,0,1
VN,web_connectivity,2024-05-30 13:35:46.749349,AS57909,LGBT,anomaly,0.8433,0.4429,28.09,0,0
DE,web_connectivity,2024-05-30 17:58:11.978395,AS11241,REL,ok,0.0341,0.8614,164.31,1,0
TH,web_connectivity,2024-05-30 22:20:37.207441,AS6146,SRCH,ok,0.0638,0.1672,368.46,1,0
DE,dns_consistency,2024-05-31 02:43:02.436487,AS53867,ECON,ok,0.0607,0.5345,67.88,1,0
CN,whatsapp,2024-05-31 07:05:27.665533,AS32671,HUMR,anomaly,0.3518,0.4753,46.42,0,1
US,dns_consistency,2024-05-31 11:27:52.894578,AS13266,POLR,ok,0.0125,0.7146,50.5,1,0
DE,web_connectivity,2024-05-31 15:50:18.123624,AS2072,COMM,ok,0.0898,0.5369,25.43,1,0
MM,vanilla_tor,2024-05-31 20:12:43.352670,AS58653,LGBT,ok,0.2056,0.0771,68.39,1,0
TH,web_connectivity,2024-06-01 00:35:08.581716,AS23227,COMM,ok,0.0964,0.9328,115.98,1,0
BY,vanilla_tor,2024-06-01 04:57:33.810762,AS25884,ANON,failure,0.7271,1.2502,215.67,1,1
IN,telegram,2024-06-01 09:19:59.039807,AS59099,NEWS,ok,0.068,1.2701,26.02,1,0
CN,dns_consistency,2024-06-01 13:42:24.268853,AS49977,ECON,anomaly,0.8506,0.2827,39.05,0,1
UZ,web_connectivity,2024-06-01 18:04:49.497899,AS1588,POLR,ok,0.007,1.7311,115.61,1,0
IN,http_header_field_manipulation,2024-06-01 22:27:14.726945,AS4263,REL,ok,0.3293,1.6795,165.07,1,0
PK,whatsapp,2024-06-02 02:49:39.955991,AS2182,LGBT,ok,0.0672,1.4082,26.65,1,0
FR,web_connectivity,2024-06-02 07:12:05.185037,AS4099,ANON,ok,0.1416,0.0486,179.44,1,0
BR,web_connectivity,2024-06-02 11:34:30.414082,AS41085,HUMR,ok,0.0372,1.7299,274.43,1,0
DE,tcp_connect,2024-06-02 15:56:55.643128,AS32671,ECON,ok,0.0141,0.4928,78.4,1,0
VN,dns_consistency,2024-06-02 20:19:20.872174,AS41369,COMT,ok,0.0501,0.5987,287.17,1,0
CN,web_connectivity,2024-06-03 00:41:46.101220,AS19111,NEWS,ok,0.0124,0.7544,130.73,1,0
DE,facebook_messenger,2024-06-03 05:04:11.330266,AS26441,LGBT,ok,,0.4453,38.04,1,0
TR,facebook_messenger,2024-06-03 09:26:36.559311,AS24775,SRCH,ok,0.204,2.0668,5.0,1,0
IR,web_connectivity,2024-06-03 13:49:01.788357,AS52965,COMT,ok,0.0959,1.8663,,1,0
NG,web_connectivity,2024-06-03 18:11:27.017403,AS33842,LGBT,confirmed,0.7072,0.7765,33.46,0,0
BR,http_header_field_manipulation,2024-06-03 22:33:52.246449,AS25884,HUMR,ok,0.0299,0.1322,5.0,1,0
PK,web_connectivity,2024-06-04 02:56:17.475495,AS47656,LGBT,anomaly,0.649,0.2316,22.58,0,1
AZ,web_connectivity,2024-06-04 07:18:42.704540,AS42135,NEWS,ok,0.0743,0.4516,24.1,1,0
CN,telegram,2024-06-04 11:41:07.933586,AS8947,COMT,ok,0.252,0.039,257.99,1,0
PK,vanilla_tor,2024-06-04 16:03:33.162632,AS13266,REL,ok,0.0619,1.7822,135.79,1,0
IN,web_connectivity,2024-06-04 20:25:58.391678,AS52965,POLR,ok,0.254,0.6061,5.0,1,0
NG,tcp_connect,2024-06-05 00:48:23.620724,AS34008,COMT,ok,0.0536,1.1276,5.0,1,0
AZ,web_connectivity,2024-06-05 05:10:48.849769,AS39530,REL,ok,0.1296,3.1434,7.76,1,0
CN,web_connectivity,2024-06-05 09:33:14.078815,AS42772,COMT,anomaly,0.4041,1.5881,201.48,0,0
NG,web_connectivity,2024-06-05 13:55:39.307861,AS46987,HUMR,anomaly,0.3918,1.1551,185.23,0,1
DE,web_connectivity,2024-06-05 18:18:04.536907,AS59099,HUMR,ok,0.0557,1.3321,153.78,1,0
MM,dns_consistency,2024-06-05 22:40:29.765953,AS20553,ECON,ok,0.0057,1.2973,22.15,1,1
VN,tcp_connect,2024-06-06 03:02:54.994999,AS55374,LGBT,ok,0.0655,1.1626,524.07,1,0
PK,dns_consistency,2024-06-06 07:25:20.224044,AS2182,NEWS,ok,0.084,0.9942,235.19,1,0
TR,dns_consistency,2024-06-06 11:47:45.453090,AS51947,POLR,anomaly,0.8741,0.2118,152.01,0,1
EG,web_connectivity,2024-06-06 16:10:10.682136,AS13761,LGBT,failure,0.76,0.2167,721.49,0,0
NG,tcp_connect,2024-06-06 20:32:35.911182,AS20634,HUMR,ok,0.0016,0.8952,52.93,1,0
DE,web_connectivity,2024-06-07 00:55:01.140228,AS11241,COMM,ok,0.0042,0.1957,119.28,1,1
IN,web_connectivity,2024-06-07 05:17:26.369273,AS46987,ECON,ok,0.0897,0.2092,44.4,0,0
TR,web_connectivity,2024-06-07 09:39:51.598319,AS4263,POLR,anomaly,0.7783,0.982,113.94,0,1
RU,web_connectivity,2024-06-07 14:02:16.827365,AS6970,COMM,anomaly,0.9169,0.5762,55.92,1,1
IR,web_connectivity,2024-06-07 18:24:42.056411,AS4099,COMM,ok,0.2324,0.3317,391.12,1,0
RU,web_connectivity,2024-06-07 22:47:07.285457,AS4099,REL,anomaly,0.9058,1.4337,402.55,0,1
BY,tcp_connect,2024-06-08 03:09:32.514502,AS28910,LGBT,ok,0.1375,1.0537,5.0,1,0
AZ,telegram,2024-06-08 07:31:57.743548,AS32671,LGBT,ok,0.1752,0.7805,177.88,1,0
BY,web_connectivity,2024-06-08 11:54:22.972594,AS9939,NEWS,ok,0.0325,0.1569,5.0,1,0
MM,dns_consistency,2024-06-08 16:16:48.201640,AS41085,SRCH,confirmed,0.9717,0.1222,18.73,0,0
CN,dns_consistency,2024-06-08 20:39:13.430686,AS41628,SRCH,confirmed,0.8127,0.2151,60.87,0,1
US,vanilla_tor,2024-06-09 01:01:38.659731,AS8947,COMM,ok,0.0204,0.6708,136.42,1,0
KZ,web_connectivity,2024-06-09 05:24:03.888777,AS20553,REL,ok,0.0039,1.8566,336.48,1,0
PK,http_header_field_manipulation,2024-06-09 09:46:29.117823,AS34008,ECON,anomaly,0.6233,1.385,69.78,0,0
RU,web_connectivity,2024-06-09 14:08:54.346869,AS33842,ECON,confirmed,0.3986,0.5135,73.17,1,1
DE,dns_consistency,2024-06-09 18:31:19.575915,AS58945,ECON,ok,0.001,0.8536,57.78,1,0
RU,web_connectivity,2024-06-09 22:53:44.804961,AS6970,REL,failure,0.4742,0.397,236.24,0,1
TR,web_connectivity,2024-06-10 03:16:10.034006,AS13266,ANON,ok,0.1969,1.0928,69.42,1,0
DE,web_connectivity,2024-06-10 07:38:35.263052,AS28647,HUMR,ok,0.0202,0.5487,125.67,1,0
KZ,web_connectivity,2024-06-10 12:01:00.492098,AS22453,NEWS,ok,0.1857,0.0169,27.53,1,0
VN,web_connectivity,2024-06-10 16:23:25.721144,AS47656,HUMR,ok,0.0431,1.1872,,1,0
IN,http_header_field_manipulation,2024-06-10 20:45:50.950190,AS39530,HUMR,ok,0.172,0.2954,,1,0
US,http_header_field_manipulation,2024-06-11 01:08:16.179235,AS33842,NEWS,ok,0.0182,1.1882,,1,0
MM,dns_consistency,2024-06-11 05:30:41.408281,AS13266,COMT,ok,0.2253,0.2131,73.39,1,0
TR,web_connectivity,2024-06-11 09:53:06.637327,AS25581,POLR,anomaly,,0.87,402.89,0,0
NG,web_connectivity,2024-06-11 14:15:31.866373,AS17131,ECON,ok,0.3514,0.4657,77.36,1,0
CN,whatsapp,2024-06-11 18:37:57.095419,AS28910,ECON,anomaly,0.5002,0.0384,73.52,0,1
DE,web_connectivity,2024-06-11 23:00:22.324464,AS50319,COMT,ok,0.1283,1.0136,12.79,1,0
RU,telegram,2024-06-12 03:22:47.553510,AS25294,SRCH,ok,0.1738,1.6182,,1,0
AZ,whatsapp,2024-06-12 07:45:12.782556,AS2182,NEWS,ok,0.082,0.012,11.18,1,0
RU,web_connectivity,2024-06-12 12:07:38.011602,AS8640,COMM,ok,0.011,0.166,55.88,1,0
CN,telegram,2024-06-12 16:30:03.240648,AS28647,POLR,anomaly,0.5126,0.7514,241.24,1,1
TR,http_header_field_manipulation,2024-06-12 20:52:28.469693,AS55374,REL,ok,0.0735,0.9823,63.18,1,0
NG,http_header_field_manipulation,2024-06-13 01:14:53.698739,AS53867,REL,ok,0.344,0.0906,203.32,1,0
EG,whatsapp,2024-06-13 05:37:18.927785,AS25884,LGBT,ok,0.4908,1.2537,5.0,1,0
RU,web_connectivity,2024-06-13 09:59:44.156831,AS39530,HUMR,confirmed,0.8247,0.1629,5.0,1,1
RU,tcp_connect,2024-06-13 14:22:09.385877,AS50319,ECON,ok,,0.6291,166.46,1,0
MM,http_header_field_manipulation,2024-06-13 18:44:34.614922,AS24775,REL,ok,0.001,0.2061,178.97,0,0
EG,tcp_connect,2024-06-13 23:06:59.843968,AS4099,ANON,ok,0.1386,2.8134,99.13,1,0
BY,http_header_field_manipulation,2024-06-14 03:29:25.073014,AS48048,COMT,ok,0.0169,0.4331,337.5,1,0
VN,web_connectivity,2024-06-14 07:51:50.302060,AS51947,REL,ok,0.0238,0.1272,114.6,1,0
PK,web_connectivity,2024-06-14 12:14:15.531106,AS49977,NEWS,ok,0.1289,0.8749,131.26,1,0
IN,telegram,2024-06-14 16:36:40.760152,AS35011,POLR,ok,0.059,0.3443,37.21,1,0
BR,web_connectivity,2024-06-14 20:59:05.989197,AS7926,COMM,ok,0.2318,1.6196,95.18,1,0
MM,dns_consistency,2024-06-15 01:21:31.218243,AS1588,HUMR,ok,0.3102,2.0017,163.7,0,0
IR,web_connectivity,2024-06-15 05:43:56.447289,AS58842,LGBT,ok,0.0894,0.1672,95.72,1,0
IN,web_connectivity,2024-06-15 10:06:21.676335,AS49724,LGBT,ok,0.0305,1.0027,147.75,1,1
PK,web_connectivity,2024-06-15 14:28:46.905381,AS26441,COMM,ok,0.0229,0.4375,58.41,1,1
US,web_connectivity,2024-06-15 18:51:12.134426,AS22453,HUMR,ok,0.1097,2.3109,49.36,1,0
VN,dns_consistency,2024-06-15 23:13:37.363472,AS4899,COMT,ok,0.2084,1.809,23.2,1,0
TR,whatsapp,2024-06-16 03:36:02.592518,AS55961,COMT,ok,0.0365,0.2135,,1,0
RU,dns_consistency,2024-06-16 07:58:27.821564,AS25294,SRCH,anomaly,0.7745,0.1327,232.82,0,1
RU,http_header_field_manipulation,2024-06-16 12:20:53.050610,AS25884,LGBT,confirmed,0.4069,0.1494,56.85,0,0
TH,web_connectivity,2024-06-16 16:43:18.279655,AS9939,HUMR,ok,0.1511,0.1735,67.54,1,1
TH,whatsapp,2024-06-16 21:05:43.508701,AS47656,POLR,ok,0.0072,0.6544,310.68,1,0
CN,http_header_field_manipulation,2024-06-17 01:28:08.737747,AS25294,POLR,anomaly,0.4985,0.268,5.0,0,1
IR,web_connectivity,2024-06-17 05:50:33.966793,AS48048,POLR,anomaly,0.3509,2.0766,68.33,0,1
RU,dns_consistency,2024-06-17 10:12:59.195839,AS54883,LGBT,ok,0.2998,0.371,91.09,1,0
CN,whatsapp,2024-06-17 14:35:24.424884,AS7926,COMM,anomaly,0.7507,0.5822,33.67,1,0
TR,tcp_connect,2024-06-17 18:57:49.653930,AS55961,REL,ok,0.124,0.5111,176.3,1,1
CN,telegram,2024-06-17 23:20:14.882976,AS48048,ECON,ok,0.344,0.7579,26.89,1,0
MM,web_connectivity,2024-06-18 03:42:40.112022,AS52965,LGBT,ok,0.1508,0.1778,325.42,1,0
PK,facebook_messenger,2024-06-18 08:05:05.341068,AS28910,COMM,anomaly,0.4719,1.3599,5.0,0,1
RU,web_connectivity,2024-06-18 12:27:30.570114,AS50368,ECON,ok,0.0069,0.4893,241.31,1,0
VN,web_connectivity,2024-06-18 16:49:55.799159,AS18345,SRCH,ok,0.0187,0.8488,144.36,1,0
US,dns_consistency,2024-06-18 21:12:21.028205,AS15061,ECON,ok,0.2516,0.5008,101.13,1,0
IR,web_connectivity,2024-06-19 01:34:46.257251,AS25884,REL,failure,0.7089,1.0455,18.12,1,1
EG,http_header_field_manipulation,2024-06-19 05:57:11.486297,AS25581,COMT,anomaly,0.8843,0.0884,228.56,1,1
RU,telegram,2024-06-19 10:19:36.715343,AS25581,HUMR,ok,0.0291,1.5866,218.5,1,1
IR,telegram,2024-06-19 14:42:01.944388,AS50319,POLR,anomaly,0.7869,0.6856,43.31,1,1
IR,http_header_field_manipulation,2024-06-19 19:04:27.173434,AS7926,SRCH,anomaly,0.3802,1.4096,87.89,0,1
TH,dns_consistency,2024-06-19 23:26:52.402480,AS57909,ANON,ok,0.1911,0.6754,41.28,1,0
VN,vanilla_tor,2024-06-20 03:49:17.631526,AS8640,HUMR,anomaly,0.3441,0.5714,77.96,1,1
IN,dns_consistency,2024-06-20 08:11:42.860572,AS2072,HUMR,ok,0.1273,0.3727,105.37,1,0
BY,telegram,2024-06-20 12:34:08.089617,AS18345,ANON,confirmed,0.372,0.1703,15.76,0,0
CN,telegram,2024-06-20 16:56:33.318663,AS22895,ANON,confirmed,0.4358,0.0568,17.34,1,1
TH,web_connectivity,2024-06-20 21:18:58.547709,AS18345,NEWS,ok,0.1002,1.5231,201.96,0,0
VN,web_connectivity,2024-06-21 01:41:23.776755,AS23883,ECON,ok,0.073,3.3298,44.95,1,0
BR,web_connectivity,2024-06-21 06:03:49.005801,AS28910,POLR,ok,0.0031,0.0891,456.79,1,0
MM,whatsapp,2024-06-21 10:26:14.234846,AS15539,REL,ok,0.0471,0.5255,11.34,1,0
NG,whatsapp,2024-06-21 14:48:39.463892,AS49977,ECON,ok,0.0286,0.2061,352.11,1,1
KZ,http_header_field_manipulation,2024-06-21 19:11:04.692938,AS25294,POLR,ok,0.1383,1.1529,123.27,1,0
BY,web_connectivity,2024-06-21 23:33:29.921984,AS44761,SRCH,ok,0.1719,0.399,49.38,1,0
CN,web_connectivity,2024-06-22 03:55:55.151030,AS29606,SRCH,confirmed,0.3311,0.6325,47.05,0,1
CN,facebook_messenger,2024-06-22 08:18:20.380076,AS46987,HUMR,anomaly,0.8132,0.0228,375.67,0,1
RU,web_connectivity,2024-06-22 12:40:45.609121,AS54883,COMM,ok,0.2366,0.0316,16.68,1,0
CN,http_header_field_manipulation,2024-06-22 17:03:10.838167,AS4263,REL,confirmed,0.7195,0.7087,126.93,1,1
TR,telegram,2024-06-22 21:25:36.067213,AS29606,REL,anomaly,0.5113,0.8691,369.95,0,1
RU,whatsapp,2024-06-23 01:48:01.296259,AS34008,COMT,ok,0.0245,1.1476,37.42,1,0
TR,dns_consistency,2024-06-23 06:10:26.525305,AS24775,ANON,failure,0.6242,0.2172,195.66,1,0
PK,dns_consistency,2024-06-23 10:32:51.754350,AS41085,COMT,ok,0.1713,0.7412,5.0,1,0
BY,tcp_connect,2024-06-23 14:55:16.983396,AS50319,REL,confirmed,0.7177,0.0773,33.98,0,1
RU,web_connectivity,2024-06-23 19:17:42.212442,AS58653,NEWS,ok,0.2242,0.8415,111.36,1,1
RU,http_header_field_manipulation,2024-06-23 23:40:07.441488,AS23227,NEWS,anomaly,0.5268,0.8813,5.0,0,1
IR,web_connectivity,2024-06-24 04:02:32.670534,AS2072,ANON,anomaly,0.5489,0.3962,17.39,0,1
AZ,whatsapp,2024-06-24 08:24:57.899579,AS42135,COMM,failure,0.8382,0.5779,981.26,0,0
DE,vanilla_tor,2024-06-24 12:47:23.128625,AS8947,REL,ok,0.2605,0.5329,388.32,1,0
FR,facebook_messenger,2024-06-24 17:09:48.357671,AS2072,REL,ok,0.0442,1.4711,72.17,1,0
KZ,web_connectivity,2024-06-24 21:32:13.586717,AS44761,POLR,anomaly,0.4415,1.0098,51.54,1,0
KZ,dns_consistency,2024-06-25 01:54:38.815763,AS6970,NEWS,ok,0.0171,0.1542,5.0,1,0
IR,web_connectivity,2024-06-25 06:17:04.044808,AS2182,POLR,confirmed,0.7685,0.1765,106.05,0,1
DE,web_connectivity,2024-06-25 10:39:29.273854,AS35011,COMT,ok,0.08,0.0526,60.94,1,0
FR,dns_consistency,2024-06-25 15:01:54.502900,AS25294,COMM,ok,0.0138,0.7299,128.29,1,0
IR,tcp_connect,2024-06-25 19:24:19.731946,AS32671,ANON,confirmed,0.5338,0.1307,390.81,0,1
BR,web_connectivity,2024-06-25 23:46:44.960992,AS54883,ECON,ok,0.0563,0.1372,16.47,1,0
TR,web_connectivity,2024-06-26 04:09:10.190038,AS28647,REL,anomaly,,0.4905,149.2,0,1
IN,dns_consistency,2024-06-26 08:31:35.419083,AS23883,LGBT,ok,0.2491,0.4615,107.07,1,0
KZ,web_connectivity,2024-06-26 12:54:00.648129,AS20634,SRCH,ok,0.0909,1.4232,88.59,1,0
BR,web_connectivity,2024-06-26 17:16:25.877175,AS58653,ANON,ok,0.0629,0.7353,166.74,1,0
PK,dns_consistency,2024-06-26 21:38:51.106221,AS19111,SRCH,ok,0.1523,0.3628,39.09,1,0
VN,http_header_field_manipulation,2024-06-27 02:01:16.335267,AS58653,LGBT,ok,0.0059,2.2382,7.49,1,0
US,http_header_field_manipulation,2024-06-27 06:23:41.564312,AS52965,POLR,ok,0.0588,1.7846,24.21,1,0
MM,web_connectivity,2024-06-27 10:46:06.793358,AS23227,ANON,ok,0.3049,0.7035,73.02,1,0
FR,web_connectivity,2024-06-27 15:08:32.022404,AS6970,ANON,ok,0.5973,0.0506,,1,0
ID,web_connectivity,2024-06-27 19:30:57.251450,AS47656,HUMR,ok,0.3142,0.3402,106.75,1,0
MM,web_connectivity,2024-06-27 23:53:22.480496,AS55961,ECON,confirmed,0.5367,0.3156,40.34,1,0
DE,web_connectivity,2024-06-28 04:15:47.709541,AS4099,LGBT,anomaly,0.7531,0.9387,58.4,0,1
IR,tcp_connect,2024-06-28 08:38:12.938587,AS41369,POLR,confirmed,0.8043,0.5894,139.7,0,1
RU,web_connectivity,2024-06-28 13:00:38.167633,AS9939,COMM,ok,0.3508,0.2727,267.55,1,0
CN,web_connectivity,2024-06-28 17:23:03.396679,AS7926,ANON,confirmed,0.6679,0.0378,235.02,0,0
TR,web_connectivity,2024-06-28 21:45:28.625725,AS23227,SRCH,ok,0.1511,0.8201,109.95,1,0
IR,web_connectivity,2024-06-29 02:07:53.854770,AS2175,COMM,anomaly,0.5496,0.516,17.51,0,1
CN,web_connectivity,2024-06-29 06:30:19.083816,AS54883,HUMR,failure,0.8028,1.1964,816.77,0,1
RU,web_connectivity,2024-06-29 10:52:44.312862,AS35044,ECON,ok,0.0138,0.8161,310.56,0,0
US,web_connectivity,2024-06-29 15:15:09.541908,AS13266,LGBT,ok,0.0316,1.4732,304.94,1,0
IR,telegram,2024-06-29 19:37:34.770954,AS8640,SRCH,ok,0.0526,0.1947,100.84,1,0
PK,telegram,2024-06-30 00:00:00.000000,AS9939,POLR,ok,0.183,0.3193,231.85,1,0
